{"type":"FeatureCollection","attribution":"Local units from github.com/rgtstha/NEPAL-QUEST-DATA (community open data); slopes and trails © OpenStreetMap contributors, ODbL 1.0","method":"A place is a join, not a description. Names, population, area and website come from Nepal's 753-unit gazetteer; coordinates come from the documented slopes whose titles name the unit; hazard and trail figures come from this repository. No field here is prose, because prose about a place is the one thing that cannot be checked.","accuracy":"Positions are the MEAN OF DOCUMENTED SLOPES inside a unit, not town centres. A large rural municipality can be tens of kilometres across, so a point is a label position, not a location. Distances measured to these points inherit that error and are reported as approximate.","counts":{"places":277},"features":[{"type":"Feature","properties":{"name":"Tribeni","name_ne":"त्रिवेणी","kind":"municipality","district":"Bajura","province_ne":"सुदूरपश्चिम प्रदेश","population":18363,"area_km2":170.32,"website":"https://trivenimunbajura.gov.np/","slopes_documented":7,"susceptibility_median":0.155,"trails_mapped_within_10km":1932,"located_by":"the mean position of the documented slopes whose titles name this unit - not a surveyed town centre"},"geometry":{"type":"Point","coordinates":[83.74421,28.24383]}},{"type":"Feature","properties":{"name":"Madi","name_ne":"माडी","kind":"municipality","district":"Chitwan","province_ne":"बागमती प्रदेश","population":37683,"area_km2":218.24,"website":"https://www.maddimun.gov.np/en","slopes_documented":6,"susceptibility_median":0.133,"trails_mapped_within_10km":0,"located_by":"the mean position of the documented slopes whose titles name this unit - not a surveyed town centre"},"geometry":{"type":"Point","coordinates":[84.43347,27.9979]}},{"type":"Feature","properties":{"name":"Rupakot Majhuwagadhi","name_ne":"रुपाकोट–मजुवागढी","kind":"municipality","district":"Khotang","province_ne":"कोशी प्रदेश","population":46903,"area_km2":246.51,"website":"https://www.rupakotmajhuwagadhimun.gov.np/","slopes_documented":5,"susceptibility_median":0.249,"trails_mapped_within_10km":0,"located_by":"the mean position of the documented slopes whose titles name this unit - not a surveyed town centre"},"geometry":{"type":"Point","coordinates":[86.78845,27.2266]}},{"type":"Feature","properties":{"name":"Miklajung","name_ne":"मिक्लाजुङ","kind":"rural_municipality","district":"Morang","province_ne":null,"population":28708,"area_km2":158.98,"website":"https://miklajungmunmorang.gov.np/","slopes_documented":5,"susceptibility_median":0.22,"trails_mapped_within_10km":0,"located_by":"the mean position of the documented slopes whose titles name this unit - not a surveyed town centre"},"geometry":{"type":"Point","coordinates":[87.65631,26.90258]}},{"type":"Feature","properties":{"name":"Bhanu","name_ne":"भानु","kind":"municipality","district":"Tanahun","province_ne":"गण्डकी प्रदेश","population":45792,"area_km2":184,"website":"https://www.sabailamun.gov.np/en","slopes_documented":5,"susceptibility_median":0.2,"trails_mapped_within_10km":0,"located_by":"the mean position of the documented slopes whose titles name this unit - not a surveyed town centre"},"geometry":{"type":"Point","coordinates":[84.42998,28.0436]}},{"type":"Feature","properties":{"name":"Putalibazar","name_ne":"पुतलीबजार","kind":"municipality","district":"Syangja","province_ne":"गण्डकी प्रदेश","population":44876,"area_km2":147.21,"website":"https://putalibazarmun.gov.np/en","slopes_documented":5,"susceptibility_median":0.268,"trails_mapped_within_10km":176,"located_by":"the mean position of the documented slopes whose titles name this unit - not a surveyed town centre"},"geometry":{"type":"Point","coordinates":[83.88039,28.08548]}},{"type":"Feature","properties":{"name":"Tila","name_ne":"तिला","kind":"rural_municipality","district":"Jumla","province_ne":null,"population":13607,"area_km2":175.49,"website":"https://tilamun.gov.np/","slopes_documented":5,"susceptibility_median":0.241,"trails_mapped_within_10km":0,"located_by":"the mean position of the documented slopes whose titles name this unit - not a surveyed town centre"},"geometry":{"type":"Point","coordinates":[82.3173,28.94683]}},{"type":"Feature","properties":{"name":"Kathmandu","name_ne":"काठमाडौँ","kind":"metropolitan","district":"Kathmandu","province_ne":"बागमती प्रदेश","population":845767,"area_km2":49.45,"website":"https://kathmandu.gov.np","slopes_documented":5,"susceptibility_median":null,"trails_mapped_within_10km":3757,"located_by":"the mean position of the documented slopes whose titles name this unit - not a surveyed town centre"},"geometry":{"type":"Point","coordinates":[85.33669,27.69834]}},{"type":"Feature","properties":{"name":"Lalitpur","name_ne":"ललितपुर","kind":"metropolitan","district":"Lalitpur","province_ne":"बागमती प्रदेश","population":299843,"area_km2":36.12,"website":"https://lalitpurmun.gov.np/","slopes_documented":5,"susceptibility_median":0.128,"trails_mapped_within_10km":3023,"located_by":"the mean position of the documented slopes whose titles name this unit - not a surveyed town centre"},"geometry":{"type":"Point","coordinates":[85.31984,27.65819]}},{"type":"Feature","properties":{"name":"Galkot","name_ne":"गल्कोट","kind":"municipality","district":"Baglung","province_ne":"गण्डकी प्रदेश","population":33097,"area_km2":194.39,"website":"https://www.galkotmun.gov.np/","slopes_documented":4,"susceptibility_median":0.235,"trails_mapped_within_10km":0,"located_by":"the mean position of the documented slopes whose titles name this unit - not a surveyed town centre"},"geometry":{"type":"Point","coordinates":[83.4085,28.20452]}},{"type":"Feature","properties":{"name":"Mandandeupur","name_ne":"मण्डनदेउपुर","kind":"municipality","district":"Kavrepalanchok","province_ne":"बागमती प्रदेश","population":32659,"area_km2":89,"website":"https://www.mandandeupurmun.gov.np/","slopes_documented":4,"susceptibility_median":0.185,"trails_mapped_within_10km":0,"located_by":"the mean position of the documented slopes whose titles name this unit - not a surveyed town centre"},"geometry":{"type":"Point","coordinates":[85.60911,27.7052]}},{"type":"Feature","properties":{"name":"Sani Bheri","name_ne":"सानीभेरी","kind":"rural_municipality","district":"Western Rukum","province_ne":null,"population":22194,"area_km2":133.8,"website":"https://sanibherimun.gov.np/","slopes_documented":4,"susceptibility_median":0.31,"trails_mapped_within_10km":0,"located_by":"the mean position of the documented slopes whose titles name this unit - not a surveyed town centre"},"geometry":{"type":"Point","coordinates":[82.36416,28.67727]}},{"type":"Feature","properties":{"name":"Sandhikharka","name_ne":"सन्धिखर्क","kind":"municipality","district":"Arghakhanchi","province_ne":"लुम्बिनी प्रदेश","population":41079,"area_km2":129.42,"website":"https://sandhikharkamun.gov.np/en","slopes_documented":4,"susceptibility_median":0.288,"trails_mapped_within_10km":0,"located_by":"the mean position of the documented slopes whose titles name this unit - not a surveyed town centre"},"geometry":{"type":"Point","coordinates":[83.12356,27.9818]}},{"type":"Feature","properties":{"name":"Kaligandaki","name_ne":"कालीगण्डकी","kind":"rural_municipality","district":"Syangja","province_ne":null,"population":21728,"area_km2":73.51,"website":"https://kaligandakimunsyangja.gov.np/","slopes_documented":4,"susceptibility_median":0.206,"trails_mapped_within_10km":0,"located_by":"the mean position of the documented slopes whose titles name this unit - not a surveyed town centre"},"geometry":{"type":"Point","coordinates":[83.55406,28.02161]}},{"type":"Feature","properties":{"name":"Sunkoshi","name_ne":"सुनकोशी","kind":"rural_municipality","district":"Okhaldhunga","province_ne":null,"population":18550,"area_km2":143.75,"website":"https://sunkoshimunokhaldhunga.gov.np/","slopes_documented":4,"susceptibility_median":0.226,"trails_mapped_within_10km":0,"located_by":"the mean position of the documented slopes whose titles name this unit - not a surveyed town centre"},"geometry":{"type":"Point","coordinates":[86.37271,27.29603]}},{"type":"Feature","properties":{"name":"Gandaki","name_ne":"गण्डकी","kind":"rural_municipality","district":"Gorkha","province_ne":null,"population":23253,"area_km2":123.86,"website":"https://gandakimun.gov.np/","slopes_documented":4,"susceptibility_median":0.177,"trails_mapped_within_10km":0,"located_by":"the mean position of the documented slopes whose titles name this unit - not a surveyed town centre"},"geometry":{"type":"Point","coordinates":[84.40615,27.9779]}},{"type":"Feature","properties":{"name":"Vyas","name_ne":"व्यास","kind":"municipality","district":"Tanahun","province_ne":"गण्डकी प्रदेश","population":70335,"area_km2":248,"website":"https://vyasmun.gov.np/en","slopes_documented":4,"susceptibility_median":0.196,"trails_mapped_within_10km":0,"located_by":"the mean position of the documented slopes whose titles name this unit - not a surveyed town centre"},"geometry":{"type":"Point","coordinates":[84.27687,28.03574]}},{"type":"Feature","properties":{"name":"Chandrakot","name_ne":"चन्द्रकोट","kind":"rural_municipality","district":"Gulmi","province_ne":null,"population":21827,"area_km2":105.73,"website":"https://chandrakotmun.gov.np/","slopes_documented":4,"susceptibility_median":0.245,"trails_mapped_within_10km":0,"located_by":"the mean position of the documented slopes whose titles name this unit - not a surveyed town centre"},"geometry":{"type":"Point","coordinates":[83.42081,28.10136]}},{"type":"Feature","properties":{"name":"Bungal","name_ne":"बुंगल","kind":"municipality","district":"Bajhang","province_ne":"सुदूरपश्चिम प्रदेश","population":33224,"area_km2":447.59,"website":"https://www.bungalmun.gov.np/","slopes_documented":4,"susceptibility_median":0.264,"trails_mapped_within_10km":0,"located_by":"the mean position of the documented slopes whose titles name this unit - not a surveyed town centre"},"geometry":{"type":"Point","coordinates":[80.8458,29.60875]}},{"type":"Feature","properties":{"name":"Baglung","name_ne":"बागलुङ","kind":"municipality","district":"Baglung","province_ne":"गण्डकी प्रदेश","population":57823,"area_km2":98.01,"website":"https://baglungmun.gov.np/?language=en","slopes_documented":4,"susceptibility_median":0.244,"trails_mapped_within_10km":2073,"located_by":"the mean position of the documented slopes whose titles name this unit - not a surveyed town centre"},"geometry":{"type":"Point","coordinates":[83.76887,28.24924]}},{"type":"Feature","properties":{"name":"Khatyad","name_ne":"खत्याड","kind":"rural_municipality","district":"Mugu","province_ne":null,"population":17116,"area_km2":281.12,"website":"https://khatyadmun.gov.np/","slopes_documented":4,"susceptibility_median":0.271,"trails_mapped_within_10km":0,"located_by":"the mean position of the documented slopes whose titles name this unit - not a surveyed town centre"},"geometry":{"type":"Point","coordinates":[81.89932,29.51855]}},{"type":"Feature","properties":{"name":"Tadi","name_ne":"तादी","kind":"rural_municipality","district":"Nuwakot","province_ne":null,"population":17932,"area_km2":69.8,"website":"https://tadimun.gov.np/","slopes_documented":3,"susceptibility_median":0.283,"trails_mapped_within_10km":1564,"located_by":"the mean position of the documented slopes whose titles name this unit - not a surveyed town centre"},"geometry":{"type":"Point","coordinates":[85.34155,27.95083]}},{"type":"Feature","properties":{"name":"Salpasilichho","name_ne":"साल्पासिलिछो","kind":"rural_municipality","district":"Bhojpur","province_ne":null,"population":13111,"area_km2":193.33,"website":"https://salpasilichhomun.gov.np/","slopes_documented":3,"susceptibility_median":0.259,"trails_mapped_within_10km":0,"located_by":"the mean position of the documented slopes whose titles name this unit - not a surveyed town centre"},"geometry":{"type":"Point","coordinates":[87.02024,27.41786]}},{"type":"Feature","properties":{"name":"Mudkechula","name_ne":"मुड्केचुला","kind":"rural_municipality","district":"Dolpa","province_ne":null,"population":5129,"area_km2":250.08,"website":"https://mudkechulamun.gov.np/","slopes_documented":3,"susceptibility_median":0.303,"trails_mapped_within_10km":0,"located_by":"the mean position of the documented slopes whose titles name this unit - not a surveyed town centre"},"geometry":{"type":"Point","coordinates":[82.51931,29.05038]}},{"type":"Feature","properties":{"name":"Panchpokhari Thangpal","name_ne":"पाँचपोखरी थाङपाल","kind":"rural_municipality","district":"Sindhupalchok","province_ne":null,"population":20860,"area_km2":187.29,"website":"https://panchpokharithangpalmun.gov.np/","slopes_documented":3,"susceptibility_median":0.23,"trails_mapped_within_10km":840,"located_by":"the mean position of the documented slopes whose titles name this unit - not a surveyed town centre"},"geometry":{"type":"Point","coordinates":[85.6427,27.92255]}},{"type":"Feature","properties":{"name":"Shadanand","name_ne":"षडानन्द","kind":"municipality","district":"Bhojpur","province_ne":"कोशी प्रदेश","population":31610,"area_km2":241.15,"website":"https://www.shadanandmun.gov.np/en","slopes_documented":3,"susceptibility_median":0.193,"trails_mapped_within_10km":0,"located_by":"the mean position of the documented slopes whose titles name this unit - not a surveyed town centre"},"geometry":{"type":"Point","coordinates":[87.0852,27.34999]}},{"type":"Feature","properties":{"name":"Budhiganga","name_ne":"बुढीगंगा","kind":"municipality","district":"Bajura","province_ne":"सुदूरपश्चिम प्रदेश","population":21677,"area_km2":59.2,"website":"https://www.budhigangamunbajura.gov.np/","slopes_documented":3,"susceptibility_median":0.264,"trails_mapped_within_10km":0,"located_by":"the mean position of the documented slopes whose titles name this unit - not a surveyed town centre"},"geometry":{"type":"Point","coordinates":[81.33607,29.36832]}},{"type":"Feature","properties":{"name":"Dordi","name_ne":"दोर्दी","kind":"rural_municipality","district":"Lamjung","province_ne":null,"population":18392,"area_km2":350.93,"website":"https://dordimun.gov.np/","slopes_documented":3,"susceptibility_median":0.183,"trails_mapped_within_10km":2,"located_by":"the mean position of the documented slopes whose titles name this unit - not a surveyed town centre"},"geometry":{"type":"Point","coordinates":[84.4733,28.20547]}},{"type":"Feature","properties":{"name":"Aathrai","name_ne":"आठराई","kind":"rural_municipality","district":"Terhathum","province_ne":null,"population":21747,"area_km2":167.07,"website":"https://aathraimun.gov.np/","slopes_documented":3,"susceptibility_median":0.279,"trails_mapped_within_10km":0,"located_by":"the mean position of the documented slopes whose titles name this unit - not a surveyed town centre"},"geometry":{"type":"Point","coordinates":[87.67253,27.20832]}},{"type":"Feature","properties":{"name":"Halesi Tuwachung","name_ne":"हलेसी तुवाचुङ","kind":"municipality","district":"Khotang","province_ne":"कोशी प्रदेश","population":29532,"area_km2":280.17,"website":"https://www.halesituwachungmun.gov.np/","slopes_documented":3,"susceptibility_median":0.246,"trails_mapped_within_10km":0,"located_by":"the mean position of the documented slopes whose titles name this unit - not a surveyed town centre"},"geometry":{"type":"Point","coordinates":[86.54468,27.15494]}},{"type":"Feature","properties":{"name":"Godawari","name_ne":"गोदावरी","kind":"municipality","district":"Lalitpur","province_ne":"बागमती प्रदेश","population":100972,"area_km2":96.11,"website":"https://godawarimunlalitpur.gov.np/en","slopes_documented":3,"susceptibility_median":0.098,"trails_mapped_within_10km":0,"located_by":"the mean position of the documented slopes whose titles name this unit - not a surveyed town centre"},"geometry":{"type":"Point","coordinates":[85.34328,27.59657]}},{"type":"Feature","properties":{"name":"Suryodaya","name_ne":"सूर्योदय","kind":"municipality","district":"Ilam","province_ne":"कोशी प्रदेश","population":56691,"area_km2":252.52,"website":"https://www.suryodayamun.gov.np/en","slopes_documented":3,"susceptibility_median":0.205,"trails_mapped_within_10km":0,"located_by":"the mean position of the documented slopes whose titles name this unit - not a surveyed town centre"},"geometry":{"type":"Point","coordinates":[88.08119,26.86269]}},{"type":"Feature","properties":{"name":"Ramprasad Rai","name_ne":"रामप्रसाद राई","kind":"rural_municipality","district":"Bhojpur","province_ne":null,"population":18848,"area_km2":158.83,"website":"https://ramprasadraimun.gov.np/","slopes_documented":3,"susceptibility_median":0.165,"trails_mapped_within_10km":0,"located_by":"the mean position of the documented slopes whose titles name this unit - not a surveyed town centre"},"geometry":{"type":"Point","coordinates":[87.02165,27.1081]}},{"type":"Feature","properties":{"name":"Dhakari","name_ne":"ढकारी","kind":"rural_municipality","district":"Achham","province_ne":null,"population":21562,"area_km2":227.88,"website":"https://dhankarimun.gov.np/","slopes_documented":3,"susceptibility_median":0.247,"trails_mapped_within_10km":0,"located_by":"the mean position of the documented slopes whose titles name this unit - not a surveyed town centre"},"geometry":{"type":"Point","coordinates":[81.22601,28.98038]}},{"type":"Feature","properties":{"name":"Molung","name_ne":"मोलुङ","kind":"rural_municipality","district":"Okhaldhunga","province_ne":null,"population":15862,"area_km2":112,"website":"https://molungmun.gov.np/","slopes_documented":3,"susceptibility_median":0.296,"trails_mapped_within_10km":0,"located_by":"the mean position of the documented slopes whose titles name this unit - not a surveyed town centre"},"geometry":{"type":"Point","coordinates":[86.40412,27.36852]}},{"type":"Feature","properties":{"name":"Annapurna","name_ne":"अन्नपुर्ण","kind":"rural_municipality","district":"Kaski","province_ne":null,"population":23417,"area_km2":33.33,"website":"https://annapurnamunkaski.gov.np/","slopes_documented":3,"susceptibility_median":0.296,"trails_mapped_within_10km":869,"located_by":"the mean position of the documented slopes whose titles name this unit - not a surveyed town centre"},"geometry":{"type":"Point","coordinates":[83.68484,28.37259]}},{"type":"Feature","properties":{"name":"Rampur","name_ne":"रामपुर","kind":"municipality","district":"Palpa","province_ne":"लुम्बिनी प्रदेश","population":35396,"area_km2":123.34,"website":"https://www.rampurmun.gov.np/en","slopes_documented":3,"susceptibility_median":0.179,"trails_mapped_within_10km":0,"located_by":"the mean position of the documented slopes whose titles name this unit - not a surveyed town centre"},"geometry":{"type":"Point","coordinates":[83.90927,27.8488]}},{"type":"Feature","properties":{"name":"Tansen","name_ne":"तानसेन","kind":"municipality","district":"Palpa","province_ne":"लुम्बिनी प्रदेश","population":50405,"area_km2":109.8,"website":"https://tansenmun.gov.np/en","slopes_documented":3,"susceptibility_median":0.154,"trails_mapped_within_10km":0,"located_by":"the mean position of the documented slopes whose titles name this unit - not a surveyed town centre"},"geometry":{"type":"Point","coordinates":[83.52425,27.87132]}},{"type":"Feature","properties":{"name":"Malika","name_ne":"मालिका","kind":"rural_municipality","district":"Myagdi","province_ne":null,"population":19458,"area_km2":147,"website":"https://malikamunmyagdi.gov.np/","slopes_documented":3,"susceptibility_median":0.29,"trails_mapped_within_10km":0,"located_by":"the mean position of the documented slopes whose titles name this unit - not a surveyed town centre"},"geometry":{"type":"Point","coordinates":[83.31193,28.37253]}},{"type":"Feature","properties":{"name":"Butwal","name_ne":"बुटवल","kind":"sub_metropolitan","district":"Rupandehi","province_ne":"लुम्बिनी प्रदेश","population":195054,"area_km2":101.61,"website":"http://butwalmun.gov.np","slopes_documented":3,"susceptibility_median":null,"trails_mapped_within_10km":0,"located_by":"the mean position of the documented slopes whose titles name this unit - not a surveyed town centre"},"geometry":{"type":"Point","coordinates":[83.46974,27.69288]}},{"type":"Feature","properties":{"name":"Bandipur","name_ne":"बन्दिपुर","kind":"rural_municipality","district":"Tanahun","province_ne":null,"population":20013,"area_km2":102,"website":"https://ghiringmun.gov.np/","slopes_documented":3,"susceptibility_median":0.191,"trails_mapped_within_10km":0,"located_by":"the mean position of the documented slopes whose titles name this unit - not a surveyed town centre"},"geometry":{"type":"Point","coordinates":[84.39739,27.94146]}},{"type":"Feature","properties":{"name":"Mahawai","name_ne":"महावै","kind":"rural_municipality","district":"Kalikot","province_ne":null,"population":8323,"area_km2":322.07,"website":"https://mahawaimun.gov.np/","slopes_documented":3,"susceptibility_median":0.374,"trails_mapped_within_10km":0,"located_by":"the mean position of the documented slopes whose titles name this unit - not a surveyed town centre"},"geometry":{"type":"Point","coordinates":[81.79463,29.05049]}},{"type":"Feature","properties":{"name":"Rainas","name_ne":"रार्इनास","kind":"municipality","district":"Lamjung","province_ne":"गण्डकी प्रदेश","population":18527,"area_km2":71.97,"website":"https://rainasmun.gov.np/en","slopes_documented":3,"susceptibility_median":0.137,"trails_mapped_within_10km":0,"located_by":"the mean position of the documented slopes whose titles name this unit - not a surveyed town centre"},"geometry":{"type":"Point","coordinates":[84.49147,28.10553]}},{"type":"Feature","properties":{"name":"Aadarsha","name_ne":"आदर्श","kind":"rural_municipality","district":"Doti","province_ne":null,"population":23945,"area_km2":128.47,"website":"https://aadarshamun.gov.np/","slopes_documented":3,"susceptibility_median":0.25,"trails_mapped_within_10km":0,"located_by":"the mean position of the documented slopes whose titles name this unit - not a surveyed town centre"},"geometry":{"type":"Point","coordinates":[80.90426,29.32834]}},{"type":"Feature","properties":{"name":"Phidim","name_ne":"फिदिम","kind":"municipality","district":"Pancthar","province_ne":"कोशी प्रदेश","population":49201,"area_km2":192.5,"website":"https://www.phidimmun.gov.np/en","slopes_documented":3,"susceptibility_median":0.185,"trails_mapped_within_10km":0,"located_by":"the mean position of the documented slopes whose titles name this unit - not a surveyed town centre"},"geometry":{"type":"Point","coordinates":[87.80818,27.11586]}},{"type":"Feature","properties":{"name":"Deumai","name_ne":"देउमाई","kind":"municipality","district":"Ilam","province_ne":"कोशी प्रदेश","population":32927,"area_km2":191.63,"website":"https://www.deumaimun.gov.np/en","slopes_documented":3,"susceptibility_median":0.202,"trails_mapped_within_10km":0,"located_by":"the mean position of the documented slopes whose titles name this unit - not a surveyed town centre"},"geometry":{"type":"Point","coordinates":[87.81496,26.92072]}},{"type":"Feature","properties":{"name":"Barekot","name_ne":"बारेकोट","kind":"rural_municipality","district":"Jajarkot","province_ne":null,"population":18083,"area_km2":577.5,"website":"https://barekotmun.gov.np/","slopes_documented":3,"susceptibility_median":0.219,"trails_mapped_within_10km":0,"located_by":"the mean position of the documented slopes whose titles name this unit - not a surveyed town centre"},"geometry":{"type":"Point","coordinates":[82.16075,29.10859]}},{"type":"Feature","properties":{"name":"Birendranagar","name_ne":"वीरेन्द्रनगर","kind":"municipality","district":"Surkhet","province_ne":"कर्णाली प्रदेश","population":154886,"area_km2":245.06,"website":"https://birendranagarmun.gov.np/en","slopes_documented":3,"susceptibility_median":0.181,"trails_mapped_within_10km":0,"located_by":"the mean position of the documented slopes whose titles name this unit - not a surveyed town centre"},"geometry":{"type":"Point","coordinates":[81.69647,28.60949]}},{"type":"Feature","properties":{"name":"Siddhicharan","name_ne":"सिद्दिचरण","kind":"municipality","district":"Okhaldhunga","province_ne":"कोशी प्रदेश","population":28374,"area_km2":167.88,"website":"https://www.siddhicharanmun.gov.np/en","slopes_documented":3,"susceptibility_median":0.237,"trails_mapped_within_10km":0,"located_by":"the mean position of the documented slopes whose titles name this unit - not a surveyed town centre"},"geometry":{"type":"Point","coordinates":[86.50225,27.31218]}},{"type":"Feature","properties":{"name":"Phalewas","name_ne":"फलेवास","kind":"municipality","district":"Parbat","province_ne":"गण्डकी प्रदेश","population":24687,"area_km2":85.7,"website":"https://www.phalewasmun.gov.np/","slopes_documented":3,"susceptibility_median":0.332,"trails_mapped_within_10km":544,"located_by":"the mean position of the documented slopes whose titles name this unit - not a surveyed town centre"},"geometry":{"type":"Point","coordinates":[83.6639,28.14377]}},{"type":"Feature","properties":{"name":"Bheriganga","name_ne":"भेरीगंगा","kind":"municipality","district":"Surkhet","province_ne":"कर्णाली प्रदेश","population":41407,"area_km2":256.2,"website":"https://www.bherigangamun.gov.np/en","slopes_documented":3,"susceptibility_median":0.241,"trails_mapped_within_10km":0,"located_by":"the mean position of the documented slopes whose titles name this unit - not a surveyed town centre"},"geometry":{"type":"Point","coordinates":[81.74967,28.4382]}},{"type":"Feature","properties":{"name":"Jaimini","name_ne":"जैमिनी","kind":"municipality","district":"Baglung","province_ne":"गण्डकी प्रदेश","population":31430,"area_km2":118.71,"website":"https://www.jaiminimun.gov.np/","slopes_documented":2,"susceptibility_median":0.209,"trails_mapped_within_10km":138,"located_by":"the mean position of the documented slopes whose titles name this unit - not a surveyed town centre"},"geometry":{"type":"Point","coordinates":[83.55947,28.15806]}},{"type":"Feature","properties":{"name":"Biruwa","name_ne":"विरुवा","kind":"rural_municipality","district":"Syangja","province_ne":null,"population":18413,"area_km2":95.79,"website":"https://biruwamun.gov.np/","slopes_documented":2,"susceptibility_median":0.231,"trails_mapped_within_10km":0,"located_by":"the mean position of the documented slopes whose titles name this unit - not a surveyed town centre"},"geometry":{"type":"Point","coordinates":[83.89816,28.02716]}},{"type":"Feature","properties":{"name":"Doramba","name_ne":"दोरम्बा","kind":"rural_municipality","district":"Ramechhap","province_ne":null,"population":22738,"area_km2":140.88,"website":"https://dorambamun.gov.np/","slopes_documented":2,"susceptibility_median":0.294,"trails_mapped_within_10km":0,"located_by":"the mean position of the documented slopes whose titles name this unit - not a surveyed town centre"},"geometry":{"type":"Point","coordinates":[85.92942,27.55136]}},{"type":"Feature","properties":{"name":"Shivapuri","name_ne":"शिवपुरी","kind":"rural_municipality","district":"Nuwakot","province_ne":null,"population":20769,"area_km2":101.5,"website":"https://shivapurimun.gov.np/","slopes_documented":2,"susceptibility_median":0.143,"trails_mapped_within_10km":1567,"located_by":"the mean position of the documented slopes whose titles name this unit - not a surveyed town centre"},"geometry":{"type":"Point","coordinates":[85.39571,27.84036]}},{"type":"Feature","properties":{"name":"Banepa","name_ne":"बनेपा","kind":"municipality","district":"Kavrepalanchok","province_ne":"बागमती प्रदेश","population":55628,"area_km2":55,"website":"https://banepamun.gov.np/en","slopes_documented":2,"susceptibility_median":0.141,"trails_mapped_within_10km":64,"located_by":"the mean position of the documented slopes whose titles name this unit - not a surveyed town centre"},"geometry":{"type":"Point","coordinates":[85.51884,27.63055]}},{"type":"Feature","properties":{"name":"Belkotgadhi","name_ne":"बेलकोटगढी","kind":"municipality","district":"Nuwakot","province_ne":"बागमती प्रदेश","population":39888,"area_km2":155.6,"website":"https://www.belkotgadhimun.gov.np/","slopes_documented":2,"susceptibility_median":0.232,"trails_mapped_within_10km":107,"located_by":"the mean position of the documented slopes whose titles name this unit - not a surveyed town centre"},"geometry":{"type":"Point","coordinates":[85.11344,27.82707]}},{"type":"Feature","properties":{"name":"Umakunda","name_ne":"उमाकुण्ड","kind":"rural_municipality","district":"Ramechhap","province_ne":null,"population":17601,"area_km2":451.99,"website":"https://umakundamun.gov.np/","slopes_documented":2,"susceptibility_median":0.316,"trails_mapped_within_10km":1,"located_by":"the mean position of the documented slopes whose titles name this unit - not a surveyed town centre"},"geometry":{"type":"Point","coordinates":[86.3796,27.61979]}},{"type":"Feature","properties":{"name":"Tripura Sundari","name_ne":"त्रिपुरासुन्दरी","kind":"municipality","district":"Dolpa","province_ne":"कर्णाली प्रदेश","population":10104,"area_km2":393.54,"website":"https://www.tripurasundarimundolpa.gov.np/","slopes_documented":2,"susceptibility_median":0.281,"trails_mapped_within_10km":0,"located_by":"the mean position of the documented slopes whose titles name this unit - not a surveyed town centre"},"geometry":{"type":"Point","coordinates":[84.87405,28.02094]}},{"type":"Feature","properties":{"name":"Chaurjahari","name_ne":"चौरजहारी","kind":"municipality","district":"Western Rukum","province_ne":"कर्णाली प्रदेश","population":27438,"area_km2":107.38,"website":"https://chaurjaharimun.gov.np/en","slopes_documented":2,"susceptibility_median":0.216,"trails_mapped_within_10km":0,"located_by":"the mean position of the documented slopes whose titles name this unit - not a surveyed town centre"},"geometry":{"type":"Point","coordinates":[82.25215,28.63151]}},{"type":"Feature","properties":{"name":"Pathibhara Yangwarak","name_ne":"पाथीभरा याङवरक","kind":"rural_municipality","district":"Taplejung","province_ne":null,"population":13591,"area_km2":93.76,"website":"https://yangwarakmuntaplejung.gov.np/","slopes_documented":2,"susceptibility_median":0.193,"trails_mapped_within_10km":0,"located_by":"the mean position of the documented slopes whose titles name this unit - not a surveyed town centre"},"geometry":{"type":"Point","coordinates":[87.76232,27.29561]}},{"type":"Feature","properties":{"name":"Thasang","name_ne":"थासाङ","kind":"rural_municipality","district":"Mustang","province_ne":null,"population":2912,"area_km2":289,"website":"https://thasangmun.gov.np/","slopes_documented":2,"susceptibility_median":0.293,"trails_mapped_within_10km":405,"located_by":"the mean position of the documented slopes whose titles name this unit - not a surveyed town centre"},"geometry":{"type":"Point","coordinates":[83.62569,28.66934]}},{"type":"Feature","properties":{"name":"Makalu","name_ne":"मकालु","kind":"rural_municipality","district":"Sankhuwasabha","province_ne":null,"population":13204,"area_km2":519.45,"website":"https://makalumun.gov.np/","slopes_documented":2,"susceptibility_median":0.2,"trails_mapped_within_10km":0,"located_by":"the mean position of the documented slopes whose titles name this unit - not a surveyed town centre"},"geometry":{"type":"Point","coordinates":[87.32891,27.59004]}},{"type":"Feature","properties":{"name":"Mandavi","name_ne":"माण्डवी","kind":"rural_municipality","district":"Pyuthan","province_ne":null,"population":15058,"area_km2":113.08,"website":"https://mandavimun.gov.np/","slopes_documented":2,"susceptibility_median":0.209,"trails_mapped_within_10km":0,"located_by":"the mean position of the documented slopes whose titles name this unit - not a surveyed town centre"},"geometry":{"type":"Point","coordinates":[82.77149,28.05264]}},{"type":"Feature","properties":{"name":"Bhojpur","name_ne":"भोजपुर","kind":"municipality","district":"Bhojpur","province_ne":"कोशी प्रदेश","population":27204,"area_km2":159.51,"website":"https://www.bhojpurmun.gov.np/en","slopes_documented":2,"susceptibility_median":0.279,"trails_mapped_within_10km":0,"located_by":"the mean position of the documented slopes whose titles name this unit - not a surveyed town centre"},"geometry":{"type":"Point","coordinates":[87.03933,27.16329]}},{"type":"Feature","properties":{"name":"Phikkal","name_ne":"फिक्कल","kind":"rural_municipality","district":"Sindhuli","province_ne":null,"population":16968,"area_km2":186.06,"website":"https://phikkalmun.gov.np/","slopes_documented":2,"susceptibility_median":0.196,"trails_mapped_within_10km":0,"located_by":"the mean position of the documented slopes whose titles name this unit - not a surveyed town centre"},"geometry":{"type":"Point","coordinates":[86.25835,27.17935]}},{"type":"Feature","properties":{"name":"Khotehang","name_ne":"खोटेहाङ","kind":"rural_municipality","district":"Khotang","province_ne":null,"population":22474,"area_km2":164.09,"website":"https://khotehangmun.gov.np/","slopes_documented":2,"susceptibility_median":0.262,"trails_mapped_within_10km":0,"located_by":"the mean position of the documented slopes whose titles name this unit - not a surveyed town centre"},"geometry":{"type":"Point","coordinates":[86.87647,27.05573]}},{"type":"Feature","properties":{"name":"Gajuri","name_ne":"गजुरी","kind":"rural_municipality","district":"Dhading","province_ne":null,"population":27084,"area_km2":138.66,"website":"https://gajurimun.gov.np/","slopes_documented":2,"susceptibility_median":0.223,"trails_mapped_within_10km":0,"located_by":"the mean position of the documented slopes whose titles name this unit - not a surveyed town centre"},"geometry":{"type":"Point","coordinates":[84.90064,27.74659]}},{"type":"Feature","properties":{"name":"Mahankal","name_ne":"महाङ्काल","kind":"rural_municipality","district":"Lalitpur","province_ne":null,"population":9453,"area_km2":82.44,"website":"https://mahankalmun.gov.np/","slopes_documented":2,"susceptibility_median":0.243,"trails_mapped_within_10km":0,"located_by":"the mean position of the documented slopes whose titles name this unit - not a surveyed town centre"},"geometry":{"type":"Point","coordinates":[85.39016,27.48443]}},{"type":"Feature","properties":{"name":"Benighat Rorang","name_ne":"बेनीघाट रोराङ्ग","kind":"rural_municipality","district":"Dhading","province_ne":null,"population":31475,"area_km2":29.17,"website":"https://benighatrorangmun.gov.np/","slopes_documented":2,"susceptibility_median":0.227,"trails_mapped_within_10km":0,"located_by":"the mean position of the documented slopes whose titles name this unit - not a surveyed town centre"},"geometry":{"type":"Point","coordinates":[84.77083,27.73607]}},{"type":"Feature","properties":{"name":"Rapti","name_ne":"राप्ती","kind":"municipality","district":"Chitwan","province_ne":"बागमती प्रदेश","population":57107,"area_km2":212.31,"website":"https://raptimun.gov.np/en","slopes_documented":2,"susceptibility_median":0.078,"trails_mapped_within_10km":0,"located_by":"the mean position of the documented slopes whose titles name this unit - not a surveyed town centre"},"geometry":{"type":"Point","coordinates":[83.75544,27.76715]}},{"type":"Feature","properties":{"name":"Sangurigadhi","name_ne":"सागुरीगढी","kind":"rural_municipality","district":"Dhankuta","province_ne":null,"population":21536,"area_km2":166.44,"website":"https://sangurigadhimun.gov.np/","slopes_documented":2,"susceptibility_median":0.26,"trails_mapped_within_10km":0,"located_by":"the mean position of the documented slopes whose titles name this unit - not a surveyed town centre"},"geometry":{"type":"Point","coordinates":[87.29433,26.90526]}},{"type":"Feature","properties":{"name":"Mahalaxmi","name_ne":"महालक्ष्मी","kind":"municipality","district":"Lalitpur","province_ne":"बागमती प्रदेश","population":118710,"area_km2":26.51,"website":"https://www.mahalaxmimun.gov.np/en","slopes_documented":2,"susceptibility_median":0.215,"trails_mapped_within_10km":0,"located_by":"the mean position of the documented slopes whose titles name this unit - not a surveyed town centre"},"geometry":{"type":"Point","coordinates":[87.31003,27.11206]}},{"type":"Feature","properties":{"name":"Gurans","name_ne":"गुराँस","kind":"rural_municipality","district":"Dailekh","province_ne":null,"population":22033,"area_km2":164.79,"website":"https://guransmun.gov.np/","slopes_documented":2,"susceptibility_median":0.187,"trails_mapped_within_10km":0,"located_by":"the mean position of the documented slopes whose titles name this unit - not a surveyed town centre"},"geometry":{"type":"Point","coordinates":[81.61948,28.74789]}},{"type":"Feature","properties":{"name":"Dungeshwor","name_ne":"डुंगेश्वर","kind":"rural_municipality","district":"Dailekh","province_ne":null,"population":15883,"area_km2":105.19,"website":"https://dungeshwormun.gov.np/","slopes_documented":2,"susceptibility_median":0.249,"trails_mapped_within_10km":0,"located_by":"the mean position of the documented slopes whose titles name this unit - not a surveyed town centre"},"geometry":{"type":"Point","coordinates":[81.693,28.7432]}},{"type":"Feature","properties":{"name":"Bhokraha","name_ne":"भोक्राहा","kind":"rural_municipality","district":"Sunsari","province_ne":null,"population":40509,"area_km2":63.37,"website":"https://bhokrahamun.gov.np/","slopes_documented":2,"susceptibility_median":null,"trails_mapped_within_10km":0,"located_by":"the mean position of the documented slopes whose titles name this unit - not a surveyed town centre"},"geometry":{"type":"Point","coordinates":[87.10908,26.60489]}},{"type":"Feature","properties":{"name":"Chaubise","name_ne":"चौविसे","kind":"rural_municipality","district":"Dhankuta","province_ne":null,"population":19283,"area_km2":147.6,"website":"https://choubisemun.gov.np/","slopes_documented":2,"susceptibility_median":0.322,"trails_mapped_within_10km":0,"located_by":"the mean position of the documented slopes whose titles name this unit - not a surveyed town centre"},"geometry":{"type":"Point","coordinates":[87.45672,26.91212]}},{"type":"Feature","properties":{"name":"Champadevi","name_ne":"चम्पादेवी","kind":"rural_municipality","district":"Okhaldhunga","province_ne":null,"population":18613,"area_km2":126.91,"website":"https://champadevimun.gov.np/","slopes_documented":2,"susceptibility_median":0.287,"trails_mapped_within_10km":0,"located_by":"the mean position of the documented slopes whose titles name this unit - not a surveyed town centre"},"geometry":{"type":"Point","coordinates":[86.30118,27.31881]}},{"type":"Feature","properties":{"name":"Chautara Sangachokgadhi","name_ne":"चौतारा साँगाचोकगढी","kind":"municipality","district":"Sindhupalchok","province_ne":"बागमती प्रदेश","population":51347,"area_km2":165.25,"website":"https://www.chautarasangachowkgadhimun.gov.np/","slopes_documented":2,"susceptibility_median":0.344,"trails_mapped_within_10km":70,"located_by":"the mean position of the documented slopes whose titles name this unit - not a surveyed town centre"},"geometry":{"type":"Point","coordinates":[85.71541,27.8179]}},{"type":"Feature","properties":{"name":"Ribdikot","name_ne":"रिब्दीकोट","kind":"rural_municipality","district":"Palpa","province_ne":null,"population":18770,"area_km2":124.55,"website":"https://ribdikotmun.gov.np/","slopes_documented":2,"susceptibility_median":0.235,"trails_mapped_within_10km":0,"located_by":"the mean position of the documented slopes whose titles name this unit - not a surveyed town centre"},"geometry":{"type":"Point","coordinates":[83.43805,27.83265]}},{"type":"Feature","properties":{"name":"Panini","name_ne":"पाणिनी","kind":"rural_municipality","district":"Arghakhanchi","province_ne":null,"population":26424,"area_km2":151.42,"website":"https://paninimun.gov.np/","slopes_documented":2,"susceptibility_median":0.216,"trails_mapped_within_10km":0,"located_by":"the mean position of the documented slopes whose titles name this unit - not a surveyed town centre"},"geometry":{"type":"Point","coordinates":[83.2596,27.88046]}},{"type":"Feature","properties":{"name":"Galyang","name_ne":"गल्याङ","kind":"municipality","district":"Syangja","province_ne":"गण्डकी प्रदेश","population":36967,"area_km2":122.71,"website":"https://www.galyangmun.gov.np/","slopes_documented":2,"susceptibility_median":0.194,"trails_mapped_within_10km":0,"located_by":"the mean position of the documented slopes whose titles name this unit - not a surveyed town centre"},"geometry":{"type":"Point","coordinates":[83.75308,27.93574]}},{"type":"Feature","properties":{"name":"Jugal","name_ne":"जुगल","kind":"rural_municipality","district":"Sindhupalchok","province_ne":null,"population":19231,"area_km2":273.62,"website":"https://jugalmun.gov.np/","slopes_documented":2,"susceptibility_median":0.159,"trails_mapped_within_10km":346,"located_by":"the mean position of the documented slopes whose titles name this unit - not a surveyed town centre"},"geometry":{"type":"Point","coordinates":[85.76253,27.87155]}},{"type":"Feature","properties":{"name":"Dhaulagiri","name_ne":"धवलागिरी","kind":"rural_municipality","district":"Myagdi","province_ne":null,"population":14104,"area_km2":1037,"website":"https://dhawalagirimun.gov.np/","slopes_documented":2,"susceptibility_median":0.251,"trails_mapped_within_10km":0,"located_by":"the mean position of the documented slopes whose titles name this unit - not a surveyed town centre"},"geometry":{"type":"Point","coordinates":[83.3781,28.47556]}},{"type":"Feature","properties":{"name":"Susta","name_ne":"त्सुस्ता","kind":"rural_municipality","district":"Parasi","province_ne":null,"population":43797,"area_km2":112.17,"website":"https://sustamun.gov.np/","slopes_documented":2,"susceptibility_median":null,"trails_mapped_within_10km":0,"located_by":"the mean position of the documented slopes whose titles name this unit - not a surveyed town centre"},"geometry":{"type":"Point","coordinates":[83.86517,27.45477]}},{"type":"Feature","properties":{"name":"Madhyabindu","name_ne":"मध्यविन्दु","kind":"municipality","district":"Nawalpur","province_ne":"गण्डकी प्रदेश","population":54140,"area_km2":233.35,"website":"https://madhyabindumun.gov.np/en","slopes_documented":2,"susceptibility_median":null,"trails_mapped_within_10km":0,"located_by":"the mean position of the documented slopes whose titles name this unit - not a surveyed town centre"},"geometry":{"type":"Point","coordinates":[83.99299,27.62508]}},{"type":"Feature","properties":{"name":"Pachaljharana","name_ne":"पचालझरना","kind":"rural_municipality","district":"Kalikot","province_ne":null,"population":12343,"area_km2":166.92,"website":"https://pachaljharanamun.gov.np/","slopes_documented":2,"susceptibility_median":0.326,"trails_mapped_within_10km":0,"located_by":"the mean position of the documented slopes whose titles name this unit - not a surveyed town centre"},"geometry":{"type":"Point","coordinates":[81.73385,29.26401]}},{"type":"Feature","properties":{"name":"Tumbewa","name_ne":"तुम्बेवा","kind":"rural_municipality","district":"Panchthar","province_ne":null,"population":13419,"area_km2":117.34,"website":"https://tumwewamun.gov.np/","slopes_documented":2,"susceptibility_median":0.222,"trails_mapped_within_10km":0,"located_by":"the mean position of the documented slopes whose titles name this unit - not a surveyed town centre"},"geometry":{"type":"Point","coordinates":[87.58597,26.98235]}},{"type":"Feature","properties":{"name":"Bhimphedi","name_ne":"भीमफेदी","kind":"rural_municipality","district":"Makwanpur","province_ne":null,"population":23344,"area_km2":245.27,"website":"https://bhimphedimun.gov.np/","slopes_documented":2,"susceptibility_median":0.21,"trails_mapped_within_10km":0,"located_by":"the mean position of the documented slopes whose titles name this unit - not a surveyed town centre"},"geometry":{"type":"Point","coordinates":[85.04071,27.50455]}},{"type":"Feature","properties":{"name":"Mahakali","name_ne":"माहाकाली","kind":"municipality","district":"Kanchanpur","province_ne":"सुदूरपश्चिम प्रदेश","population":39253,"area_km2":56.84,"website":"https://www.mahakalimunkanchanpur.gov.np/","slopes_documented":2,"susceptibility_median":0.192,"trails_mapped_within_10km":0,"located_by":"the mean position of the documented slopes whose titles name this unit - not a surveyed town centre"},"geometry":{"type":"Point","coordinates":[80.51905,29.7974]}},{"type":"Feature","properties":{"name":"Aandhikhola","name_ne":"आँधीखोला","kind":"rural_municipality","district":"Syangja","province_ne":null,"population":16589,"area_km2":69.61,"website":"https://aandhikholamun.gov.np/","slopes_documented":2,"susceptibility_median":0.257,"trails_mapped_within_10km":923,"located_by":"the mean position of the documented slopes whose titles name this unit - not a surveyed town centre"},"geometry":{"type":"Point","coordinates":[83.78223,28.16802]}},{"type":"Feature","properties":{"name":"Beni","name_ne":"बेनी","kind":"municipality","district":"Myagdi","province_ne":"गण्डकी प्रदेश","population":33498,"area_km2":76.57,"website":"https://www.benimun.gov.np/en","slopes_documented":2,"susceptibility_median":0.187,"trails_mapped_within_10km":4,"located_by":"the mean position of the documented slopes whose titles name this unit - not a surveyed town centre"},"geometry":{"type":"Point","coordinates":[83.53243,28.35431]}},{"type":"Feature","properties":{"name":"Rambha","name_ne":"रम्भा","kind":"rural_municipality","district":"Palpa","province_ne":null,"population":20190,"area_km2":94.12,"website":"https://rambhamun.gov.np/","slopes_documented":2,"susceptibility_median":0.268,"trails_mapped_within_10km":0,"located_by":"the mean position of the documented slopes whose titles name this unit - not a surveyed town centre"},"geometry":{"type":"Point","coordinates":[83.67077,27.84531]}},{"type":"Feature","properties":{"name":"Modi","name_ne":"मोदी","kind":"rural_municipality","district":"Parbat","province_ne":null,"population":21284,"area_km2":143.6,"website":"https://modimun.gov.np/","slopes_documented":2,"susceptibility_median":0.211,"trails_mapped_within_10km":1942,"located_by":"the mean position of the documented slopes whose titles name this unit - not a surveyed town centre"},"geometry":{"type":"Point","coordinates":[83.74668,28.27607]}},{"type":"Feature","properties":{"name":"Ruru","name_ne":"रुरु","kind":"rural_municipality","district":"Gulmi","province_ne":null,"population":18581,"area_km2":67.38,"website":"https://rurumun.gov.np/","slopes_documented":2,"susceptibility_median":0.287,"trails_mapped_within_10km":0,"located_by":"the mean position of the documented slopes whose titles name this unit - not a surveyed town centre"},"geometry":{"type":"Point","coordinates":[83.41228,27.98915]}},{"type":"Feature","properties":{"name":"Bheri","name_ne":"भेरी","kind":"municipality","district":"Jajarkot","province_ne":"कर्णाली प्रदेश","population":33515,"area_km2":219.77,"website":"https://bherimalikamun.gov.np/en","slopes_documented":2,"susceptibility_median":0.135,"trails_mapped_within_10km":0,"located_by":"the mean position of the documented slopes whose titles name this unit - not a surveyed town centre"},"geometry":{"type":"Point","coordinates":[82.13663,28.67402]}},{"type":"Feature","properties":{"name":"Thantikandh","name_ne":"ठाँटीकाँध","kind":"rural_municipality","district":"Dailekh","province_ne":null,"population":18896,"area_km2":88.22,"website":"https://thantikandhmun.gov.np/","slopes_documented":2,"susceptibility_median":0.156,"trails_mapped_within_10km":0,"located_by":"the mean position of the documented slopes whose titles name this unit - not a surveyed town centre"},"geometry":{"type":"Point","coordinates":[81.53204,29.00953]}},{"type":"Feature","properties":{"name":"Musikot","name_ne":"मुसिकोट","kind":"municipality","district":"Western Rukum","province_ne":"कर्णाली प्रदेश","population":32939,"area_km2":136.06,"website":"https://www.musikotmun.gov.np/en","slopes_documented":2,"susceptibility_median":0.191,"trails_mapped_within_10km":0,"located_by":"the mean position of the documented slopes whose titles name this unit - not a surveyed town centre"},"geometry":{"type":"Point","coordinates":[82.92139,28.35547]}},{"type":"Feature","properties":{"name":"Dharmadevi","name_ne":"धर्मदेवी","kind":"municipality","district":"Sankhuwasabha","province_ne":"कोशी प्रदेश","population":18235,"area_km2":132.82,"website":"https://www.dharmadevimun.gov.np/","slopes_documented":2,"susceptibility_median":0.265,"trails_mapped_within_10km":0,"located_by":"the mean position of the documented slopes whose titles name this unit - not a surveyed town centre"},"geometry":{"type":"Point","coordinates":[87.40285,27.19401]}},{"type":"Feature","properties":{"name":"Rainadevi Chhahara","name_ne":"रैनादेवी छहरा","kind":"rural_municipality","district":"Palpa","province_ne":null,"population":26469,"area_km2":175.88,"website":"https://rainadevichhaharamun.gov.np/","slopes_documented":2,"susceptibility_median":0.266,"trails_mapped_within_10km":0,"located_by":"the mean position of the documented slopes whose titles name this unit - not a surveyed town centre"},"geometry":{"type":"Point","coordinates":[83.35791,27.83179]}},{"type":"Feature","properties":{"name":"Badimalika","name_ne":"बडीमालिका","kind":"municipality","district":"Bajura","province_ne":"सुदूरपश्चिम प्रदेश","population":16818,"area_km2":276,"website":"https://www.badimalikamun.gov.np/","slopes_documented":2,"susceptibility_median":0.307,"trails_mapped_within_10km":0,"located_by":"the mean position of the documented slopes whose titles name this unit - not a surveyed town centre"},"geometry":{"type":"Point","coordinates":[81.44794,29.45486]}},{"type":"Feature","properties":{"name":"Katari","name_ne":"कटारी","kind":"municipality","district":"Udayapur","province_ne":"कोशी प्रदेश","population":56146,"area_km2":424.89,"website":"https://www.kataarimun.gov.np/en","slopes_documented":2,"susceptibility_median":0.203,"trails_mapped_within_10km":0,"located_by":"the mean position of the documented slopes whose titles name this unit - not a surveyed town centre"},"geometry":{"type":"Point","coordinates":[84.95235,27.62557]}},{"type":"Feature","properties":{"name":"Chainpur","name_ne":"चैनपुर","kind":"municipality","district":"Sankhuwasabha","province_ne":"कोशी प्रदेश","population":27308,"area_km2":223.69,"website":"https://www.chainpurmun.gov.np/en","slopes_documented":2,"susceptibility_median":0.271,"trails_mapped_within_10km":0,"located_by":"the mean position of the documented slopes whose titles name this unit - not a surveyed town centre"},"geometry":{"type":"Point","coordinates":[87.29805,27.28419]}},{"type":"Feature","properties":{"name":"Amargadhi","name_ne":"अमरगढी","kind":"municipality","district":"Dadeldhura","province_ne":"सुदूरपश्चिम प्रदेश","population":21245,"area_km2":139.33,"website":"https://amargadhimun.gov.np/en","slopes_documented":2,"susceptibility_median":0.131,"trails_mapped_within_10km":0,"located_by":"the mean position of the documented slopes whose titles name this unit - not a surveyed town centre"},"geometry":{"type":"Point","coordinates":[80.64358,29.29227]}},{"type":"Feature","properties":{"name":"Shikhar","name_ne":"शिखर","kind":"municipality","district":"Doti","province_ne":"सुदूरपश्चिम प्रदेश","population":31801,"area_km2":285.37,"website":"https://www.shikharmun.gov.np/","slopes_documented":2,"susceptibility_median":0.184,"trails_mapped_within_10km":0,"located_by":"the mean position of the documented slopes whose titles name this unit - not a surveyed town centre"},"geometry":{"type":"Point","coordinates":[80.83002,29.29074]}},{"type":"Feature","properties":{"name":"Kharpunath","name_ne":"खार्पुनाथ","kind":"rural_municipality","district":"Humla","province_ne":null,"population":6011,"area_km2":880,"website":"https://kharpunathmun.gov.np/","slopes_documented":2,"susceptibility_median":0.465,"trails_mapped_within_10km":0,"located_by":"the mean position of the documented slopes whose titles name this unit - not a surveyed town centre"},"geometry":{"type":"Point","coordinates":[81.95669,29.9885]}},{"type":"Feature","properties":{"name":"Shivanath","name_ne":"शिवनाथ","kind":"rural_municipality","district":"Baitadi","province_ne":null,"population":17115,"area_km2":81.65,"website":"https://shivanathmun.gov.np/","slopes_documented":2,"susceptibility_median":0.21,"trails_mapped_within_10km":0,"located_by":"the mean position of the documented slopes whose titles name this unit - not a surveyed town centre"},"geometry":{"type":"Point","coordinates":[80.36542,29.41913]}},{"type":"Feature","properties":{"name":"Pauwadungma","name_ne":"पौवादुङमा","kind":"rural_municipality","district":"Bhojpur","province_ne":null,"population":15394,"area_km2":118.86,"website":"https://pauwadungmamun.gov.np/","slopes_documented":2,"susceptibility_median":0.177,"trails_mapped_within_10km":0,"located_by":"the mean position of the documented slopes whose titles name this unit - not a surveyed town centre"},"geometry":{"type":"Point","coordinates":[87.14257,27.09604]}},{"type":"Feature","properties":{"name":"Kummayak","name_ne":"कुम्मायक","kind":"rural_municipality","district":"Panchthar","province_ne":null,"population":16118,"area_km2":129.3,"website":"https://kummayakmun.gov.np/","slopes_documented":2,"susceptibility_median":0.13,"trails_mapped_within_10km":0,"located_by":"the mean position of the documented slopes whose titles name this unit - not a surveyed town centre"},"geometry":{"type":"Point","coordinates":[87.65884,27.06204]}},{"type":"Feature","properties":{"name":"Biratnagar","name_ne":"विराटनगर","kind":"metropolitan","district":"Morang","province_ne":"कोशी प्रदेश","population":244750,"area_km2":77,"website":"https://biratnagarmun.gov.np/","slopes_documented":2,"susceptibility_median":null,"trails_mapped_within_10km":0,"located_by":"the mean position of the documented slopes whose titles name this unit - not a surveyed town centre"},"geometry":{"type":"Point","coordinates":[87.26182,26.42696]}},{"type":"Feature","properties":{"name":"Itahari","name_ne":"इटहरी","kind":"sub_metropolitan","district":"Sunsari","province_ne":"कोशी प्रदेश","population":198098,"area_km2":93.78,"website":"http://itaharimun.gov.np","slopes_documented":2,"susceptibility_median":null,"trails_mapped_within_10km":0,"located_by":"the mean position of the documented slopes whose titles name this unit - not a surveyed town centre"},"geometry":{"type":"Point","coordinates":[87.27596,26.69032]}},{"type":"Feature","properties":{"name":"Tripurasundari","name_ne":"त्रिपुरासुन्दरी","kind":"rural_municipality","district":"Dhading","province_ne":null,"population":22960,"area_km2":271.23,"website":"https://tripurasundarimundhading.gov.np/","slopes_documented":2,"susceptibility_median":0.189,"trails_mapped_within_10km":0,"located_by":"the mean position of the documented slopes whose titles name this unit - not a surveyed town centre"},"geometry":{"type":"Point","coordinates":[82.73128,29.04268]}},{"type":"Feature","properties":{"name":"Tamakoshi","name_ne":"तामाकोशी","kind":"rural_municipality","district":"Dolakha","province_ne":null,"population":18849,"area_km2":153.06,"website":"https://tamakoshimun.gov.np/","slopes_documented":2,"susceptibility_median":0.157,"trails_mapped_within_10km":0,"located_by":"the mean position of the documented slopes whose titles name this unit - not a surveyed town centre"},"geometry":{"type":"Point","coordinates":[86.13949,27.53174]}},{"type":"Feature","properties":{"name":"Kamalbazar","name_ne":"कमलबजार","kind":"municipality","district":"Achham","province_ne":"सुदूरपश्चिम प्रदेश","population":23738,"area_km2":120.78,"website":"https://kamalbazarmun.gov.np/en","slopes_documented":2,"susceptibility_median":0.105,"trails_mapped_within_10km":0,"located_by":"the mean position of the documented slopes whose titles name this unit - not a surveyed town centre"},"geometry":{"type":"Point","coordinates":[81.32655,29.08306]}},{"type":"Feature","properties":{"name":"Chandragiri","name_ne":"कृष बन्जाडे","kind":"municipality","district":"Kathmandu","province_ne":"बागमती प्रदेश","population":136928,"area_km2":43.9,"website":"https://www.chandragirimun.gov.np/en","slopes_documented":2,"susceptibility_median":null,"trails_mapped_within_10km":2460,"located_by":"the mean position of the documented slopes whose titles name this unit - not a surveyed town centre"},"geometry":{"type":"Point","coordinates":[85.23043,27.70062]}},{"type":"Feature","properties":{"name":"Nisikhola","name_ne":"निसीखोला","kind":"rural_municipality","district":"Baglung","province_ne":null,"population":20611,"area_km2":244.37,"website":"https://nisikholamun.gov.np/","slopes_documented":2,"susceptibility_median":0.338,"trails_mapped_within_10km":0,"located_by":"the mean position of the documented slopes whose titles name this unit - not a surveyed town centre"},"geometry":{"type":"Point","coordinates":[83.06888,28.34711]}},{"type":"Feature","properties":{"name":"Chhayanath Rara","name_ne":"छायाँनाथ रारा","kind":"municipality","district":"Mugu","province_ne":"कर्णाली प्रदेश","population":20078,"area_km2":480.67,"website":"https://www.chhayanathraramun.gov.np/","slopes_documented":2,"susceptibility_median":0.295,"trails_mapped_within_10km":0,"located_by":"the mean position of the documented slopes whose titles name this unit - not a surveyed town centre"},"geometry":{"type":"Point","coordinates":[82.1715,29.53514]}},{"type":"Feature","properties":{"name":"Bhairabi","name_ne":"भैरवी","kind":"rural_municipality","district":"Dailekh","province_ne":null,"population":21233,"area_km2":110.46,"website":"https://bhairabimun.gov.np/","slopes_documented":2,"susceptibility_median":0.222,"trails_mapped_within_10km":0,"located_by":"the mean position of the documented slopes whose titles name this unit - not a surveyed town centre"},"geometry":{"type":"Point","coordinates":[81.65811,28.93803]}},{"type":"Feature","properties":{"name":"Himali","name_ne":"हिमाली","kind":"rural_municipality","district":"Bajura","province_ne":null,"population":9214,"area_km2":830.33,"website":"https://himalimun.gov.np/","slopes_documented":2,"susceptibility_median":0.164,"trails_mapped_within_10km":0,"located_by":"the mean position of the documented slopes whose titles name this unit - not a surveyed town centre"},"geometry":{"type":"Point","coordinates":[81.66966,29.61421]}},{"type":"Feature","properties":{"name":"Aathabis","name_ne":"आठबीस","kind":"municipality","district":"Dailekh","province_ne":"कर्णाली प्रदेश","population":29227,"area_km2":168,"website":"https://aathabismun.gov.np/","slopes_documented":2,"susceptibility_median":0.177,"trails_mapped_within_10km":0,"located_by":"the mean position of the documented slopes whose titles name this unit - not a surveyed town centre"},"geometry":{"type":"Point","coordinates":[81.47474,29.04167]}},{"type":"Feature","properties":{"name":"Changunarayan","name_ne":"चाँगुनारायण","kind":"municipality","district":"Bhaktapur","province_ne":"बागमती प्रदेश","population":55430,"area_km2":62.98,"website":"https://www.changunarayanmun.gov.np/en","slopes_documented":2,"susceptibility_median":0.071,"trails_mapped_within_10km":1274,"located_by":"the mean position of the documented slopes whose titles name this unit - not a surveyed town centre"},"geometry":{"type":"Point","coordinates":[85.45643,27.70668]}},{"type":"Feature","properties":{"name":"Bhimdatta","name_ne":"भीमदत्त","kind":"municipality","district":"Kanchanpur","province_ne":"सुदूरपश्चिम प्रदेश","population":123316,"area_km2":78.24,"website":"https://bheemdattamun.gov.np/en","slopes_documented":2,"susceptibility_median":0.158,"trails_mapped_within_10km":0,"located_by":"the mean position of the documented slopes whose titles name this unit - not a surveyed town centre"},"geometry":{"type":"Point","coordinates":[80.16926,29.01472]}},{"type":"Feature","properties":{"name":"Waling","name_ne":"वालिङ","kind":"municipality","district":"Syangja","province_ne":"गण्डकी प्रदेश","population":51143,"area_km2":128.4,"website":"https://walingmun.gov.np/?language=en","slopes_documented":2,"susceptibility_median":0.307,"trails_mapped_within_10km":0,"located_by":"the mean position of the documented slopes whose titles name this unit - not a surveyed town centre"},"geometry":{"type":"Point","coordinates":[83.78614,27.97246]}},{"type":"Feature","properties":{"name":"Uttargaya","name_ne":"उत्तरगया","kind":"rural_municipality","district":"Rasuwa","province_ne":null,"population":8255,"area_km2":104.51,"website":"https://uttargayamun.gov.np/","slopes_documented":2,"susceptibility_median":0.294,"trails_mapped_within_10km":1106,"located_by":"the mean position of the documented slopes whose titles name this unit - not a surveyed town centre"},"geometry":{"type":"Point","coordinates":[85.18653,28.02004]}},{"type":"Feature","properties":{"name":"Dhulikhel","name_ne":"धुलिखेल","kind":"municipality","district":"Kavrepalanchok","province_ne":"बागमती प्रदेश","population":32162,"area_km2":55,"website":"https://dhulikhelmun.gov.np/en","slopes_documented":2,"susceptibility_median":0.312,"trails_mapped_within_10km":0,"located_by":"the mean position of the documented slopes whose titles name this unit - not a surveyed town centre"},"geometry":{"type":"Point","coordinates":[85.56824,27.59855]}},{"type":"Feature","properties":{"name":"Manebhanjyang","name_ne":"मानेभञ्ज्याङ","kind":"rural_municipality","district":"Okhaldhunga","province_ne":null,"population":21082,"area_km2":146.61,"website":"https://manebhanjyangmun.gov.np/","slopes_documented":2,"susceptibility_median":0.315,"trails_mapped_within_10km":0,"located_by":"the mean position of the documented slopes whose titles name this unit - not a surveyed town centre"},"geometry":{"type":"Point","coordinates":[86.45065,27.22311]}},{"type":"Feature","properties":{"name":"Mangalsen","name_ne":"मंगलसेन","kind":"municipality","district":"Achham","province_ne":"सुदूरपश्चिम प्रदेश","population":32331,"area_km2":220.14,"website":"https://www.mangalsenmun.gov.np/en","slopes_documented":2,"susceptibility_median":0.16,"trails_mapped_within_10km":0,"located_by":"the mean position of the documented slopes whose titles name this unit - not a surveyed town centre"},"geometry":{"type":"Point","coordinates":[81.26122,29.12228]}},{"type":"Feature","properties":{"name":"Sandakpur","name_ne":"सन्दकपुर","kind":"rural_municipality","district":"Ilam","province_ne":null,"population":16065,"area_km2":156.01,"website":"https://sandakpurmun.gov.np/","slopes_documented":2,"susceptibility_median":0.215,"trails_mapped_within_10km":0,"located_by":"the mean position of the documented slopes whose titles name this unit - not a surveyed town centre"},"geometry":{"type":"Point","coordinates":[87.95565,27.03693]}},{"type":"Feature","properties":{"name":"Triyuga","name_ne":"त्रियुगा","kind":"municipality","district":"Udayapur","province_ne":"कोशी प्रदेश","population":104375,"area_km2":547.43,"website":"https://www.triyugamun.gov.np/en","slopes_documented":2,"susceptibility_median":0.206,"trails_mapped_within_10km":0,"located_by":"the mean position of the documented slopes whose titles name this unit - not a surveyed town centre"},"geometry":{"type":"Point","coordinates":[86.63839,26.81976]}},{"type":"Feature","properties":{"name":"Phaktanglung","name_ne":"फक्ताङलुङ","kind":"rural_municipality","district":"Taplejung","province_ne":null,"population":12017,"area_km2":1858.51,"website":"https://phaktanglungmun.gov.np/","slopes_documented":2,"susceptibility_median":0.239,"trails_mapped_within_10km":0,"located_by":"the mean position of the documented slopes whose titles name this unit - not a surveyed town centre"},"geometry":{"type":"Point","coordinates":[87.80864,27.49368]}},{"type":"Feature","properties":{"name":"Hetauda","name_ne":"हेटौडा","kind":"sub_metropolitan","district":"Makawanpur","province_ne":"बागमती प्रदेश","population":195951,"area_km2":261.59,"website":"http://hetaudamun.gov.np","slopes_documented":2,"susceptibility_median":0.132,"trails_mapped_within_10km":0,"located_by":"the mean position of the documented slopes whose titles name this unit - not a surveyed town centre"},"geometry":{"type":"Point","coordinates":[84.97571,27.46244]}},{"type":"Feature","properties":{"name":"Gurbhakot","name_ne":"गुर्भाकोट","kind":"municipality","district":"Surkhet","province_ne":"कर्णाली प्रदेश","population":43765,"area_km2":228.62,"website":"https://gurbhakotmun.gov.np/","slopes_documented":1,"susceptibility_median":0.165,"trails_mapped_within_10km":0,"located_by":"the mean position of the documented slopes whose titles name this unit - not a surveyed town centre"},"geometry":{"type":"Point","coordinates":[81.93633,28.35592]}},{"type":"Feature","properties":{"name":"Thaha","name_ne":"थाहा","kind":"municipality","district":"Makawanpur","province_ne":"बागमती प्रदेश","population":41623,"area_km2":191.12,"website":"https://www.thahamun.gov.np/en","slopes_documented":1,"susceptibility_median":0.162,"trails_mapped_within_10km":0,"located_by":"the mean position of the documented slopes whose titles name this unit - not a surveyed town centre"},"geometry":{"type":"Point","coordinates":[85.02405,27.66176]}},{"type":"Feature","properties":{"name":"Gangadev","name_ne":"गंगादेव","kind":"rural_municipality","district":"Rolpa","province_ne":null,"population":20009,"area_km2":124.38,"website":"https://gangadevmun.gov.np/","slopes_documented":1,"susceptibility_median":0.297,"trails_mapped_within_10km":0,"located_by":"the mean position of the documented slopes whose titles name this unit - not a surveyed town centre"},"geometry":{"type":"Point","coordinates":[84.68668,28.07601]}},{"type":"Feature","properties":{"name":"Naugad","name_ne":"नौगाड","kind":"rural_municipality","district":"Darchula","province_ne":null,"population":15874,"area_km2":180.27,"website":"https://naugadmun.gov.np/","slopes_documented":1,"susceptibility_median":0.462,"trails_mapped_within_10km":0,"located_by":"the mean position of the documented slopes whose titles name this unit - not a surveyed town centre"},"geometry":{"type":"Point","coordinates":[80.69626,29.83779]}},{"type":"Feature","properties":{"name":"Gokulganga","name_ne":"गोकुलगङ्गा","kind":"rural_municipality","district":"Ramechhap","province_ne":null,"population":20058,"area_km2":198.4,"website":"https://gokulgangamun.gov.np/","slopes_documented":1,"susceptibility_median":0.169,"trails_mapped_within_10km":0,"located_by":"the mean position of the documented slopes whose titles name this unit - not a surveyed town centre"},"geometry":{"type":"Point","coordinates":[86.21637,27.55693]}},{"type":"Feature","properties":{"name":"Suryagadhi","name_ne":"सुर्यगढी","kind":"rural_municipality","district":"Nuwakot","province_ne":null,"population":16800,"area_km2":49.09,"website":"https://suryagadhimun.gov.np/","slopes_documented":1,"susceptibility_median":null,"trails_mapped_within_10km":1628,"located_by":"the mean position of the documented slopes whose titles name this unit - not a surveyed town centre"},"geometry":{"type":"Point","coordinates":[85.25127,27.91791]}},{"type":"Feature","properties":{"name":"Bigu","name_ne":"विगु","kind":"rural_municipality","district":"Dolakha","province_ne":null,"population":18449,"area_km2":663.2,"website":"https://bigumun.gov.np/","slopes_documented":1,"susceptibility_median":0.22,"trails_mapped_within_10km":0,"located_by":"the mean position of the documented slopes whose titles name this unit - not a surveyed town centre"},"geometry":{"type":"Point","coordinates":[86.1834,27.78813]}},{"type":"Feature","properties":{"name":"Thulung Dudhkoshi","name_ne":"थुलुङ दुधकोशी","kind":"rural_municipality","district":"Solukhumbu","province_ne":null,"population":19672,"area_km2":144.6,"website":"https://dudhkaushikamun.gov.np/","slopes_documented":1,"susceptibility_median":0.29,"trails_mapped_within_10km":1,"located_by":"the mean position of the documented slopes whose titles name this unit - not a surveyed town centre"},"geometry":{"type":"Point","coordinates":[86.6326,27.44361]}},{"type":"Feature","properties":{"name":"Panchakanya","name_ne":"पञ्चकन्या","kind":"rural_municipality","district":"Nuwakot","province_ne":null,"population":15945,"area_km2":53.47,"website":"https://panchakanyamun.gov.np/","slopes_documented":1,"susceptibility_median":null,"trails_mapped_within_10km":1594,"located_by":"the mean position of the documented slopes whose titles name this unit - not a surveyed town centre"},"geometry":{"type":"Point","coordinates":[85.31454,27.8746]}},{"type":"Feature","properties":{"name":"Rolpa","name_ne":"रोल्पा","kind":"municipality","district":"Rolpa","province_ne":"लुम्बिनी प्रदेश","population":32759,"area_km2":270.42,"website":"https://www.rolpamun.gov.np/","slopes_documented":1,"susceptibility_median":0.316,"trails_mapped_within_10km":0,"located_by":"the mean position of the documented slopes whose titles name this unit - not a surveyed town centre"},"geometry":{"type":"Point","coordinates":[82.63241,28.27457]}},{"type":"Feature","properties":{"name":"Dupcheshwar","name_ne":"दुप्चेश्वर","kind":"rural_municipality","district":"Nuwakot","province_ne":null,"population":22106,"area_km2":131.62,"website":"https://dupcheshwormun.gov.np/","slopes_documented":1,"susceptibility_median":0.309,"trails_mapped_within_10km":1342,"located_by":"the mean position of the documented slopes whose titles name this unit - not a surveyed town centre"},"geometry":{"type":"Point","coordinates":[85.44303,27.97783]}},{"type":"Feature","properties":{"name":"Chankheli","name_ne":"चंखेली","kind":"rural_municipality","district":"Humla","province_ne":null,"population":5517,"area_km2":1310.41,"website":"https://chankhelimun.gov.np/","slopes_documented":1,"susceptibility_median":0.415,"trails_mapped_within_10km":0,"located_by":"the mean position of the documented slopes whose titles name this unit - not a surveyed town centre"},"geometry":{"type":"Point","coordinates":[82.25209,29.93646]}},{"type":"Feature","properties":{"name":"Rong","name_ne":"रोङ","kind":"rural_municipality","district":"Ilam","province_ne":null,"population":19135,"area_km2":155.06,"website":"https://rongmun.gov.np/","slopes_documented":1,"susceptibility_median":0.147,"trails_mapped_within_10km":0,"located_by":"the mean position of the documented slopes whose titles name this unit - not a surveyed town centre"},"geometry":{"type":"Point","coordinates":[88.07564,26.82562]}},{"type":"Feature","properties":{"name":"Makawanpurgadhi","name_ne":"मकवानपुरगढी","kind":"rural_municipality","district":"Makwanpur","province_ne":null,"population":25322,"area_km2":148.72,"website":"https://makawanpurgadhimun.gov.np/","slopes_documented":1,"susceptibility_median":0.181,"trails_mapped_within_10km":0,"located_by":"the mean position of the documented slopes whose titles name this unit - not a surveyed town centre"},"geometry":{"type":"Point","coordinates":[85.14928,27.41848]}},{"type":"Feature","properties":{"name":"Kailash","name_ne":"कैलाश","kind":"rural_municipality","district":"Makwanpur","province_ne":null,"population":23922,"area_km2":204.48,"website":"https://kailashmun.gov.np/","slopes_documented":1,"susceptibility_median":0.181,"trails_mapped_within_10km":0,"located_by":"the mean position of the documented slopes whose titles name this unit - not a surveyed town centre"},"geometry":{"type":"Point","coordinates":[84.98522,27.62541]}},{"type":"Feature","properties":{"name":"Konjyosom","name_ne":"कोन्ज्योसोम","kind":"rural_municipality","district":"Lalitpur","province_ne":null,"population":9709,"area_km2":44.16,"website":"https://konjyosommun.gov.np/","slopes_documented":1,"susceptibility_median":0.408,"trails_mapped_within_10km":0,"located_by":"the mean position of the documented slopes whose titles name this unit - not a surveyed town centre"},"geometry":{"type":"Point","coordinates":[85.33674,27.50845]}},{"type":"Feature","properties":{"name":"Rautamai","name_ne":"रौतामाई","kind":"rural_municipality","district":"Udayapur","province_ne":null,"population":23481,"area_km2":204.08,"website":"https://rautamaimun.gov.np/","slopes_documented":1,"susceptibility_median":0.252,"trails_mapped_within_10km":0,"located_by":"the mean position of the documented slopes whose titles name this unit - not a surveyed town centre"},"geometry":{"type":"Point","coordinates":[86.63893,26.95191]}},{"type":"Feature","properties":{"name":"Chulachuli","name_ne":"चुलाचुली","kind":"rural_municipality","district":"Ilam","province_ne":null,"population":20820,"area_km2":108.46,"website":"https://chulachulimun.gov.np/","slopes_documented":1,"susceptibility_median":null,"trails_mapped_within_10km":0,"located_by":"the mean position of the documented slopes whose titles name this unit - not a surveyed town centre"},"geometry":{"type":"Point","coordinates":[87.78928,26.69125]}},{"type":"Feature","properties":{"name":"Bakaiya","name_ne":"बकैया","kind":"rural_municipality","district":"Makwanpur","province_ne":null,"population":39620,"area_km2":393.75,"website":"https://bakaiyamun.gov.np/","slopes_documented":1,"susceptibility_median":0.11,"trails_mapped_within_10km":0,"located_by":"the mean position of the documented slopes whose titles name this unit - not a surveyed town centre"},"geometry":{"type":"Point","coordinates":[85.17569,27.33611]}},{"type":"Feature","properties":{"name":"Mechinagar","name_ne":"मेचीनगर","kind":"municipality","district":"Jhapa","province_ne":"कोशी प्रदेश","population":131520,"area_km2":192.85,"website":"https://mechinagarmun.gov.np/","slopes_documented":1,"susceptibility_median":null,"trails_mapped_within_10km":0,"located_by":"the mean position of the documented slopes whose titles name this unit - not a surveyed town centre"},"geometry":{"type":"Point","coordinates":[88.13494,26.63454]}},{"type":"Feature","properties":{"name":"Kawasoti","name_ne":"कावासोती","kind":"municipality","district":"Nawalpur","province_ne":"गण्डकी प्रदेश","population":62421,"area_km2":108.34,"website":"https://www.kawasotimun.gov.np/en","slopes_documented":1,"susceptibility_median":null,"trails_mapped_within_10km":0,"located_by":"the mean position of the documented slopes whose titles name this unit - not a surveyed town centre"},"geometry":{"type":"Point","coordinates":[84.09339,27.62824]}},{"type":"Feature","properties":{"name":"Sunapati","name_ne":"सुनापती","kind":"rural_municipality","district":"Ramechhap","province_ne":null,"population":18141,"area_km2":86.98,"website":"https://sunapatimun.gov.np/","slopes_documented":1,"susceptibility_median":0.096,"trails_mapped_within_10km":0,"located_by":"the mean position of the documented slopes whose titles name this unit - not a surveyed town centre"},"geometry":{"type":"Point","coordinates":[85.8299,27.49254]}},{"type":"Feature","properties":{"name":"Phedikhola","name_ne":"फेदीखोला","kind":"rural_municipality","district":"Syangja","province_ne":null,"population":12341,"area_km2":56.73,"website":"https://phedikholamun.gov.np/","slopes_documented":1,"susceptibility_median":0.307,"trails_mapped_within_10km":1351,"located_by":"the mean position of the documented slopes whose titles name this unit - not a surveyed town centre"},"geometry":{"type":"Point","coordinates":[83.86107,28.18318]}},{"type":"Feature","properties":{"name":"Chichila","name_ne":"चिचिला","kind":"rural_municipality","district":"Sankhuwasabha","province_ne":null,"population":7065,"area_km2":88.63,"website":"https://chichilamun.gov.np/","slopes_documented":1,"susceptibility_median":0.268,"trails_mapped_within_10km":0,"located_by":"the mean position of the documented slopes whose titles name this unit - not a surveyed town centre"},"geometry":{"type":"Point","coordinates":[87.18957,27.4702]}},{"type":"Feature","properties":{"name":"Panchkhal","name_ne":"पाँचखाल","kind":"municipality","district":"Kavrepalanchok","province_ne":"बागमती प्रदेश","population":37997,"area_km2":103,"website":"https://www.panchkhalmun.gov.np/en","slopes_documented":1,"susceptibility_median":0.094,"trails_mapped_within_10km":0,"located_by":"the mean position of the documented slopes whose titles name this unit - not a surveyed town centre"},"geometry":{"type":"Point","coordinates":[85.62973,27.65775]}},{"type":"Feature","properties":{"name":"Namobuddha","name_ne":"नमोबुद्ध","kind":"municipality","district":"Kavrepalanchok","province_ne":"बागमती प्रदेश","population":29519,"area_km2":102,"website":"https://www.namobuddhamun.gov.np/","slopes_documented":1,"susceptibility_median":0.196,"trails_mapped_within_10km":0,"located_by":"the mean position of the documented slopes whose titles name this unit - not a surveyed town centre"},"geometry":{"type":"Point","coordinates":[85.66197,27.58211]}},{"type":"Feature","properties":{"name":"Ajirkot","name_ne":"अजिरकोट","kind":"rural_municipality","district":"Gorkha","province_ne":null,"population":14802,"area_km2":198.05,"website":"https://ajirkotmun.gov.np/","slopes_documented":1,"susceptibility_median":0.046,"trails_mapped_within_10km":0,"located_by":"the mean position of the documented slopes whose titles name this unit - not a surveyed town centre"},"geometry":{"type":"Point","coordinates":[84.66424,28.13914]}},{"type":"Feature","properties":{"name":"Dhurkot","name_ne":"धुर्कोट","kind":"rural_municipality","district":"Gulmi","province_ne":null,"population":22454,"area_km2":86.32,"website":"https://dhurkotmun.gov.np/","slopes_documented":1,"susceptibility_median":0.476,"trails_mapped_within_10km":0,"located_by":"the mean position of the documented slopes whose titles name this unit - not a surveyed town centre"},"geometry":{"type":"Point","coordinates":[83.10477,28.09883]}},{"type":"Feature","properties":{"name":"Melauli","name_ne":"मेलौली","kind":"municipality","district":"Baitadi","province_ne":"सुदूरपश्चिम प्रदेश","population":22545,"area_km2":119.43,"website":"https://www.melaulimun.gov.np/","slopes_documented":1,"susceptibility_median":0.178,"trails_mapped_within_10km":0,"located_by":"the mean position of the documented slopes whose titles name this unit - not a surveyed town centre"},"geometry":{"type":"Point","coordinates":[80.4743,29.45794]}},{"type":"Feature","properties":{"name":"Bihadi","name_ne":"विहादी","kind":"rural_municipality","district":"Parbat","province_ne":null,"population":13403,"area_km2":44.8,"website":"https://bihadimun.gov.np/","slopes_documented":1,"susceptibility_median":null,"trails_mapped_within_10km":0,"located_by":"the mean position of the documented slopes whose titles name this unit - not a surveyed town centre"},"geometry":{"type":"Point","coordinates":[83.61913,28.05631]}},{"type":"Feature","properties":{"name":"Dangisharan","name_ne":"दंगीशरण","kind":"rural_municipality","district":"Dang","province_ne":null,"population":21484,"area_km2":110.7,"website":"https://dangisharanmun.gov.np/","slopes_documented":1,"susceptibility_median":null,"trails_mapped_within_10km":0,"located_by":"the mean position of the documented slopes whose titles name this unit - not a surveyed town centre"},"geometry":{"type":"Point","coordinates":[82.20818,28.04181]}},{"type":"Feature","properties":{"name":"Likhu","name_ne":"लिखु","kind":"rural_municipality","district":"Okhaldhunga","province_ne":null,"population":14049,"area_km2":88.03,"website":"https://likhumunokhaldhunga.gov.np/","slopes_documented":1,"susceptibility_median":0.197,"trails_mapped_within_10km":0,"located_by":"the mean position of the documented slopes whose titles name this unit - not a surveyed town centre"},"geometry":{"type":"Point","coordinates":[86.39329,27.5556]}},{"type":"Feature","properties":{"name":"Sigas","name_ne":"सिगास","kind":"rural_municipality","district":"Baitadi","province_ne":null,"population":21510,"area_km2":245.44,"website":"https://sigasmun.gov.np/","slopes_documented":1,"susceptibility_median":0.226,"trails_mapped_within_10km":0,"located_by":"the mean position of the documented slopes whose titles name this unit - not a surveyed town centre"},"geometry":{"type":"Point","coordinates":[80.82935,29.41503]}},{"type":"Feature","properties":{"name":"Baiteshwor","name_ne":"वैतेश्वर","kind":"rural_municipality","district":"Dolakha","province_ne":null,"population":19876,"area_km2":80.41,"website":"https://baiteshwormun.gov.np/","slopes_documented":1,"susceptibility_median":0.174,"trails_mapped_within_10km":0,"located_by":"the mean position of the documented slopes whose titles name this unit - not a surveyed town centre"},"geometry":{"type":"Point","coordinates":[86.10641,27.63058]}},{"type":"Feature","properties":{"name":"Marsyangdi","name_ne":"मर्स्याङदी","kind":"rural_municipality","district":"Lamjung","province_ne":null,"population":18759,"area_km2":597.25,"website":"https://marsyangdimun.gov.np/","slopes_documented":1,"susceptibility_median":0.14,"trails_mapped_within_10km":634,"located_by":"the mean position of the documented slopes whose titles name this unit - not a surveyed town centre"},"geometry":{"type":"Point","coordinates":[84.34022,28.26995]}},{"type":"Feature","properties":{"name":"Silichong","name_ne":"सिलीचोङ","kind":"rural_municipality","district":"Sankhuwasabha","province_ne":null,"population":12174,"area_km2":293.26,"website":"https://silichongmun.gov.np/","slopes_documented":1,"susceptibility_median":0.469,"trails_mapped_within_10km":1,"located_by":"the mean position of the documented slopes whose titles name this unit - not a surveyed town centre"},"geometry":{"type":"Point","coordinates":[87.16282,27.5367]}},{"type":"Feature","properties":{"name":"Balephi","name_ne":"बलेफी","kind":"rural_municipality","district":"Sindhupalchok","province_ne":null,"population":18909,"area_km2":61.6,"website":"https://balephimun.gov.np/","slopes_documented":1,"susceptibility_median":0.11,"trails_mapped_within_10km":316,"located_by":"the mean position of the documented slopes whose titles name this unit - not a surveyed town centre"},"geometry":{"type":"Point","coordinates":[85.84283,27.98877]}},{"type":"Feature","properties":{"name":"Golanjor","name_ne":"गोलन्जोर","kind":"rural_municipality","district":"Sindhuli","province_ne":null,"population":19329,"area_km2":184.13,"website":"https://golanjormun.gov.np/","slopes_documented":1,"susceptibility_median":0.308,"trails_mapped_within_10km":0,"located_by":"the mean position of the documented slopes whose titles name this unit - not a surveyed town centre"},"geometry":{"type":"Point","coordinates":[86.15851,27.22436]}},{"type":"Feature","properties":{"name":"Sisne","name_ne":"सिस्ने","kind":"rural_municipality","district":"Eastern Rukum","province_ne":null,"population":16497,"area_km2":327.12,"website":"https://sisnemun.gov.np/","slopes_documented":1,"susceptibility_median":null,"trails_mapped_within_10km":0,"located_by":"the mean position of the documented slopes whose titles name this unit - not a surveyed town centre"},"geometry":{"type":"Point","coordinates":[82.66708,28.79488]}},{"type":"Feature","properties":{"name":"Hima","name_ne":"हिमा","kind":"rural_municipality","district":"Jumla","province_ne":null,"population":10961,"area_km2":132.32,"website":"https://himamun.gov.np/","slopes_documented":1,"susceptibility_median":0.229,"trails_mapped_within_10km":0,"located_by":"the mean position of the documented slopes whose titles name this unit - not a surveyed town centre"},"geometry":{"type":"Point","coordinates":[80.83619,29.86735]}},{"type":"Feature","properties":{"name":"Gaushala","name_ne":"गौशाला","kind":"municipality","district":"Mahottari","province_ne":"मदेश प्रदेश","population":66673,"area_km2":144.73,"website":"https://www.gaushalamun.gov.np/en","slopes_documented":1,"susceptibility_median":null,"trails_mapped_within_10km":0,"located_by":"the mean position of the documented slopes whose titles name this unit - not a surveyed town centre"},"geometry":{"type":"Point","coordinates":[85.78385,26.92234]}},{"type":"Feature","properties":{"name":"Indrasarowar","name_ne":"ईन्द्र सरोवर","kind":"rural_municipality","district":"Makwanpur","province_ne":null,"population":17585,"area_km2":97.34,"website":"https://indrasarowarmun.gov.np/","slopes_documented":1,"susceptibility_median":0.223,"trails_mapped_within_10km":0,"located_by":"the mean position of the documented slopes whose titles name this unit - not a surveyed town centre"},"geometry":{"type":"Point","coordinates":[85.22474,27.59824]}},{"type":"Feature","properties":{"name":"Phedap","name_ne":"फेदाप","kind":"rural_municipality","district":"Terhathum","province_ne":null,"population":17700,"area_km2":110.83,"website":"https://phedapmun.gov.np/","slopes_documented":1,"susceptibility_median":0.153,"trails_mapped_within_10km":0,"located_by":"the mean position of the documented slopes whose titles name this unit - not a surveyed town centre"},"geometry":{"type":"Point","coordinates":[87.5576,27.19119]}},{"type":"Feature","properties":{"name":"Sundarbazar","name_ne":"सुन्दरबजार","kind":"municipality","district":"Lamjung","province_ne":"गण्डकी प्रदेश","population":26861,"area_km2":72.05,"website":"https://www.sundarbazarmun.gov.np/en","slopes_documented":1,"susceptibility_median":null,"trails_mapped_within_10km":86,"located_by":"the mean position of the documented slopes whose titles name this unit - not a surveyed town centre"},"geometry":{"type":"Point","coordinates":[84.42756,28.12259]}},{"type":"Feature","properties":{"name":"Gorkha","name_ne":"गोरखा","kind":"municipality","district":"Gorkha","province_ne":"गण्डकी प्रदेश","population":49272,"area_km2":131.86,"website":"https://gorkhamun.gov.np/en","slopes_documented":1,"susceptibility_median":0.079,"trails_mapped_within_10km":0,"located_by":"the mean position of the documented slopes whose titles name this unit - not a surveyed town centre"},"geometry":{"type":"Point","coordinates":[84.62127,27.96501]}},{"type":"Feature","properties":{"name":"Chhathar Jorpati","name_ne":"छथर जोरपाटी","kind":"rural_municipality","district":"Dhankuta","province_ne":null,"population":18322,"area_km2":102.83,"website":"https://chhatharjorpatimun.gov.np/","slopes_documented":1,"susceptibility_median":0.356,"trails_mapped_within_10km":0,"located_by":"the mean position of the documented slopes whose titles name this unit - not a surveyed town centre"},"geometry":{"type":"Point","coordinates":[87.40887,27.04376]}},{"type":"Feature","properties":{"name":"Thakre","name_ne":"थाक्रे","kind":"rural_municipality","district":"Dhading","province_ne":null,"population":32914,"area_km2":96.41,"website":"https://thakremun.gov.np/","slopes_documented":1,"susceptibility_median":0.219,"trails_mapped_within_10km":0,"located_by":"the mean position of the documented slopes whose titles name this unit - not a surveyed town centre"},"geometry":{"type":"Point","coordinates":[85.0765,27.74257]}},{"type":"Feature","properties":{"name":"Dhankuta","name_ne":"धनकुटा","kind":"municipality","district":"Dhankuta","province_ne":"कोशी प्रदेश","population":36619,"area_km2":111,"website":"https://dhankutamun.gov.np/en","slopes_documented":1,"susceptibility_median":0.256,"trails_mapped_within_10km":0,"located_by":"the mean position of the documented slopes whose titles name this unit - not a surveyed town centre"},"geometry":{"type":"Point","coordinates":[87.33176,26.97728]}},{"type":"Feature","properties":{"name":"Jaljala","name_ne":"जलजला","kind":"rural_municipality","district":"Parbat","province_ne":null,"population":21454,"area_km2":82.26,"website":"https://jaljalamun.gov.np/","slopes_documented":1,"susceptibility_median":0.36,"trails_mapped_within_10km":352,"located_by":"the mean position of the documented slopes whose titles name this unit - not a surveyed town centre"},"geometry":{"type":"Point","coordinates":[83.59096,28.33749]}},{"type":"Feature","properties":{"name":"Naumule","name_ne":"नौमुले","kind":"rural_municipality","district":"Dailekh","province_ne":null,"population":20802,"area_km2":228.59,"website":"https://naumulemun.gov.np/","slopes_documented":1,"susceptibility_median":0.317,"trails_mapped_within_10km":0,"located_by":"the mean position of the documented slopes whose titles name this unit - not a surveyed town centre"},"geometry":{"type":"Point","coordinates":[81.77561,28.9751]}},{"type":"Feature","properties":{"name":"Gadhi","name_ne":"गढी","kind":"rural_municipality","district":"Sunsari","province_ne":null,"population":34852,"area_km2":67.7,"website":"https://gadhimun.gov.np/","slopes_documented":1,"susceptibility_median":0.23,"trails_mapped_within_10km":0,"located_by":"the mean position of the documented slopes whose titles name this unit - not a surveyed town centre"},"geometry":{"type":"Point","coordinates":[81.33646,29.18417]}},{"type":"Feature","properties":{"name":"Panchadewal Binayak","name_ne":"पञ्चदेवल विनायक","kind":"municipality","district":"Achham","province_ne":"सुदूरपश्चिम प्रदेश","population":27485,"area_km2":147.75,"website":"https://www.panchadewalbinayakmun.gov.np/","slopes_documented":1,"susceptibility_median":0.295,"trails_mapped_within_10km":0,"located_by":"the mean position of the documented slopes whose titles name this unit - not a surveyed town centre"},"geometry":{"type":"Point","coordinates":[81.3919,29.11432]}},{"type":"Feature","properties":{"name":"Palata","name_ne":"पलाता","kind":"rural_municipality","district":"Kalikot","province_ne":null,"population":15303,"area_km2":318.84,"website":"https://palatamun.gov.np/","slopes_documented":1,"susceptibility_median":0.331,"trails_mapped_within_10km":0,"located_by":"the mean position of the documented slopes whose titles name this unit - not a surveyed town centre"},"geometry":{"type":"Point","coordinates":[81.80191,29.25841]}},{"type":"Feature","properties":{"name":"Barhabise","name_ne":"बाह्रविसे","kind":"municipality","district":"Sindhupalchok","province_ne":"बागमती प्रदेश","population":26700,"area_km2":96.73,"website":"https://www.bahrabisemun.gov.np/","slopes_documented":1,"susceptibility_median":0.085,"trails_mapped_within_10km":0,"located_by":"the mean position of the documented slopes whose titles name this unit - not a surveyed town centre"},"geometry":{"type":"Point","coordinates":[85.96229,27.80398]}},{"type":"Feature","properties":{"name":"Surnaya","name_ne":"सुर्नया","kind":"rural_municipality","district":"Baitadi","province_ne":null,"population":18549,"area_km2":124.52,"website":"https://sunaryamun.gov.np/","slopes_documented":1,"susceptibility_median":0.265,"trails_mapped_within_10km":0,"located_by":"the mean position of the documented slopes whose titles name this unit - not a surveyed town centre"},"geometry":{"type":"Point","coordinates":[80.57271,29.53636]}},{"type":"Feature","properties":{"name":"Naraha","name_ne":"नरहा","kind":"rural_municipality","district":"Siraha","province_ne":null,"population":19369,"area_km2":29.28,"website":"https://narahamun.gov.np/","slopes_documented":1,"susceptibility_median":0.39,"trails_mapped_within_10km":0,"located_by":"the mean position of the documented slopes whose titles name this unit - not a surveyed town centre"},"geometry":{"type":"Point","coordinates":[81.52866,29.2601]}},{"type":"Feature","properties":{"name":"Mathagadhi","name_ne":"माथागढी","kind":"rural_municipality","district":"Palpa","province_ne":null,"population":25017,"area_km2":215.49,"website":"https://mathagadhimun.gov.np/","slopes_documented":1,"susceptibility_median":0.217,"trails_mapped_within_10km":0,"located_by":"the mean position of the documented slopes whose titles name this unit - not a surveyed town centre"},"geometry":{"type":"Point","coordinates":[83.66859,27.78104]}},{"type":"Feature","properties":{"name":"Pyuthan","name_ne":"प्यूठान","kind":"municipality","district":"Pyuthan","province_ne":"लुम्बिनी प्रदेश","population":38449,"area_km2":128.96,"website":"https://www.pyuthanmun.gov.np/en","slopes_documented":1,"susceptibility_median":0.283,"trails_mapped_within_10km":0,"located_by":"the mean position of the documented slopes whose titles name this unit - not a surveyed town centre"},"geometry":{"type":"Point","coordinates":[82.89029,28.14423]}},{"type":"Feature","properties":{"name":"Devdaha","name_ne":"देवदह","kind":"municipality","district":"Rupandehi","province_ne":"लुम्बिनी प्रदेश","population":53523,"area_km2":136.95,"website":"https://www.devdahamun.gov.np/en","slopes_documented":1,"susceptibility_median":null,"trails_mapped_within_10km":0,"located_by":"the mean position of the documented slopes whose titles name this unit - not a surveyed town centre"},"geometry":{"type":"Point","coordinates":[83.52567,27.69223]}},{"type":"Feature","properties":{"name":"Malarani","name_ne":"मालारानी","kind":"rural_municipality","district":"Arghakhanchi","province_ne":null,"population":28044,"area_km2":101.06,"website":"https://malaranimun.gov.np/","slopes_documented":1,"susceptibility_median":0.277,"trails_mapped_within_10km":0,"located_by":"the mean position of the documented slopes whose titles name this unit - not a surveyed town centre"},"geometry":{"type":"Point","coordinates":[83.01989,28.08579]}},{"type":"Feature","properties":{"name":"Satyawati","name_ne":"सत्यवती","kind":"rural_municipality","district":"Gulmi","province_ne":null,"population":23807,"area_km2":115.92,"website":"https://satyawatimun.gov.np/","slopes_documented":1,"susceptibility_median":0.424,"trails_mapped_within_10km":0,"located_by":"the mean position of the documented slopes whose titles name this unit - not a surveyed town centre"},"geometry":{"type":"Point","coordinates":[83.46399,28.0332]}},{"type":"Feature","properties":{"name":"Kamalamai","name_ne":"कमलामाई","kind":"municipality","district":"Sindhuli","province_ne":"बागमती प्रदेश","population":65064,"area_km2":482.57,"website":"https://kamalamaimun.gov.np/en","slopes_documented":1,"susceptibility_median":0.103,"trails_mapped_within_10km":0,"located_by":"the mean position of the documented slopes whose titles name this unit - not a surveyed town centre"},"geometry":{"type":"Point","coordinates":[85.88458,27.16197]}},{"type":"Feature","properties":{"name":"Bhimad","name_ne":"भिमाद","kind":"municipality","district":"Tanahun","province_ne":"गण्डकी प्रदेश","population":31362,"area_km2":129,"website":"https://www.bhimadmun.gov.np/","slopes_documented":1,"susceptibility_median":0.216,"trails_mapped_within_10km":0,"located_by":"the mean position of the documented slopes whose titles name this unit - not a surveyed town centre"},"geometry":{"type":"Point","coordinates":[84.06778,27.99242]}},{"type":"Feature","properties":{"name":"Myagde","name_ne":"म्याग्दे","kind":"rural_municipality","district":"Tanahun","province_ne":null,"population":22502,"area_km2":115,"website":"https://myagdemun.gov.np/","slopes_documented":1,"susceptibility_median":0.263,"trails_mapped_within_10km":0,"located_by":"the mean position of the documented slopes whose titles name this unit - not a surveyed town centre"},"geometry":{"type":"Point","coordinates":[84.10901,27.99164]}},{"type":"Feature","properties":{"name":"Kalika","name_ne":"कालिका","kind":"municipality","district":"Chitwan","province_ne":"बागमती प्रदेश","population":41742,"area_km2":149.08,"website":"https://kalikamun.gov.np/en","slopes_documented":1,"susceptibility_median":0.169,"trails_mapped_within_10km":0,"located_by":"the mean position of the documented slopes whose titles name this unit - not a surveyed town centre"},"geometry":{"type":"Point","coordinates":[84.66084,27.6931]}},{"type":"Feature","properties":{"name":"Palungtar","name_ne":"पालुङटार","kind":"municipality","district":"Gorkha","province_ne":"गण्डकी प्रदेश","population":38174,"area_km2":158.62,"website":"https://www.palungtarmun.gov.np/en","slopes_documented":1,"susceptibility_median":0.222,"trails_mapped_within_10km":0,"located_by":"the mean position of the documented slopes whose titles name this unit - not a surveyed town centre"},"geometry":{"type":"Point","coordinates":[84.54112,28.04704]}},{"type":"Feature","properties":{"name":"Raksirang","name_ne":"राक्सिराङ्ग","kind":"rural_municipality","district":"Makwanpur","province_ne":null,"population":26192,"area_km2":226.7,"website":"https://raksirangmun.gov.np/","slopes_documented":1,"susceptibility_median":0.327,"trails_mapped_within_10km":0,"located_by":"the mean position of the documented slopes whose titles name this unit - not a surveyed town centre"},"geometry":{"type":"Point","coordinates":[84.78594,27.64598]}},{"type":"Feature","properties":{"name":"Gaurishankar","name_ne":"गौरिशंकर","kind":"rural_municipality","district":"Dolakha","province_ne":null,"population":17062,"area_km2":681.39,"website":"https://gaurishankarmun.gov.np/","slopes_documented":1,"susceptibility_median":0.373,"trails_mapped_within_10km":0,"located_by":"the mean position of the documented slopes whose titles name this unit - not a surveyed town centre"},"geometry":{"type":"Point","coordinates":[86.15274,27.6884]}},{"type":"Feature","properties":{"name":"Naukunda","name_ne":"नौकुण्ड","kind":"rural_municipality","district":"Rasuwa","province_ne":null,"population":11824,"area_km2":126.99,"website":"https://naukundamun.gov.np/","slopes_documented":1,"susceptibility_median":0.243,"trails_mapped_within_10km":1938,"located_by":"the mean position of the documented slopes whose titles name this unit - not a surveyed town centre"},"geometry":{"type":"Point","coordinates":[85.2502,27.98301]}},{"type":"Feature","properties":{"name":"Kakani","name_ne":"ककनी","kind":"rural_municipality","district":"Nuwakot","province_ne":null,"population":27073,"area_km2":87.97,"website":"https://kakanimun.gov.np/","slopes_documented":1,"susceptibility_median":0.21,"trails_mapped_within_10km":1670,"located_by":"the mean position of the documented slopes whose titles name this unit - not a surveyed town centre"},"geometry":{"type":"Point","coordinates":[85.26602,27.82663]}},{"type":"Feature","properties":{"name":"Marma","name_ne":"मार्मा","kind":"rural_municipality","district":"Darchula","province_ne":null,"population":14956,"area_km2":208.06,"website":"https://marmamun.gov.np/","slopes_documented":1,"susceptibility_median":0.37,"trails_mapped_within_10km":0,"located_by":"the mean position of the documented slopes whose titles name this unit - not a surveyed town centre"},"geometry":{"type":"Point","coordinates":[80.88122,29.74334]}},{"type":"Feature","properties":{"name":"Bhajani","name_ne":"भजनी","kind":"municipality","district":"Kailali","province_ne":"सुदूरपश्चिम प्रदेश","population":51845,"area_km2":176.25,"website":"https://www.bhajanitrishaktimun.gov.np/en","slopes_documented":1,"susceptibility_median":null,"trails_mapped_within_10km":0,"located_by":"the mean position of the documented slopes whose titles name this unit - not a surveyed town centre"},"geometry":{"type":"Point","coordinates":[81.02742,28.48246]}},{"type":"Feature","properties":{"name":"Sayal","name_ne":"सायल","kind":"rural_municipality","district":"Doti","province_ne":null,"population":19551,"area_km2":122.72,"website":"https://sayalmun.gov.np/","slopes_documented":1,"susceptibility_median":0.285,"trails_mapped_within_10km":0,"located_by":"the mean position of the documented slopes whose titles name this unit - not a surveyed town centre"},"geometry":{"type":"Point","coordinates":[81.01426,29.34904]}},{"type":"Feature","properties":{"name":"Mangsebung","name_ne":"माङसेबुङ","kind":"rural_municipality","district":"Ilam","province_ne":null,"population":18503,"area_km2":142.41,"website":"https://mansebungmun.gov.np/","slopes_documented":1,"susceptibility_median":0.067,"trails_mapped_within_10km":0,"located_by":"the mean position of the documented slopes whose titles name this unit - not a surveyed town centre"},"geometry":{"type":"Point","coordinates":[87.69045,26.85323]}},{"type":"Feature","properties":{"name":"Thalara","name_ne":"थलारा","kind":"rural_municipality","district":"Bajhang","province_ne":null,"population":17952,"area_km2":105.51,"website":"https://thalaramun.gov.np/","slopes_documented":1,"susceptibility_median":0.132,"trails_mapped_within_10km":0,"located_by":"the mean position of the documented slopes whose titles name this unit - not a surveyed town centre"},"geometry":{"type":"Point","coordinates":[80.97972,29.4405]}},{"type":"Feature","properties":{"name":"Gaur","name_ne":"गौर","kind":"municipality","district":"Rautahat","province_ne":"मदेश प्रदेश","population":34937,"area_km2":21.53,"website":"https://gaurmun.gov.np/en","slopes_documented":1,"susceptibility_median":0.236,"trails_mapped_within_10km":0,"located_by":"the mean position of the documented slopes whose titles name this unit - not a surveyed town centre"},"geometry":{"type":"Point","coordinates":[80.96057,29.16233]}},{"type":"Feature","properties":{"name":"Krishnanagar","name_ne":"कृष्णनगर","kind":"municipality","district":"Kapilvastu","province_ne":"लुम्बिनी प्रदेश","population":62370,"area_km2":96.66,"website":"https://www.krishnanagarmun.gov.np/en","slopes_documented":1,"susceptibility_median":null,"trails_mapped_within_10km":0,"located_by":"the mean position of the documented slopes whose titles name this unit - not a surveyed town centre"},"geometry":{"type":"Point","coordinates":[82.8124,27.5141]}},{"type":"Feature","properties":{"name":"Gaumukhi","name_ne":"गौमुखी","kind":"rural_municipality","district":"Pyuthan","province_ne":null,"population":25421,"area_km2":139.04,"website":"https://gaumukhimun.gov.np/","slopes_documented":1,"susceptibility_median":0.239,"trails_mapped_within_10km":0,"located_by":"the mean position of the documented slopes whose titles name this unit - not a surveyed town centre"},"geometry":{"type":"Point","coordinates":[82.96988,28.2048]}},{"type":"Feature","properties":{"name":"Sinja","name_ne":"सिंजा","kind":"rural_municipality","district":"Jumla","province_ne":null,"population":12395,"area_km2":153.29,"website":"https://sinjamun.gov.np/","slopes_documented":1,"susceptibility_median":0.216,"trails_mapped_within_10km":0,"located_by":"the mean position of the documented slopes whose titles name this unit - not a surveyed town centre"},"geometry":{"type":"Point","coordinates":[81.95469,29.35498]}},{"type":"Feature","properties":{"name":"Chamunda Bindrasaini","name_ne":"चामुण्डा विन्द्रासैनी","kind":"municipality","district":"Dailekh","province_ne":"कर्णाली प्रदेश","population":26149,"area_km2":90.6,"website":"https://chamundabindrasainimun.gov.np/","slopes_documented":1,"susceptibility_median":0.16,"trails_mapped_within_10km":0,"located_by":"the mean position of the documented slopes whose titles name this unit - not a surveyed town centre"},"geometry":{"type":"Point","coordinates":[81.50775,28.90082]}},{"type":"Feature","properties":{"name":"Likhu Tamakoshi","name_ne":"लिखु तामाकोशी","kind":"rural_municipality","district":"Ramechhap","province_ne":null,"population":23109,"area_km2":124.51,"website":"https://likhutamakoshimun.gov.np/","slopes_documented":1,"susceptibility_median":0.043,"trails_mapped_within_10km":0,"located_by":"the mean position of the documented slopes whose titles name this unit - not a surveyed town centre"},"geometry":{"type":"Point","coordinates":[86.11389,27.42722]}},{"type":"Feature","properties":{"name":"Bhumlu","name_ne":"भुम्लु","kind":"rural_municipality","district":"Kavrepalanchok","province_ne":null,"population":18916,"area_km2":91,"website":"https://bhumlumun.gov.np/","slopes_documented":1,"susceptibility_median":0.177,"trails_mapped_within_10km":0,"located_by":"the mean position of the documented slopes whose titles name this unit - not a surveyed town centre"},"geometry":{"type":"Point","coordinates":[85.7458,27.65515]}},{"type":"Feature","properties":{"name":"Myanglung","name_ne":"म्याङलुङ","kind":"municipality","district":"Terathum","province_ne":"कोशी प्रदेश","population":19659,"area_km2":100.21,"website":"https://www.myanglungmun.gov.np/en","slopes_documented":1,"susceptibility_median":0.173,"trails_mapped_within_10km":0,"located_by":"the mean position of the documented slopes whose titles name this unit - not a surveyed town centre"},"geometry":{"type":"Point","coordinates":[87.53526,27.15339]}},{"type":"Feature","properties":{"name":"Pokhara","name_ne":"पोखरा","kind":"metropolitan","district":"Kaski","province_ne":"गण्डकी प्रदेश","population":518452,"area_km2":464.28,"website":"https://pokharamun.gov.np","slopes_documented":1,"susceptibility_median":0.092,"trails_mapped_within_10km":2515,"located_by":"the mean position of the documented slopes whose titles name this unit - not a surveyed town centre"},"geometry":{"type":"Point","coordinates":[84.00582,28.21297]}},{"type":"Feature","properties":{"name":"Dhorpatan","name_ne":"ढोरपाटन","kind":"municipality","district":"Baglung","province_ne":"गण्डकी प्रदेश","population":26215,"area_km2":222.85,"website":"https://www.dhorpatanmun.gov.np/","slopes_documented":1,"susceptibility_median":0.376,"trails_mapped_within_10km":0,"located_by":"the mean position of the documented slopes whose titles name this unit - not a surveyed town centre"},"geometry":{"type":"Point","coordinates":[83.07468,28.40069]}},{"type":"Feature","properties":{"name":"Khaptad Chhededaha","name_ne":"खप्तड छेडेदह","kind":"rural_municipality","district":"Bajura","province_ne":null,"population":18575,"area_km2":135.08,"website":"https://chhededahamun.gov.np/","slopes_documented":1,"susceptibility_median":0.261,"trails_mapped_within_10km":0,"located_by":"the mean position of the documented slopes whose titles name this unit - not a surveyed town centre"},"geometry":{"type":"Point","coordinates":[81.2232,29.38001]}},{"type":"Feature","properties":{"name":"Chaukune","name_ne":"चौकुने","kind":"rural_municipality","district":"Surkhet","province_ne":null,"population":25240,"area_km2":381.01,"website":"https://chaukunemun.gov.np/","slopes_documented":1,"susceptibility_median":null,"trails_mapped_within_10km":0,"located_by":"the mean position of the documented slopes whose titles name this unit - not a surveyed town centre"},"geometry":{"type":"Point","coordinates":[81.33004,28.83967]}},{"type":"Feature","properties":{"name":"Chure","name_ne":"चुरे","kind":"rural_municipality","district":"Kailali","province_ne":null,"population":18924,"area_km2":493.18,"website":"https://churemun.gov.np/","slopes_documented":1,"susceptibility_median":null,"trails_mapped_within_10km":0,"located_by":"the mean position of the documented slopes whose titles name this unit - not a surveyed town centre"},"geometry":{"type":"Point","coordinates":[80.63459,29.01043]}},{"type":"Feature","properties":{"name":"Naubahini","name_ne":"नौबहिनी","kind":"rural_municipality","district":"Pyuthan","province_ne":null,"population":30292,"area_km2":213.41,"website":"https://naubahinimun.gov.np/","slopes_documented":1,"susceptibility_median":0.191,"trails_mapped_within_10km":0,"located_by":"the mean position of the documented slopes whose titles name this unit - not a surveyed town centre"},"geometry":{"type":"Point","coordinates":[82.91097,28.18358]}},{"type":"Feature","properties":{"name":"Bagchaur","name_ne":"बागचौर","kind":"municipality","district":"Salyan","province_ne":"कर्णाली प्रदेश","population":34118,"area_km2":163.14,"website":"https://bagchaurmun.gov.np/en","slopes_documented":1,"susceptibility_median":0.316,"trails_mapped_within_10km":0,"located_by":"the mean position of the documented slopes whose titles name this unit - not a surveyed town centre"},"geometry":{"type":"Point","coordinates":[82.35001,28.4398]}},{"type":"Feature","properties":{"name":"Sarumarani","name_ne":"सरुमारानी","kind":"rural_municipality","district":"Pyuthan","province_ne":null,"population":18627,"area_km2":157.97,"website":"https://sarumaranimun.gov.np/","slopes_documented":1,"susceptibility_median":0.193,"trails_mapped_within_10km":0,"located_by":"the mean position of the documented slopes whose titles name this unit - not a surveyed town centre"},"geometry":{"type":"Point","coordinates":[82.78566,27.98791]}},{"type":"Feature","properties":{"name":"Jagannath","name_ne":"जगन्नाथ","kind":"rural_municipality","district":"Bajura","province_ne":null,"population":9432,"area_km2":171.72,"website":"http://pandavgufamun.gov.np/","slopes_documented":1,"susceptibility_median":0.194,"trails_mapped_within_10km":0,"located_by":"the mean position of the documented slopes whose titles name this unit - not a surveyed town centre"},"geometry":{"type":"Point","coordinates":[81.66117,29.44526]}},{"type":"Feature","properties":{"name":"Tanjakot","name_ne":"ताँजाकोट","kind":"rural_municipality","district":"Humla","province_ne":null,"population":5964,"area_km2":159.1,"website":"https://tajakotmun.gov.np/","slopes_documented":1,"susceptibility_median":0.377,"trails_mapped_within_10km":0,"located_by":"the mean position of the documented slopes whose titles name this unit - not a surveyed town centre"},"geometry":{"type":"Point","coordinates":[81.80392,29.67083]}},{"type":"Feature","properties":{"name":"Dullu","name_ne":"दुल्लु","kind":"municipality","district":"Dailekh","province_ne":"कर्णाली प्रदेश","population":41540,"area_km2":156.77,"website":"https://www.dullumun.gov.np/en","slopes_documented":1,"susceptibility_median":0.14,"trails_mapped_within_10km":0,"located_by":"the mean position of the documented slopes whose titles name this unit - not a surveyed town centre"},"geometry":{"type":"Point","coordinates":[81.61318,28.80943]}},{"type":"Feature","properties":{"name":"Babai","name_ne":"बबई","kind":"rural_municipality","district":"Dang","province_ne":null,"population":27469,"area_km2":257.48,"website":"https://babaimun.gov.np/","slopes_documented":1,"susceptibility_median":0.213,"trails_mapped_within_10km":0,"located_by":"the mean position of the documented slopes whose titles name this unit - not a surveyed town centre"},"geometry":{"type":"Point","coordinates":[82.07432,28.12351]}},{"type":"Feature","properties":{"name":"Sabhapokhari","name_ne":"सभापोखरी","kind":"rural_municipality","district":"Sankhuwasabha","province_ne":null,"population":10492,"area_km2":222.08,"website":"https://savapokharimun.gov.np/","slopes_documented":1,"susceptibility_median":0.175,"trails_mapped_within_10km":0,"located_by":"the mean position of the documented slopes whose titles name this unit - not a surveyed town centre"},"geometry":{"type":"Point","coordinates":[87.34043,27.41286]}},{"type":"Feature","properties":{"name":"Yangwarak","name_ne":"याङवरक","kind":"rural_municipality","district":"Panchthar","province_ne":null,"population":18281,"area_km2":208.63,"website":"https://yangwarakmunpanchthar.gov.np/","slopes_documented":1,"susceptibility_median":0.219,"trails_mapped_within_10km":0,"located_by":"the mean position of the documented slopes whose titles name this unit - not a surveyed town centre"},"geometry":{"type":"Point","coordinates":[87.98621,27.24863]}},{"type":"Feature","properties":{"name":"Hilihang","name_ne":"हिलिहाङ","kind":"rural_municipality","district":"Panchthar","province_ne":null,"population":22913,"area_km2":123.01,"website":"https://hilihangmun.gov.np/","slopes_documented":1,"susceptibility_median":0.357,"trails_mapped_within_10km":0,"located_by":"the mean position of the documented slopes whose titles name this unit - not a surveyed town centre"},"geometry":{"type":"Point","coordinates":[87.75005,27.1766]}},{"type":"Feature","properties":{"name":"Dilasaini","name_ne":"डिलासैनी","kind":"rural_municipality","district":"Baitadi","province_ne":null,"population":22924,"area_km2":125.28,"website":"https://dilasainimun.gov.np/","slopes_documented":1,"susceptibility_median":0.264,"trails_mapped_within_10km":0,"located_by":"the mean position of the documented slopes whose titles name this unit - not a surveyed town centre"},"geometry":{"type":"Point","coordinates":[80.62775,29.67356]}},{"type":"Feature","properties":{"name":"Chhedagad","name_ne":"छेडागाड","kind":"municipality","district":"Jajarkot","province_ne":"कर्णाली प्रदेश","population":35295,"area_km2":284.2,"website":"https://chhedagadmun.gov.np/","slopes_documented":1,"susceptibility_median":0.183,"trails_mapped_within_10km":0,"located_by":"the mean position of the documented slopes whose titles name this unit - not a surveyed town centre"},"geometry":{"type":"Point","coordinates":[82.05891,28.66162]}},{"type":"Feature","properties":{"name":"Kerabari","name_ne":"केरावारी","kind":"rural_municipality","district":"Morang","province_ne":null,"population":30431,"area_km2":219.83,"website":"https://kerabarimun.gov.np/","slopes_documented":1,"susceptibility_median":0.264,"trails_mapped_within_10km":633,"located_by":"the mean position of the documented slopes whose titles name this unit - not a surveyed town centre"},"geometry":{"type":"Point","coordinates":[83.62223,28.31503]}},{"type":"Feature","properties":{"name":"Raskot","name_ne":"रास्कोट","kind":"municipality","district":"Kalikot","province_ne":"कर्णाली प्रदेश","population":16272,"area_km2":59.73,"website":"https://raskotmun.gov.np/","slopes_documented":1,"susceptibility_median":0.245,"trails_mapped_within_10km":0,"located_by":"the mean position of the documented slopes whose titles name this unit - not a surveyed town centre"},"geometry":{"type":"Point","coordinates":[81.64931,29.2309]}},{"type":"Feature","properties":{"name":"Bhotekoshi","name_ne":"भोटेकोशी","kind":"rural_municipality","district":"Sindhupalchok","province_ne":null,"population":17156,"area_km2":278.31,"website":"https://bhotekoshimun.gov.np/","slopes_documented":1,"susceptibility_median":0.227,"trails_mapped_within_10km":223,"located_by":"the mean position of the documented slopes whose titles name this unit - not a surveyed town centre"},"geometry":{"type":"Point","coordinates":[85.88028,27.91907]}},{"type":"Feature","properties":{"name":"Namkha","name_ne":"नाम्खा","kind":"rural_municipality","district":"Humla","province_ne":null,"population":3900,"area_km2":2419.64,"website":"https://namkhamun.gov.np/","slopes_documented":1,"susceptibility_median":0.375,"trails_mapped_within_10km":0,"located_by":"the mean position of the documented slopes whose titles name this unit - not a surveyed town centre"},"geometry":{"type":"Point","coordinates":[81.6805,29.99711]}},{"type":"Feature","properties":{"name":"Lamahi","name_ne":"लमही","kind":"municipality","district":"Dang","province_ne":"लुम्बिनी प्रदेश","population":47655,"area_km2":326.66,"website":"https://www.lamahimun.gov.np/en","slopes_documented":1,"susceptibility_median":null,"trails_mapped_within_10km":0,"located_by":"the mean position of the documented slopes whose titles name this unit - not a surveyed town centre"},"geometry":{"type":"Point","coordinates":[82.50943,27.8621]}},{"type":"Feature","properties":{"name":"Khanikhola","name_ne":"खानीखोला","kind":"rural_municipality","district":"Kavrepalanchok","province_ne":null,"population":14398,"area_km2":132,"website":"https://khanikholamun.gov.np/","slopes_documented":1,"susceptibility_median":0.305,"trails_mapped_within_10km":0,"located_by":"the mean position of the documented slopes whose titles name this unit - not a surveyed town centre"},"geometry":{"type":"Point","coordinates":[85.4398,27.42496]}},{"type":"Feature","properties":{"name":"Diprung","name_ne":"दिप्रुङ","kind":"rural_municipality","district":"Khotang","province_ne":null,"population":20175,"area_km2":136.59,"website":"http://www.diprungmun.gov.np/","slopes_documented":1,"susceptibility_median":0.158,"trails_mapped_within_10km":0,"located_by":"the mean position of the documented slopes whose titles name this unit - not a surveyed town centre"},"geometry":{"type":"Point","coordinates":[86.78851,27.11041]}},{"type":"Feature","properties":{"name":"Bareng","name_ne":"वरेङ","kind":"rural_municipality","district":"Baglung","province_ne":null,"population":14492,"area_km2":75.28,"website":"https://barengmun.gov.np/","slopes_documented":1,"susceptibility_median":0.24,"trails_mapped_within_10km":0,"located_by":"the mean position of the documented slopes whose titles name this unit - not a surveyed town centre"},"geometry":{"type":"Point","coordinates":[83.41767,28.16619]}},{"type":"Feature","properties":{"name":"Badigad","name_ne":"वडिगाड","kind":"rural_municipality","district":"Baglung","province_ne":null,"population":30906,"area_km2":178.68,"website":"https://badigadmun.gov.np/","slopes_documented":1,"susceptibility_median":0.336,"trails_mapped_within_10km":0,"located_by":"the mean position of the documented slopes whose titles name this unit - not a surveyed town centre"},"geometry":{"type":"Point","coordinates":[83.27688,28.25526]}},{"type":"Feature","properties":{"name":"Sanphebagar","name_ne":"साफेबगर","kind":"municipality","district":"Achham","province_ne":"सुदूरपश्चिम प्रदेश","population":33788,"area_km2":166.71,"website":"https://www.sanfebagarmun.gov.np/en","slopes_documented":1,"susceptibility_median":0.226,"trails_mapped_within_10km":0,"located_by":"the mean position of the documented slopes whose titles name this unit - not a surveyed town centre"},"geometry":{"type":"Point","coordinates":[81.24641,29.31929]}},{"type":"Feature","properties":{"name":"Ghorahi","name_ne":"घोराही","kind":"sub_metropolitan","district":"Dang","province_ne":"लुम्बिनी प्रदेश","population":201079,"area_km2":522.21,"website":"http://ghorahimun.gov.np","slopes_documented":1,"susceptibility_median":null,"trails_mapped_within_10km":0,"located_by":"the mean position of the documented slopes whose titles name this unit - not a surveyed town centre"},"geometry":{"type":"Point","coordinates":[82.45528,28.0318]}},{"type":"Feature","properties":{"name":"Harinas","name_ne":"हरीनास","kind":"rural_municipality","district":"Syangja","province_ne":null,"population":17343,"area_km2":87.48,"website":"https://harinasmun.gov.np/","slopes_documented":1,"susceptibility_median":0.497,"trails_mapped_within_10km":0,"located_by":"the mean position of the documented slopes whose titles name this unit - not a surveyed town centre"},"geometry":{"type":"Point","coordinates":[83.92946,27.9736]}},{"type":"Feature","properties":{"name":"Nisdi","name_ne":"निस्दी","kind":"rural_municipality","district":"Palpa","province_ne":null,"population":22611,"area_km2":194.5,"website":"https://nisdimun.gov.np/","slopes_documented":1,"susceptibility_median":0.176,"trails_mapped_within_10km":0,"located_by":"the mean position of the documented slopes whose titles name this unit - not a surveyed town centre"},"geometry":{"type":"Point","coordinates":[84.00752,27.82572]}},{"type":"Feature","properties":{"name":"Melamchi","name_ne":"मेलम्ची","kind":"municipality","district":"Sindhupalchok","province_ne":"बागमती प्रदेश","population":45343,"area_km2":158.17,"website":"https://www.melamchimun.gov.np/en","slopes_documented":1,"susceptibility_median":0.148,"trails_mapped_within_10km":50,"located_by":"the mean position of the documented slopes whose titles name this unit - not a surveyed town centre"},"geometry":{"type":"Point","coordinates":[85.59097,27.81294]}},{"type":"Feature","properties":{"name":"Roshi","name_ne":"रोशी","kind":"rural_municipality","district":"Kavrepalanchok","province_ne":null,"population":28746,"area_km2":176,"website":"https://roshimun.gov.np/","slopes_documented":1,"susceptibility_median":null,"trails_mapped_within_10km":0,"located_by":"the mean position of the documented slopes whose titles name this unit - not a surveyed town centre"},"geometry":{"type":"Point","coordinates":[85.72061,27.44672]}},{"type":"Feature","properties":{"name":"Temal","name_ne":"तेमाल","kind":"rural_municipality","district":"Kavrepalanchok","province_ne":null,"population":22712,"area_km2":89,"website":"https://temalmun.gov.np/","slopes_documented":1,"susceptibility_median":0.161,"trails_mapped_within_10km":0,"located_by":"the mean position of the documented slopes whose titles name this unit - not a surveyed town centre"},"geometry":{"type":"Point","coordinates":[85.71476,27.57008]}},{"type":"Feature","properties":{"name":"Bhagawatimai","name_ne":"भगवतीमाई","kind":"rural_municipality","district":"Dailekh","province_ne":null,"population":18778,"area_km2":151.52,"website":"https://bhagawatimaimun.gov.np/","slopes_documented":1,"susceptibility_median":0.293,"trails_mapped_within_10km":0,"located_by":"the mean position of the documented slopes whose titles name this unit - not a surveyed town centre"},"geometry":{"type":"Point","coordinates":[81.83578,28.81395]}},{"type":"Feature","properties":{"name":"Purchaudi","name_ne":"पुर्चौडी","kind":"municipality","district":"Baitadi","province_ne":"सुदूरपश्चिम प्रदेश","population":39174,"area_km2":198.52,"website":"https://www.purchaudimun.gov.np/","slopes_documented":1,"susceptibility_median":0.196,"trails_mapped_within_10km":0,"located_by":"the mean position of the documented slopes whose titles name this unit - not a surveyed town centre"},"geometry":{"type":"Point","coordinates":[80.61839,29.56853]}},{"type":"Feature","properties":{"name":"Bidur","name_ne":"विदुर","kind":"municipality","district":"Nuwakot","province_ne":"बागमती प्रदेश","population":54351,"area_km2":130.01,"website":"https://bidurmun.gov.np/en","slopes_documented":1,"susceptibility_median":null,"trails_mapped_within_10km":537,"located_by":"the mean position of the documented slopes whose titles name this unit - not a surveyed town centre"},"geometry":{"type":"Point","coordinates":[85.13618,27.8719]}},{"type":"Feature","properties":{"name":"Chisankhugadhi","name_ne":"चिसंखुगढी","kind":"rural_municipality","district":"Okhaldhunga","province_ne":null,"population":15196,"area_km2":126.91,"website":"https://chishankhugadhimun.gov.np/","slopes_documented":1,"susceptibility_median":0.117,"trails_mapped_within_10km":0,"located_by":"the mean position of the documented slopes whose titles name this unit - not a surveyed town centre"},"geometry":{"type":"Point","coordinates":[86.5594,27.34765]}},{"type":"Feature","properties":{"name":"Lungri","name_ne":"लुङ्ग्री","kind":"rural_municipality","district":"Rolpa","province_ne":null,"population":23631,"area_km2":135.23,"website":"https://lungrimun.gov.np/","slopes_documented":1,"susceptibility_median":0.1,"trails_mapped_within_10km":0,"located_by":"the mean position of the documented slopes whose titles name this unit - not a surveyed town centre"},"geometry":{"type":"Point","coordinates":[82.80819,28.21498]}},{"type":"Feature","properties":{"name":"Narayan","name_ne":"नारायण","kind":"municipality","district":"Dailekh","province_ne":"कर्णाली प्रदेश","population":27037,"area_km2":110.63,"website":"https://narayanmun.gov.np/en","slopes_documented":1,"susceptibility_median":0.304,"trails_mapped_within_10km":0,"located_by":"the mean position of the documented slopes whose titles name this unit - not a surveyed town centre"},"geometry":{"type":"Point","coordinates":[81.74148,28.89726]}},{"type":"Feature","properties":{"name":"Junichande","name_ne":"जुनीचाँदे","kind":"rural_municipality","district":"Jajarkot","province_ne":null,"population":21733,"area_km2":346.21,"website":"https://junichaandemun.gov.np/","slopes_documented":1,"susceptibility_median":0.257,"trails_mapped_within_10km":0,"located_by":"the mean position of the documented slopes whose titles name this unit - not a surveyed town centre"},"geometry":{"type":"Point","coordinates":[81.91988,28.85619]}},{"type":"Feature","properties":{"name":"Lekam","name_ne":"लेकम","kind":"rural_municipality","district":"Darchula","province_ne":null,"population":14838,"area_km2":83.98,"website":"https://lekammun.gov.np/","slopes_documented":1,"susceptibility_median":0.172,"trails_mapped_within_10km":0,"located_by":"the mean position of the documented slopes whose titles name this unit - not a surveyed town centre"},"geometry":{"type":"Point","coordinates":[80.50672,29.66983]}},{"type":"Feature","properties":{"name":"Arun","name_ne":"अरुण","kind":"rural_municipality","district":"Bhojpur","province_ne":null,"population":17687,"area_km2":154.76,"website":"https://arunmun.gov.np/","slopes_documented":1,"susceptibility_median":null,"trails_mapped_within_10km":0,"located_by":"the mean position of the documented slopes whose titles name this unit - not a surveyed town centre"},"geometry":{"type":"Point","coordinates":[87.14007,27.22937]}},{"type":"Feature","properties":{"name":"Bagmati","name_ne":"बाग्मती","kind":"rural_municipality","district":"Lalitpur","province_ne":null,"population":13049,"area_km2":111.49,"website":"https://bagmatimunlalitpur.gov.np/","slopes_documented":1,"susceptibility_median":0.26,"trails_mapped_within_10km":0,"located_by":"the mean position of the documented slopes whose titles name this unit - not a surveyed town centre"},"geometry":{"type":"Point","coordinates":[85.40153,27.2942]}},{"type":"Feature","properties":{"name":"Suryabinayak","name_ne":"सूर्यविनायक","kind":"municipality","district":"Bhaktapur","province_ne":"बागमती प्रदेश","population":137971,"area_km2":42.45,"website":"https://www.suryabinayakmun.gov.np/en","slopes_documented":1,"susceptibility_median":0.078,"trails_mapped_within_10km":581,"located_by":"the mean position of the documented slopes whose titles name this unit - not a surveyed town centre"},"geometry":{"type":"Point","coordinates":[85.45976,27.64255]}},{"type":"Feature","properties":{"name":"Mai","name_ne":"माई","kind":"municipality","district":"Ilam","province_ne":"कोशी प्रदेश","population":32576,"area_km2":246.11,"website":"https://www.maimun.gov.np/","slopes_documented":1,"susceptibility_median":null,"trails_mapped_within_10km":0,"located_by":"the mean position of the documented slopes whose titles name this unit - not a surveyed town centre"},"geometry":{"type":"Point","coordinates":[87.90454,26.72272]}},{"type":"Feature","properties":{"name":"Gharapjhong","name_ne":"घरपझोङ","kind":"rural_municipality","district":"Mustang","province_ne":null,"population":3029,"area_km2":316,"website":"https://gharapjhongmun.gov.np/","slopes_documented":1,"susceptibility_median":0.384,"trails_mapped_within_10km":1540,"located_by":"the mean position of the documented slopes whose titles name this unit - not a surveyed town centre"},"geometry":{"type":"Point","coordinates":[83.75392,28.79861]}},{"type":"Feature","properties":{"name":"Laligurans","name_ne":"लालिगुराँस","kind":"municipality","district":"Terathum","province_ne":"कोशी प्रदेश","population":16970,"area_km2":90.27,"website":"https://laliguransmun.gov.np/en","slopes_documented":1,"susceptibility_median":0.11,"trails_mapped_within_10km":0,"located_by":"the mean position of the documented slopes whose titles name this unit - not a surveyed town centre"},"geometry":{"type":"Point","coordinates":[87.40994,27.11103]}},{"type":"Feature","properties":{"name":"Chingad","name_ne":"चिङ्गाड","kind":"rural_municipality","district":"Surkhet","province_ne":null,"population":17275,"area_km2":170.19,"website":"https://chingadmun.gov.np/","slopes_documented":1,"susceptibility_median":0.371,"trails_mapped_within_10km":0,"located_by":"the mean position of the documented slopes whose titles name this unit - not a surveyed town centre"},"geometry":{"type":"Point","coordinates":[81.82786,28.68588]}},{"type":"Feature","properties":{"name":"Tulsipur","name_ne":"तुल्सिपुर","kind":"sub_metropolitan","district":"Dang","province_ne":"लुम्बिनी प्रदेश","population":180734,"area_km2":384.63,"website":"http://tulsipurmun.gov.np","slopes_documented":1,"susceptibility_median":0.437,"trails_mapped_within_10km":0,"located_by":"the mean position of the documented slopes whose titles name this unit - not a surveyed town centre"},"geometry":{"type":"Point","coordinates":[82.38687,28.13875]}},{"type":"Feature","properties":{"name":"Rupa","name_ne":"रूपा","kind":"rural_municipality","district":"Kaski","province_ne":null,"population":14519,"area_km2":94.81,"website":"https://madimunkaski.gov.np/","slopes_documented":1,"susceptibility_median":0.27,"trails_mapped_within_10km":409,"located_by":"the mean position of the documented slopes whose titles name this unit - not a surveyed town centre"},"geometry":{"type":"Point","coordinates":[84.18758,28.11587]}},{"type":"Feature","properties":{"name":"Dudhpokhari","name_ne":"दूधपोखरी","kind":"rural_municipality","district":"Lamjung","province_ne":null,"population":10975,"area_km2":153.33,"website":"https://dudhpokharimun.gov.np/","slopes_documented":1,"susceptibility_median":0.462,"trails_mapped_within_10km":0,"located_by":"the mean position of the documented slopes whose titles name this unit - not a surveyed town centre"},"geometry":{"type":"Point","coordinates":[84.5999,28.20816]}},{"type":"Feature","properties":{"name":"Chandannath","name_ne":"चन्दननाथ","kind":"municipality","district":"Jumla","province_ne":"कर्णाली प्रदेश","population":19047,"area_km2":102.03,"website":"https://www.chandannathmun.gov.np/en","slopes_documented":1,"susceptibility_median":0.424,"trails_mapped_within_10km":0,"located_by":"the mean position of the documented slopes whose titles name this unit - not a surveyed town centre"},"geometry":{"type":"Point","coordinates":[82.14867,29.30369]}},{"type":"Feature","properties":{"name":"Mahashila","name_ne":"महाशिला","kind":"rural_municipality","district":"Parbat","province_ne":null,"population":9857,"area_km2":49.38,"website":"https://mahashilamun.gov.np/","slopes_documented":1,"susceptibility_median":0.398,"trails_mapped_within_10km":266,"located_by":"the mean position of the documented slopes whose titles name this unit - not a surveyed town centre"},"geometry":{"type":"Point","coordinates":[83.67644,28.1114]}},{"type":"Feature","properties":{"name":"Sunchhahari","name_ne":"सुनछहरी","kind":"rural_municipality","district":"Rolpa","province_ne":null,"population":16034,"area_km2":277.62,"website":"https://sunchhaharimun.gov.np/","slopes_documented":1,"susceptibility_median":0.178,"trails_mapped_within_10km":0,"located_by":"the mean position of the documented slopes whose titles name this unit - not a surveyed town centre"},"geometry":{"type":"Point","coordinates":[82.90162,28.39284]}},{"type":"Feature","properties":{"name":"Kapurkot","name_ne":"कपुरकोट","kind":"rural_municipality","district":"Salyan","province_ne":null,"population":18204,"area_km2":119.21,"website":"https://kapurkotmun.gov.np/","slopes_documented":1,"susceptibility_median":0.143,"trails_mapped_within_10km":0,"located_by":"the mean position of the documented slopes whose titles name this unit - not a surveyed town centre"},"geometry":{"type":"Point","coordinates":[82.31454,28.25098]}},{"type":"Feature","properties":{"name":"Khaniyabas","name_ne":"खनियाबास","kind":"rural_municipality","district":"Dhading","province_ne":null,"population":12749,"area_km2":120.8,"website":"https://khaniyabasmun.gov.np/","slopes_documented":1,"susceptibility_median":0.19,"trails_mapped_within_10km":0,"located_by":"the mean position of the documented slopes whose titles name this unit - not a surveyed town centre"},"geometry":{"type":"Point","coordinates":[84.98945,28.05346]}},{"type":"Feature","properties":{"name":"Dasharathchand","name_ne":"दशरथचन्द","kind":"municipality","district":"Baitadi","province_ne":"सुदूरपश्चिम प्रदेश","population":34575,"area_km2":135.15,"website":"https://dasharathchandmun.gov.np/en","slopes_documented":1,"susceptibility_median":0.179,"trails_mapped_within_10km":0,"located_by":"the mean position of the documented slopes whose titles name this unit - not a surveyed town centre"},"geometry":{"type":"Point","coordinates":[80.39355,29.55474]}},{"type":"Feature","properties":{"name":"Jagadulla","name_ne":"जगदुल्ला","kind":"rural_municipality","district":"Dolpa","province_ne":null,"population":2273,"area_km2":83.3,"website":"https://www.jagdullamun.gov.np/","slopes_documented":1,"susceptibility_median":0.277,"trails_mapped_within_10km":0,"located_by":"the mean position of the documented slopes whose titles name this unit - not a surveyed town centre"},"geometry":{"type":"Point","coordinates":[82.60881,29.12157]}},{"type":"Feature","properties":{"name":"Barhadashi","name_ne":"बाह्रदशी","kind":"rural_municipality","district":"Jhapa","province_ne":null,"population":33653,"area_km2":88.44,"website":"https://bahradashimun.gov.np/","slopes_documented":1,"susceptibility_median":null,"trails_mapped_within_10km":0,"located_by":"the mean position of the documented slopes whose titles name this unit - not a surveyed town centre"},"geometry":{"type":"Point","coordinates":[87.91446,26.58323]}},{"type":"Feature","properties":{"name":"Ajaymeru","name_ne":"अजयमेरु","kind":"rural_municipality","district":"Dadeldhura","province_ne":null,"population":7066,"area_km2":148.9,"website":"https://ajayamerumun.gov.np/","slopes_documented":1,"susceptibility_median":0.231,"trails_mapped_within_10km":0,"located_by":"the mean position of the documented slopes whose titles name this unit - not a surveyed town centre"},"geometry":{"type":"Point","coordinates":[80.52221,29.35228]}},{"type":"Feature","properties":{"name":"Kirtipur","name_ne":"किर्तिपुर","kind":"municipality","district":"Kathmandu","province_ne":"बागमती प्रदेश","population":65602,"area_km2":14.76,"website":"https://kirtipurmun.gov.np/en","slopes_documented":1,"susceptibility_median":null,"trails_mapped_within_10km":3243,"located_by":"the mean position of the documented slopes whose titles name this unit - not a surveyed town centre"},"geometry":{"type":"Point","coordinates":[85.28968,27.67902]}},{"type":"Feature","properties":{"name":"Mithila","name_ne":"मिथिला","kind":"municipality","district":"Dhanusha","province_ne":"मदेश प्रदेश","population":45164,"area_km2":187.93,"website":"https://www.mithilamun.gov.np/en","slopes_documented":1,"susceptibility_median":null,"trails_mapped_within_10km":0,"located_by":"the mean position of the documented slopes whose titles name this unit - not a surveyed town centre"},"geometry":{"type":"Point","coordinates":[85.94431,27.05642]}},{"type":"Feature","properties":{"name":"Aurahi","name_ne":"औरही","kind":"municipality","district":"Mahottari","province_ne":"मदेश प्रदेश","population":31751,"area_km2":35.76,"website":"https://aurahimunmahottari.gov.np/","slopes_documented":1,"susceptibility_median":null,"trails_mapped_within_10km":0,"located_by":"the mean position of the documented slopes whose titles name this unit - not a surveyed town centre"},"geometry":{"type":"Point","coordinates":[85.81298,26.88482]}}]}