{"type": "FeatureCollection", "metadata": {"id": "chirps-2024-09-28", "label": "2024-09-28", "date": "2024-09-28", "source": "chirps"}, "features": [{"type": "Feature", "geometry": {"type": "Point", "coordinates": [83.55952, 28.14586]}, "properties": {"id": "38346", "title": "Landslide at Jaimini Municipality-10", "state": "exceeded", "r24": 19.8, "r72": 178.2, "authority": "Rural/Urban Municipality (Ward Committee)", "office": "Ward Committee under the Ward Chair; municipal executive (Mayor/Chair) above it", "legal_basis": "LGOA 2074 s.12(2)(c)(23) 'Remove floods, landslides in the roads'; s.12(2)(c)(21)-(22); Constitution of Nepal 2072 Sch. 8 item 11 read with LGOA 2074 s.11(1) and s.11(2)(\u091f)", "source": "chirps"}}, {"type": "Feature", "geometry": {"type": "Point", "coordinates": [83.461, 28.2327]}, "properties": {"id": "38349", "title": "Landslide at Galkot Municipality-2", "state": "approaching", "r24": 0.0, "r72": 134.5, "authority": "Rural/Urban Municipality (Ward Committee)", "office": "Ward Committee under the Ward Chair; municipal executive (Mayor/Chair) above it", "legal_basis": "LGOA 2074 s.12(2)(c)(23) 'Remove floods, landslides in the roads'; s.12(2)(c)(21)-(22); Constitution of Nepal 2072 Sch. 8 item 11 read with LGOA 2074 s.11(1) and s.11(2)(\u091f)", "source": "chirps"}}, {"type": "Feature", "geometry": {"type": "Point", "coordinates": [85.61049, 27.7022]}, "properties": {"id": "38350", "title": "Landslide at Mandandeupur Municipality-8", "state": "exceeded", "r24": 75.0, "r72": 175.1, "authority": "Rural/Urban Municipality (Ward Committee)", "office": "Ward Committee under the Ward Chair; municipal executive (Mayor/Chair) above it", "legal_basis": "LGOA 2074 s.12(2)(c)(23) 'Remove floods, landslides in the roads'; s.12(2)(c)(21)-(22); Constitution of Nepal 2072 Sch. 8 item 11 read with LGOA 2074 s.11(1) and s.11(2)(\u091f)", "source": "chirps"}}, {"type": "Feature", "geometry": {"type": "Point", "coordinates": [83.92359, 28.01151]}, "properties": {"id": "38355", "title": "Landslide at Biruwa Rural Municipality-5", "state": "exceeded", "r24": 44.1, "r72": 220.4, "authority": "Rural/Urban Municipality (Ward Committee)", "office": "Ward Committee under the Ward Chair; municipal executive (Mayor/Chair) above it", "legal_basis": "LGOA 2074 s.12(2)(c)(23) 'Remove floods, landslides in the roads'; s.12(2)(c)(21)-(22); Constitution of Nepal 2072 Sch. 8 item 11 read with LGOA 2074 s.11(1) and s.11(2)(\u091f)", "source": "chirps"}}, {"type": "Feature", "geometry": {"type": "Point", "coordinates": [81.93633, 28.35592]}, "properties": {"id": "38516", "title": "Landslide at Gurbhakot Municipality-1", "state": "below", "r24": 38.1, "r72": 38.1, "authority": "Rural/Urban Municipality (Ward Committee)", "office": "Ward Committee under the Ward Chair; municipal executive (Mayor/Chair) above it", "legal_basis": "LGOA 2074 s.12(2)(c)(23) 'Remove floods, landslides in the roads'; s.12(2)(c)(21)-(22); Constitution of Nepal 2072 Sch. 8 item 11 read with LGOA 2074 s.11(1) and s.11(2)(\u091f)", "source": "chirps"}}, {"type": "Feature", "geometry": {"type": "Point", "coordinates": [85.02405, 27.66176]}, "properties": {"id": "38528", "title": "Landslide at Thaha Municipality-7", "state": "exceeded", "r24": 69.5, "r72": 185.3, "authority": "Rural/Urban Municipality (Ward Committee)", "office": "Ward Committee under the Ward Chair; municipal executive (Mayor/Chair) above it", "legal_basis": "LGOA 2074 s.12(2)(c)(23) 'Remove floods, landslides in the roads'; s.12(2)(c)(21)-(22); Constitution of Nepal 2072 Sch. 8 item 11 read with LGOA 2074 s.11(1) and s.11(2)(\u091f)", "source": "chirps"}}, {"type": "Feature", "geometry": {"type": "Point", "coordinates": [83.87273, 28.04281]}, "properties": {"id": "38529", "title": "Landslide at Biruwa Rural Municipality-2", "state": "exceeded", "r24": 38.4, "r72": 211.1, "authority": "Rural/Urban Municipality (Ward Committee)", "office": "Ward Committee under the Ward Chair; municipal executive (Mayor/Chair) above it", "legal_basis": "LGOA 2074 s.12(2)(c)(23) 'Remove floods, landslides in the roads'; s.12(2)(c)(21)-(22); Constitution of Nepal 2072 Sch. 8 item 11 read with LGOA 2074 s.11(1) and s.11(2)(\u091f)", "source": "chirps"}}, {"type": "Feature", "geometry": {"type": "Point", "coordinates": [82.44801, 28.71804]}, "properties": {"id": "38541", "title": "Landslide at Banfikot Rural Municipality-6", "state": "below", "r24": 0.0, "r72": 66.6, "authority": "Rural/Urban Municipality (Ward Committee)", "office": "Ward Committee under the Ward Chair; municipal executive (Mayor/Chair) above it", "legal_basis": "LGOA 2074 s.12(2)(c)(23) 'Remove floods, landslides in the roads'; s.12(2)(c)(21)-(22); Constitution of Nepal 2072 Sch. 8 item 11 read with LGOA 2074 s.11(1) and s.11(2)(\u091f)", "source": "chirps"}}, {"type": "Feature", "geometry": {"type": "Point", "coordinates": [85.91796, 27.58372]}, "properties": {"id": "38631", "title": "Landslide at Doramba Rural Municipality-4", "state": "exceeded", "r24": 61.0, "r72": 162.6, "authority": "Rural/Urban Municipality (Ward Committee)", "office": "Ward Committee under the Ward Chair; municipal executive (Mayor/Chair) above it", "legal_basis": "LGOA 2074 s.12(2)(c)(23) 'Remove floods, landslides in the roads'; s.12(2)(c)(21)-(22); Constitution of Nepal 2072 Sch. 8 item 11 read with LGOA 2074 s.11(1) and s.11(2)(\u091f)", "source": "chirps"}}, {"type": "Feature", "geometry": {"type": "Point", "coordinates": [85.41488, 27.83555]}, "properties": {"id": "38633", "title": "Landslide at Shivapuri Rural Municipality-1", "state": "exceeded", "r24": 99.1, "r72": 222.9, "authority": "Rural/Urban Municipality (Ward Committee)", "office": "Ward Committee under the Ward Chair; municipal executive (Mayor/Chair) above it", "legal_basis": "LGOA 2074 s.12(2)(c)(23) 'Remove floods, landslides in the roads'; s.12(2)(c)(21)-(22); Constitution of Nepal 2072 Sch. 8 item 11 read with LGOA 2074 s.11(1) and s.11(2)(\u091f)", "source": "chirps"}}, {"type": "Feature", "geometry": {"type": "Point", "coordinates": [85.52789, 27.62628]}, "properties": {"id": "38642", "title": "Landslide at Banepa Municipality-7", "state": "approaching", "r24": 60.2, "r72": 140.5, "authority": "Rural/Urban Municipality (Ward Committee)", "office": "Ward Committee under the Ward Chair; municipal executive (Mayor/Chair) above it", "legal_basis": "LGOA 2074 s.12(2)(c)(23) 'Remove floods, landslides in the roads'; s.12(2)(c)(21)-(22); Constitution of Nepal 2072 Sch. 8 item 11 read with LGOA 2074 s.11(1) and s.11(2)(\u091f)", "source": "chirps"}}, {"type": "Feature", "geometry": {"type": "Point", "coordinates": [85.47641, 27.59656]}, "properties": {"id": "38645", "title": "Landslide at Panauti Municipality-3", "state": "approaching", "r24": 78.4, "r72": 137.1, "authority": "Rural/Urban Municipality (Ward Committee)", "office": "Ward Committee under the Ward Chair; municipal executive (Mayor/Chair) above it", "legal_basis": "LGOA 2074 s.12(2)(c)(23) 'Remove floods, landslides in the roads'; s.12(2)(c)(21)-(22); Constitution of Nepal 2072 Sch. 8 item 11 read with LGOA 2074 s.11(1) and s.11(2)(\u091f)", "source": "chirps"}}, {"type": "Feature", "geometry": {"type": "Point", "coordinates": [84.68668, 28.07601]}, "properties": {"id": "38648", "title": "Landslide at Gangadev Rural Municipality-6", "state": "exceeded", "r24": 32.3, "r72": 193.7, "authority": "Rural/Urban Municipality (Ward Committee)", "office": "Ward Committee under the Ward Chair; municipal executive (Mayor/Chair) above it", "legal_basis": "LGOA 2074 s.12(2)(c)(23) 'Remove floods, landslides in the roads'; s.12(2)(c)(21)-(22); Constitution of Nepal 2072 Sch. 8 item 11 read with LGOA 2074 s.11(1) and s.11(2)(\u091f)", "source": "chirps"}}, {"type": "Feature", "geometry": {"type": "Point", "coordinates": [80.69626, 29.83779]}, "properties": {"id": "38649", "title": "Landslide at Naugad Rural Municipality-1", "state": "below", "r24": 0.0, "r72": 0.0, "authority": "Rural/Urban Municipality (Ward Committee)", "office": "Ward Committee under the Ward Chair; municipal executive (Mayor/Chair) above it", "legal_basis": "LGOA 2074 s.12(2)(c)(23) 'Remove floods, landslides in the roads'; s.12(2)(c)(21)-(22); Constitution of Nepal 2072 Sch. 8 item 11 read with LGOA 2074 s.11(1) and s.11(2)(\u091f)", "source": "chirps"}}, {"type": "Feature", "geometry": {"type": "Point", "coordinates": [85.17341, 27.80859]}, "properties": {"id": "38662", "title": "Landslide at Belkotgadhi Municipality-1", "state": "exceeded", "r24": 82.2, "r72": 185.0, "authority": "Rural/Urban Municipality (Ward Committee)", "office": "Ward Committee under the Ward Chair; municipal executive (Mayor/Chair) above it", "legal_basis": "LGOA 2074 s.12(2)(c)(23) 'Remove floods, landslides in the roads'; s.12(2)(c)(21)-(22); Constitution of Nepal 2072 Sch. 8 item 11 read with LGOA 2074 s.11(1) and s.11(2)(\u091f)", "source": "chirps"}}, {"type": "Feature", "geometry": {"type": "Point", "coordinates": [85.54275, 27.71412]}, "properties": {"id": "38664", "title": "Landslide at Mandandeupur Municipality-2", "state": "exceeded", "r24": 80.1, "r72": 180.3, "authority": "Rural/Urban Municipality (Ward Committee)", "office": "Ward Committee under the Ward Chair; municipal executive (Mayor/Chair) above it", "legal_basis": "LGOA 2074 s.12(2)(c)(23) 'Remove floods, landslides in the roads'; s.12(2)(c)(21)-(22); Constitution of Nepal 2072 Sch. 8 item 11 read with LGOA 2074 s.11(1) and s.11(2)(\u091f)", "source": "chirps"}}, {"type": "Feature", "geometry": {"type": "Point", "coordinates": [86.21637, 27.55693]}, "properties": {"id": "38665", "title": "Landslide at Gokulganga Rural Municipality-3", "state": "exceeded", "r24": 85.1, "r72": 191.6, "authority": "Rural/Urban Municipality (Ward Committee)", "office": "Ward Committee under the Ward Chair; municipal executive (Mayor/Chair) above it", "legal_basis": "LGOA 2074 s.12(2)(c)(23) 'Remove floods, landslides in the roads'; s.12(2)(c)(21)-(22); Constitution of Nepal 2072 Sch. 8 item 11 read with LGOA 2074 s.11(1) and s.11(2)(\u091f)", "source": "chirps"}}, {"type": "Feature", "geometry": {"type": "Point", "coordinates": [85.94088, 27.519]}, "properties": {"id": "38666", "title": "Landslide at Doramba Rural Municipality-2", "state": "exceeded", "r24": 62.3, "r72": 145.4, "authority": "Rural/Urban Municipality (Ward Committee)", "office": "Ward Committee under the Ward Chair; municipal executive (Mayor/Chair) above it", "legal_basis": "LGOA 2074 s.12(2)(c)(23) 'Remove floods, landslides in the roads'; s.12(2)(c)(21)-(22); Constitution of Nepal 2072 Sch. 8 item 11 read with LGOA 2074 s.11(1) and s.11(2)(\u091f)", "source": "chirps"}}, {"type": "Feature", "geometry": {"type": "Point", "coordinates": [86.58908, 27.45665]}, "properties": {"id": "38682", "title": "Landslide at Solududhakunda Municipality-7", "state": "exceeded", "r24": 105.3, "r72": 210.7, "authority": "Rural/Urban Municipality (Ward Committee)", "office": "Ward Committee under the Ward Chair; municipal executive (Mayor/Chair) above it", "legal_basis": "LGOA 2074 s.12(2)(c)(23) 'Remove floods, landslides in the roads'; s.12(2)(c)(21)-(22); Constitution of Nepal 2072 Sch. 8 item 11 read with LGOA 2074 s.11(1) and s.11(2)(\u091f)", "source": "chirps"}}, {"type": "Feature", "geometry": {"type": "Point", "coordinates": [84.70955, 27.93603]}, "properties": {"id": "38699", "title": "Landslide at Sahid Lakhan Rural Municipality-9", "state": "exceeded", "r24": 70.6, "r72": 176.5, "authority": "Rural/Urban Municipality (Ward Committee)", "office": "Ward Committee under the Ward Chair; municipal executive (Mayor/Chair) above it", "legal_basis": "LGOA 2074 s.12(2)(c)(23) 'Remove floods, landslides in the roads'; s.12(2)(c)(21)-(22); Constitution of Nepal 2072 Sch. 8 item 11 read with LGOA 2074 s.11(1) and s.11(2)(\u091f)", "source": "chirps"}}, {"type": "Feature", "geometry": {"type": "Point", "coordinates": [86.28946, 27.53178]}, "properties": {"id": "38703", "title": "Landslide at Umakunda Rural Municipality-4", "state": "exceeded", "r24": 84.3, "r72": 168.6, "authority": "Rural/Urban Municipality (Ward Committee)", "office": "Ward Committee under the Ward Chair; municipal executive (Mayor/Chair) above it", "legal_basis": "LGOA 2074 s.12(2)(c)(23) 'Remove floods, landslides in the roads'; s.12(2)(c)(21)-(22); Constitution of Nepal 2072 Sch. 8 item 11 read with LGOA 2074 s.11(1) and s.11(2)(\u091f)", "source": "chirps"}}, {"type": "Feature", "geometry": {"type": "Point", "coordinates": [85.34535, 27.98333]}, "properties": {"id": "38714", "title": "Landslide at Tadi Rural Municipality-1", "state": "exceeded", "r24": 61.0, "r72": 152.5, "authority": "Rural/Urban Municipality (Ward Committee)", "office": "Ward Committee under the Ward Chair; municipal executive (Mayor/Chair) above it", "legal_basis": "LGOA 2074 s.12(2)(c)(23) 'Remove floods, landslides in the roads'; s.12(2)(c)(21)-(22); Constitution of Nepal 2072 Sch. 8 item 11 read with LGOA 2074 s.11(1) and s.11(2)(\u091f)", "source": "chirps"}}, {"type": "Feature", "geometry": {"type": "Point", "coordinates": [87.06431, 27.42655]}, "properties": {"id": "38748", "title": "Landslide at Salpasilichho Rural Municipality-3", "state": "exceeded", "r24": 139.1, "r72": 243.4, "authority": "Rural/Urban Municipality (Ward Committee)", "office": "Ward Committee under the Ward Chair; municipal executive (Mayor/Chair) above it", "legal_basis": "LGOA 2074 s.12(2)(c)(23) 'Remove floods, landslides in the roads'; s.12(2)(c)(21)-(22); Constitution of Nepal 2072 Sch. 8 item 11 read with LGOA 2074 s.11(1) and s.11(2)(\u091f)", "source": "chirps"}}, {"type": "Feature", "geometry": {"type": "Point", "coordinates": [84.66405, 27.92683]}, "properties": {"id": "38760", "title": "Landslide at Sahid Lakhan Rural Municipality-6", "state": "exceeded", "r24": 65.9, "r72": 164.7, "authority": "Rural/Urban Municipality (Ward Committee)", "office": "Ward Committee under the Ward Chair; municipal executive (Mayor/Chair) above it", "legal_basis": "LGOA 2074 s.12(2)(c)(23) 'Remove floods, landslides in the roads'; s.12(2)(c)(21)-(22); Constitution of Nepal 2072 Sch. 8 item 11 read with LGOA 2074 s.11(1) and s.11(2)(\u091f)", "source": "chirps"}}, {"type": "Feature", "geometry": {"type": "Point", "coordinates": [84.67074, 27.9724]}, "properties": {"id": "38761", "title": "Landslide at Sahid Lakhan Rural Municipality-7", "state": "exceeded", "r24": 63.1, "r72": 189.2, "authority": "Rural/Urban Municipality (Ward Committee)", "office": "Ward Committee under the Ward Chair; municipal executive (Mayor/Chair) above it", "legal_basis": "LGOA 2074 s.12(2)(c)(23) 'Remove floods, landslides in the roads'; s.12(2)(c)(21)-(22); Constitution of Nepal 2072 Sch. 8 item 11 read with LGOA 2074 s.11(1) and s.11(2)(\u091f)", "source": "chirps"}}, {"type": "Feature", "geometry": {"type": "Point", "coordinates": [84.6262, 28.11783]}, "properties": {"id": "38781", "title": "Landslide at Siranchok Rural Municipality-8", "state": "exceeded", "r24": 28.0, "r72": 196.2, "authority": "Rural/Urban Municipality (Ward Committee)", "office": "Ward Committee under the Ward Chair; municipal executive (Mayor/Chair) above it", "legal_basis": "LGOA 2074 s.12(2)(c)(23) 'Remove floods, landslides in the roads'; s.12(2)(c)(21)-(22); Constitution of Nepal 2072 Sch. 8 item 11 read with LGOA 2074 s.11(1) and s.11(2)(\u091f)", "source": "chirps"}}, {"type": "Feature", "geometry": {"type": "Point", "coordinates": [85.25127, 27.91791]}, "properties": {"id": "39107", "title": "Landslide at Suryagadhi Rural Municipality-5", "state": "exceeded", "r24": 50.8, "r72": 152.3, "authority": "Rural/Urban Municipality (Ward Committee)", "office": "Ward Committee under the Ward Chair; municipal executive (Mayor/Chair) above it", "legal_basis": "LGOA 2074 s.12(2)(c)(23) 'Remove floods, landslides in the roads'; s.12(2)(c)(21)-(22); Constitution of Nepal 2072 Sch. 8 item 11 read with LGOA 2074 s.11(1) and s.11(2)(\u091f)", "source": "chirps"}}, {"type": "Feature", "geometry": {"type": "Point", "coordinates": [82.4766, 29.06172]}, "properties": {"id": "39108", "title": "Landslide at Mudkechula Rural Municipality-7", "state": "below", "r24": 0.0, "r72": 49.6, "authority": "Rural/Urban Municipality (Ward Committee)", "office": "Ward Committee under the Ward Chair; municipal executive (Mayor/Chair) above it", "legal_basis": "LGOA 2074 s.12(2)(c)(23) 'Remove floods, landslides in the roads'; s.12(2)(c)(21)-(22); Constitution of Nepal 2072 Sch. 8 item 11 read with LGOA 2074 s.11(1) and s.11(2)(\u091f)", "source": "chirps"}}, {"type": "Feature", "geometry": {"type": "Point", "coordinates": [84.78533, 28.03317]}, "properties": {"id": "39119", "title": "Landslide at BhimsenThapa Rural Municipality-3", "state": "exceeded", "r24": 77.2, "r72": 205.8, "authority": "Rural/Urban Municipality (Ward Committee)", "office": "Ward Committee under the Ward Chair; municipal executive (Mayor/Chair) above it", "legal_basis": "LGOA 2074 s.12(2)(c)(23) 'Remove floods, landslides in the roads'; s.12(2)(c)(21)-(22); Constitution of Nepal 2072 Sch. 8 item 11 read with LGOA 2074 s.11(1) and s.11(2)(\u091f)", "source": "chirps"}}, {"type": "Feature", "geometry": {"type": "Point", "coordinates": [86.1834, 27.78813]}, "properties": {"id": "39139", "title": "Landslide at Bigu Rural Municipality-3", "state": "exceeded", "r24": 99.7, "r72": 232.7, "authority": "Rural/Urban Municipality (Ward Committee)", "office": "Ward Committee under the Ward Chair; municipal executive (Mayor/Chair) above it", "legal_basis": "LGOA 2074 s.12(2)(c)(23) 'Remove floods, landslides in the roads'; s.12(2)(c)(21)-(22); Constitution of Nepal 2072 Sch. 8 item 11 read with LGOA 2074 s.11(1) and s.11(2)(\u091f)", "source": "chirps"}}, {"type": "Feature", "geometry": {"type": "Point", "coordinates": [85.66855, 27.88415]}, "properties": {"id": "39159", "title": "Landslide at Panchpokhari Thangpal Rural Municipality-7", "state": "exceeded", "r24": 111.5, "r72": 250.9, "authority": "Rural/Urban Municipality (Ward Committee)", "office": "Ward Committee under the Ward Chair; municipal executive (Mayor/Chair) above it", "legal_basis": "LGOA 2074 s.12(2)(c)(23) 'Remove floods, landslides in the roads'; s.12(2)(c)(21)-(22); Constitution of Nepal 2072 Sch. 8 item 11 read with LGOA 2074 s.11(1) and s.11(2)(\u091f)", "source": "chirps"}}, {"type": "Feature", "geometry": {"type": "Point", "coordinates": [86.6326, 27.44361]}, "properties": {"id": "39275", "title": "Landslide at Thulung Dudhkoshi Rural Municipality-1", "state": "exceeded", "r24": 93.1, "r72": 186.3, "authority": "Rural/Urban Municipality (Ward Committee)", "office": "Ward Committee under the Ward Chair; municipal executive (Mayor/Chair) above it", "legal_basis": "LGOA 2074 s.12(2)(c)(23) 'Remove floods, landslides in the roads'; s.12(2)(c)(21)-(22); Constitution of Nepal 2072 Sch. 8 item 11 read with LGOA 2074 s.11(1) and s.11(2)(\u091f)", "source": "chirps"}}, {"type": "Feature", "geometry": {"type": "Point", "coordinates": [82.3864, 28.71174]}, "properties": {"id": "39286", "title": "Landslide at Sani Bheri Rural Municipality-5", "state": "below", "r24": 0.0, "r72": 48.4, "authority": "Rural/Urban Municipality (Ward Committee)", "office": "Ward Committee under the Ward Chair; municipal executive (Mayor/Chair) above it", "legal_basis": "LGOA 2074 s.12(2)(c)(23) 'Remove floods, landslides in the roads'; s.12(2)(c)(21)-(22); Constitution of Nepal 2072 Sch. 8 item 11 read with LGOA 2074 s.11(1) and s.11(2)(\u091f)", "source": "chirps"}}, {"type": "Feature", "geometry": {"type": "Point", "coordinates": [87.03347, 27.41217]}, "properties": {"id": "39289", "title": "Landslide at Salpasilichho Rural Municipality-4", "state": "exceeded", "r24": 116.6, "r72": 233.2, "authority": "Rural/Urban Municipality (Ward Committee)", "office": "Ward Committee under the Ward Chair; municipal executive (Mayor/Chair) above it", "legal_basis": "LGOA 2074 s.12(2)(c)(23) 'Remove floods, landslides in the roads'; s.12(2)(c)(21)-(22); Constitution of Nepal 2072 Sch. 8 item 11 read with LGOA 2074 s.11(1) and s.11(2)(\u091f)", "source": "chirps"}}, {"type": "Feature", "geometry": {"type": "Point", "coordinates": [82.48852, 29.08623]}, "properties": {"id": "39319", "title": "Landslide at Mudkechula Rural Municipality-8", "state": "below", "r24": 0.0, "r72": 49.6, "authority": "Rural/Urban Municipality (Ward Committee)", "office": "Ward Committee under the Ward Chair; municipal executive (Mayor/Chair) above it", "legal_basis": "LGOA 2074 s.12(2)(c)(23) 'Remove floods, landslides in the roads'; s.12(2)(c)(21)-(22); Constitution of Nepal 2072 Sch. 8 item 11 read with LGOA 2074 s.11(1) and s.11(2)(\u091f)", "source": "chirps"}}, {"type": "Feature", "geometry": {"type": "Point", "coordinates": [84.90586, 28.01974]}, "properties": {"id": "39320", "title": "Landslide at Tripura Sundari Rural Municipality-4", "state": "exceeded", "r24": 65.2, "r72": 173.8, "authority": "Rural/Urban Municipality (Ward Committee)", "office": "Ward Committee under the Ward Chair; municipal executive (Mayor/Chair) above it", "legal_basis": "LGOA 2074 s.12(2)(c)(23) 'Remove floods, landslides in the roads'; s.12(2)(c)(21)-(22); Constitution of Nepal 2072 Sch. 8 item 11 read with LGOA 2074 s.11(1) and s.11(2)(\u091f)", "source": "chirps"}}, {"type": "Feature", "geometry": {"type": "Point", "coordinates": [87.10695, 27.39619]}, "properties": {"id": "39321", "title": "Landslide at Shadananda Municipality-1", "state": "exceeded", "r24": 86.1, "r72": 172.2, "authority": "Rural/Urban Municipality (Ward Committee)", "office": "Ward Committee under the Ward Chair; municipal executive (Mayor/Chair) above it", "legal_basis": "LGOA 2074 s.12(2)(c)(23) 'Remove floods, landslides in the roads'; s.12(2)(c)(21)-(22); Constitution of Nepal 2072 Sch. 8 item 11 read with LGOA 2074 s.11(1) and s.11(2)(\u091f)", "source": "chirps"}}, {"type": "Feature", "geometry": {"type": "Point", "coordinates": [81.35936, 29.39677]}, "properties": {"id": "39338", "title": "Landslide at Budhiganga Municipality-2", "state": "below", "r24": 0.0, "r72": 0.0, "authority": "Rural/Urban Municipality (Ward Committee)", "office": "Ward Committee under the Ward Chair; municipal executive (Mayor/Chair) above it", "legal_basis": "LGOA 2074 s.12(2)(c)(23) 'Remove floods, landslides in the roads'; s.12(2)(c)(21)-(22); Constitution of Nepal 2072 Sch. 8 item 11 read with LGOA 2074 s.11(1) and s.11(2)(\u091f)", "source": "chirps"}}, {"type": "Feature", "geometry": {"type": "Point", "coordinates": [85.28112, 27.77906]}, "properties": {"id": "39343", "title": "Landslide at Tarakeshwor Municipality-3", "state": "exceeded", "r24": 87.2, "r72": 196.1, "authority": "Rural/Urban Municipality (Ward Committee)", "office": "Ward Committee under the Ward Chair; municipal executive (Mayor/Chair) above it", "legal_basis": "LGOA 2074 s.12(2)(c)(23) 'Remove floods, landslides in the roads'; s.12(2)(c)(21)-(22); Constitution of Nepal 2072 Sch. 8 item 11 read with LGOA 2074 s.11(1) and s.11(2)(\u091f)", "source": "chirps"}}, {"type": "Feature", "geometry": {"type": "Point", "coordinates": [85.31454, 27.8746]}, "properties": {"id": "39346", "title": "Landslide at Panchakanya Rural Municipality-5", "state": "exceeded", "r24": 91.3, "r72": 205.5, "authority": "Rural/Urban Municipality (Ward Committee)", "office": "Ward Committee under the Ward Chair; municipal executive (Mayor/Chair) above it", "legal_basis": "LGOA 2074 s.12(2)(c)(23) 'Remove floods, landslides in the roads'; s.12(2)(c)(21)-(22); Constitution of Nepal 2072 Sch. 8 item 11 read with LGOA 2074 s.11(1) and s.11(2)(\u091f)", "source": "chirps"}}, {"type": "Feature", "geometry": {"type": "Point", "coordinates": [82.23435, 28.64975]}, "properties": {"id": "39348", "title": "Landslide at Chaurjahari Municipality-7", "state": "below", "r24": 0.0, "r72": 55.3, "authority": "Rural/Urban Municipality (Ward Committee)", "office": "Ward Committee under the Ward Chair; municipal executive (Mayor/Chair) above it", "legal_basis": "LGOA 2074 s.12(2)(c)(23) 'Remove floods, landslides in the roads'; s.12(2)(c)(21)-(22); Constitution of Nepal 2072 Sch. 8 item 11 read with LGOA 2074 s.11(1) and s.11(2)(\u091f)", "source": "chirps"}}, {"type": "Feature", "geometry": {"type": "Point", "coordinates": [82.63241, 28.27457]}, "properties": {"id": "39421", "title": "Landslide at Rolpa Municipality-1", "state": "approaching", "r24": 0.0, "r72": 136.0, "authority": "Rural/Urban Municipality (Ward Committee)", "office": "Ward Committee under the Ward Chair; municipal executive (Mayor/Chair) above it", "legal_basis": "LGOA 2074 s.12(2)(c)(23) 'Remove floods, landslides in the roads'; s.12(2)(c)(21)-(22); Constitution of Nepal 2072 Sch. 8 item 11 read with LGOA 2074 s.11(1) and s.11(2)(\u091f)", "source": "chirps"}}, {"type": "Feature", "geometry": {"type": "Point", "coordinates": [87.74641, 27.30628]}, "properties": {"id": "39641", "title": "Landslide at Pathibhara Yangwarak Rural Municipality-2", "state": "exceeded", "r24": 106.8, "r72": 160.2, "authority": "Rural/Urban Municipality (Ward Committee)", "office": "Ward Committee under the Ward Chair; municipal executive (Mayor/Chair) above it", "legal_basis": "LGOA 2074 s.12(2)(c)(23) 'Remove floods, landslides in the roads'; s.12(2)(c)(21)-(22); Constitution of Nepal 2072 Sch. 8 item 11 read with LGOA 2074 s.11(1) and s.11(2)(\u091f)", "source": "chirps"}}, {"type": "Feature", "geometry": {"type": "Point", "coordinates": [87.77822, 27.28494]}, "properties": {"id": "39653", "title": "Landslide at Pathibhara Yangwarak Rural Municipality-5", "state": "below", "r24": 60.6, "r72": 121.1, "authority": "Rural/Urban Municipality (Ward Committee)", "office": "Ward Committee under the Ward Chair; municipal executive (Mayor/Chair) above it", "legal_basis": "LGOA 2074 s.12(2)(c)(23) 'Remove floods, landslides in the roads'; s.12(2)(c)(21)-(22); Constitution of Nepal 2072 Sch. 8 item 11 read with LGOA 2074 s.11(1) and s.11(2)(\u091f)", "source": "chirps"}}, {"type": "Feature", "geometry": {"type": "Point", "coordinates": [85.44303, 27.97783]}, "properties": {"id": "39661", "title": "Landslide at Dupcheshwar Rural Municipality-1", "state": "exceeded", "r24": 83.4, "r72": 208.4, "authority": "Rural/Urban Municipality (Ward Committee)", "office": "Ward Committee under the Ward Chair; municipal executive (Mayor/Chair) above it", "legal_basis": "LGOA 2074 s.12(2)(c)(23) 'Remove floods, landslides in the roads'; s.12(2)(c)(21)-(22); Constitution of Nepal 2072 Sch. 8 item 11 read with LGOA 2074 s.11(1) and s.11(2)(\u091f)", "source": "chirps"}}, {"type": "Feature", "geometry": {"type": "Point", "coordinates": [83.66451, 28.6488]}, "properties": {"id": "39666", "title": "Landslide at Thasang Rural Municipality-5", "state": "below", "r24": 0.0, "r72": 68.6, "authority": "Rural/Urban Municipality (Ward Committee)", "office": "Ward Committee under the Ward Chair; municipal executive (Mayor/Chair) above it", "legal_basis": "LGOA 2074 s.12(2)(c)(23) 'Remove floods, landslides in the roads'; s.12(2)(c)(21)-(22); Constitution of Nepal 2072 Sch. 8 item 11 read with LGOA 2074 s.11(1) and s.11(2)(\u091f)", "source": "chirps"}}, {"type": "Feature", "geometry": {"type": "Point", "coordinates": [82.25209, 29.93646]}, "properties": {"id": "39705", "title": "Landslide at Chankheli Rural Municipality-5", "state": "below", "r24": 0.0, "r72": 0.0, "authority": "Rural/Urban Municipality (Ward Committee)", "office": "Ward Committee under the Ward Chair; municipal executive (Mayor/Chair) above it", "legal_basis": "LGOA 2074 s.12(2)(c)(23) 'Remove floods, landslides in the roads'; s.12(2)(c)(21)-(22); Constitution of Nepal 2072 Sch. 8 item 11 read with LGOA 2074 s.11(1) and s.11(2)(\u091f)", "source": "chirps"}}, {"type": "Feature", "geometry": {"type": "Point", "coordinates": [87.20988, 27.57093]}, "properties": {"id": "39711", "title": "Landslide at Makalu Rural Municipality-1", "state": "exceeded", "r24": 200.3, "r72": 300.5, "authority": "Rural/Urban Municipality (Ward Committee)", "office": "Ward Committee under the Ward Chair; municipal executive (Mayor/Chair) above it", "legal_basis": "LGOA 2074 s.12(2)(c)(23) 'Remove floods, landslides in the roads'; s.12(2)(c)(21)-(22); Constitution of Nepal 2072 Sch. 8 item 11 read with LGOA 2074 s.11(1) and s.11(2)(\u091f)", "source": "chirps"}}, {"type": "Feature", "geometry": {"type": "Point", "coordinates": [84.46996, 28.18504]}, "properties": {"id": "43463", "title": "Landslide at Dordi Rural Municipality-3", "state": "exceeded", "r24": 52.5, "r72": 210.1, "authority": "Rural/Urban Municipality (Ward Committee)", "office": "Ward Committee under the Ward Chair; municipal executive (Mayor/Chair) above it", "legal_basis": "LGOA 2074 s.12(2)(c)(23) 'Remove floods, landslides in the roads'; s.12(2)(c)(21)-(22); Constitution of Nepal 2072 Sch. 8 item 11 read with LGOA 2074 s.11(1) and s.11(2)(\u091f)", "source": "chirps"}}, {"type": "Feature", "geometry": {"type": "Point", "coordinates": [88.07564, 26.82562]}, "properties": {"id": "43499", "title": "Landslide at Chindepani, Rong Rural Municipality-3", "state": "exceeded", "r24": 38.8, "r72": 155.1, "authority": "Rural/Urban Municipality (Ward Committee)", "office": "Ward Committee under the Ward Chair; municipal executive (Mayor/Chair) above it", "legal_basis": "LGOA 2074 s.12(2)(c)(23) 'Remove floods, landslides in the roads'; s.12(2)(c)(21)-(22); Constitution of Nepal 2072 Sch. 8 item 11 read with LGOA 2074 s.11(1) and s.11(2)(\u091f)", "source": "chirps"}}, {"type": "Feature", "geometry": {"type": "Point", "coordinates": [85.14928, 27.41848]}, "properties": {"id": "43500", "title": "Landslide at Jitpur, Makawanpurgadhi Rural Municipality-2", "state": "exceeded", "r24": 87.2, "r72": 196.1, "authority": "Rural/Urban Municipality (Ward Committee)", "office": "Ward Committee under the Ward Chair; municipal executive (Mayor/Chair) above it", "legal_basis": "LGOA 2074 s.12(2)(c)(23) 'Remove floods, landslides in the roads'; s.12(2)(c)(21)-(22); Constitution of Nepal 2072 Sch. 8 item 11 read with LGOA 2074 s.11(1) and s.11(2)(\u091f)", "source": "chirps"}}, {"type": "Feature", "geometry": {"type": "Point", "coordinates": [83.13483, 27.92583]}, "properties": {"id": "43504", "title": "Landslide at Batase Danda, Sandhikharka Municipality-7", "state": "approaching", "r24": 17.5, "r72": 140.2, "authority": "Rural/Urban Municipality (Ward Committee)", "office": "Ward Committee under the Ward Chair; municipal executive (Mayor/Chair) above it", "legal_basis": "LGOA 2074 s.12(2)(c)(23) 'Remove floods, landslides in the roads'; s.12(2)(c)(21)-(22); Constitution of Nepal 2072 Sch. 8 item 11 read with LGOA 2074 s.11(1) and s.11(2)(\u091f)", "source": "chirps"}}, {"type": "Feature", "geometry": {"type": "Point", "coordinates": [82.81029, 28.04306]}, "properties": {"id": "43507", "title": "Landslide at Adursh, Mandavi Rural Municipality-5", "state": "approaching", "r24": 19.4, "r72": 116.4, "authority": "Rural/Urban Municipality (Ward Committee)", "office": "Ward Committee under the Ward Chair; municipal executive (Mayor/Chair) above it", "legal_basis": "LGOA 2074 s.12(2)(c)(23) 'Remove floods, landslides in the roads'; s.12(2)(c)(21)-(22); Constitution of Nepal 2072 Sch. 8 item 11 read with LGOA 2074 s.11(1) and s.11(2)(\u091f)", "source": "chirps"}}, {"type": "Feature", "geometry": {"type": "Point", "coordinates": [87.68966, 27.23566]}, "properties": {"id": "43522", "title": "Landslide at Kalikatol, Aathrai Rural Municipality-4", "state": "approaching", "r24": 79.7, "r72": 132.9, "authority": "Rural/Urban Municipality (Ward Committee)", "office": "Ward Committee under the Ward Chair; municipal executive (Mayor/Chair) above it", "legal_basis": "LGOA 2074 s.12(2)(c)(23) 'Remove floods, landslides in the roads'; s.12(2)(c)(21)-(22); Constitution of Nepal 2072 Sch. 8 item 11 read with LGOA 2074 s.11(1) and s.11(2)(\u091f)", "source": "chirps"}}, {"type": "Feature", "geometry": {"type": "Point", "coordinates": [87.04744, 27.16384]}, "properties": {"id": "43523", "title": "Landslide at Bhojpur Municipality-7", "state": "below", "r24": 48.6, "r72": 113.4, "authority": "Rural/Urban Municipality (Ward Committee)", "office": "Ward Committee under the Ward Chair; municipal executive (Mayor/Chair) above it", "legal_basis": "LGOA 2074 s.12(2)(c)(23) 'Remove floods, landslides in the roads'; s.12(2)(c)(21)-(22); Constitution of Nepal 2072 Sch. 8 item 11 read with LGOA 2074 s.11(1) and s.11(2)(\u091f)", "source": "chirps"}}, {"type": "Feature", "geometry": {"type": "Point", "coordinates": [86.22025, 27.21529]}, "properties": {"id": "43527", "title": "Landslide at Phikkal Rural Municipality-2", "state": "exceeded", "r24": 96.6, "r72": 154.6, "authority": "Rural/Urban Municipality (Ward Committee)", "office": "Ward Committee under the Ward Chair; municipal executive (Mayor/Chair) above it", "legal_basis": "LGOA 2074 s.12(2)(c)(23) 'Remove floods, landslides in the roads'; s.12(2)(c)(21)-(22); Constitution of Nepal 2072 Sch. 8 item 11 read with LGOA 2074 s.11(1) and s.11(2)(\u091f)", "source": "chirps"}}, {"type": "Feature", "geometry": {"type": "Point", "coordinates": [86.84571, 27.02361]}, "properties": {"id": "43542", "title": "Landslide at Khotangbazar, Khotehang Rural Municipality-7", "state": "below", "r24": 52.8, "r72": 92.4, "authority": "Rural/Urban Municipality (Ward Committee)", "office": "Ward Committee under the Ward Chair; municipal executive (Mayor/Chair) above it", "legal_basis": "LGOA 2074 s.12(2)(c)(23) 'Remove floods, landslides in the roads'; s.12(2)(c)(21)-(22); Constitution of Nepal 2072 Sch. 8 item 11 read with LGOA 2074 s.11(1) and s.11(2)(\u091f)", "source": "chirps"}}, {"type": "Feature", "geometry": {"type": "Point", "coordinates": [86.5956, 27.16945]}, "properties": {"id": "43543", "title": "Landslide at Chhapdanda, Halesi Tuwachung Municipality-5", "state": "approaching", "r24": 75.6, "r72": 151.2, "authority": "Rural/Urban Municipality (Ward Committee)", "office": "Ward Committee under the Ward Chair; municipal executive (Mayor/Chair) above it", "legal_basis": "LGOA 2074 s.12(2)(c)(23) 'Remove floods, landslides in the roads'; s.12(2)(c)(21)-(22); Constitution of Nepal 2072 Sch. 8 item 11 read with LGOA 2074 s.11(1) and s.11(2)(\u091f)", "source": "chirps"}}, {"type": "Feature", "geometry": {"type": "Point", "coordinates": [86.83698, 27.20696]}, "properties": {"id": "43544", "title": "Landslide at Diktel Rupakot Majhuwagadhi Municipality-7", "state": "approaching", "r24": 103.2, "r72": 154.9, "authority": "Rural/Urban Municipality (Ward Committee)", "office": "Ward Committee under the Ward Chair; municipal executive (Mayor/Chair) above it", "legal_basis": "LGOA 2074 s.12(2)(c)(23) 'Remove floods, landslides in the roads'; s.12(2)(c)(21)-(22); Constitution of Nepal 2072 Sch. 8 item 11 read with LGOA 2074 s.11(1) and s.11(2)(\u091f)", "source": "chirps"}}, {"type": "Feature", "geometry": {"type": "Point", "coordinates": [86.90724, 27.08786]}, "properties": {"id": "43560", "title": "Landslide at Bakpachang, Khotehang Rural Municipality-2", "state": "approaching", "r24": 74.9, "r72": 131.1, "authority": "Rural/Urban Municipality (Ward Committee)", "office": "Ward Committee under the Ward Chair; municipal executive (Mayor/Chair) above it", "legal_basis": "LGOA 2074 s.12(2)(c)(23) 'Remove floods, landslides in the roads'; s.12(2)(c)(21)-(22); Constitution of Nepal 2072 Sch. 8 item 11 read with LGOA 2074 s.11(1) and s.11(2)(\u091f)", "source": "chirps"}}, {"type": "Feature", "geometry": {"type": "Point", "coordinates": [86.29646, 27.14341]}, "properties": {"id": "43585", "title": "Landslide at Jhulke, Phikkal Rural Municipality-1", "state": "approaching", "r24": 77.6, "r72": 135.7, "authority": "Rural/Urban Municipality (Ward Committee)", "office": "Ward Committee under the Ward Chair; municipal executive (Mayor/Chair) above it", "legal_basis": "LGOA 2074 s.12(2)(c)(23) 'Remove floods, landslides in the roads'; s.12(2)(c)(21)-(22); Constitution of Nepal 2072 Sch. 8 item 11 read with LGOA 2074 s.11(1) and s.11(2)(\u091f)", "source": "chirps"}}, {"type": "Feature", "geometry": {"type": "Point", "coordinates": [85.64643, 27.91078]}, "properties": {"id": "43587", "title": "Landslide at Panchpokhari Thangpal Rural Municipality-6", "state": "exceeded", "r24": 105.6, "r72": 237.6, "authority": "Rural/Urban Municipality (Ward Committee)", "office": "Ward Committee under the Ward Chair; municipal executive (Mayor/Chair) above it", "legal_basis": "LGOA 2074 s.12(2)(c)(23) 'Remove floods, landslides in the roads'; s.12(2)(c)(21)-(22); Constitution of Nepal 2072 Sch. 8 item 11 read with LGOA 2074 s.11(1) and s.11(2)(\u091f)", "source": "chirps"}}, {"type": "Feature", "geometry": {"type": "Point", "coordinates": [84.90302, 27.71937]}, "properties": {"id": "43601", "title": "Landslide at Daringal, Gajuri Rural Municipality-4", "state": "exceeded", "r24": 84.9, "r72": 191.1, "authority": "Rural/Urban Municipality (Ward Committee)", "office": "Ward Committee under the Ward Chair; municipal executive (Mayor/Chair) above it", "legal_basis": "LGOA 2074 s.12(2)(c)(23) 'Remove floods, landslides in the roads'; s.12(2)(c)(21)-(22); Constitution of Nepal 2072 Sch. 8 item 11 read with LGOA 2074 s.11(1) and s.11(2)(\u091f)", "source": "chirps"}}, {"type": "Feature", "geometry": {"type": "Point", "coordinates": [85.32681, 27.60067]}, "properties": {"id": "43615", "title": "Landslide at Pyanggaun, Godawari_Lalitpur Municipality-11", "state": "approaching", "r24": 64.5, "r72": 129.0, "authority": "Rural/Urban Municipality (Ward Committee)", "office": "Ward Committee under the Ward Chair; municipal executive (Mayor/Chair) above it", "legal_basis": "LGOA 2074 s.12(2)(c)(23) 'Remove floods, landslides in the roads'; s.12(2)(c)(21)-(22); Constitution of Nepal 2072 Sch. 8 item 11 read with LGOA 2074 s.11(1) and s.11(2)(\u091f)", "source": "chirps"}}, {"type": "Feature", "geometry": {"type": "Point", "coordinates": [84.98522, 27.62541]}, "properties": {"id": "43617", "title": "Landslide at Kalikhola, Kailash Rural Municipality-5", "state": "exceeded", "r24": 64.8, "r72": 194.4, "authority": "Rural/Urban Municipality (Ward Committee)", "office": "Ward Committee under the Ward Chair; municipal executive (Mayor/Chair) above it", "legal_basis": "LGOA 2074 s.12(2)(c)(23) 'Remove floods, landslides in the roads'; s.12(2)(c)(21)-(22); Constitution of Nepal 2072 Sch. 8 item 11 read with LGOA 2074 s.11(1) and s.11(2)(\u091f)", "source": "chirps"}}, {"type": "Feature", "geometry": {"type": "Point", "coordinates": [88.12701, 26.89444]}, "properties": {"id": "43623", "title": "Landslide at Chiruwa, Suryodaya Municipality-4", "state": "exceeded", "r24": 49.1, "r72": 171.9, "authority": "Rural/Urban Municipality (Ward Committee)", "office": "Ward Committee under the Ward Chair; municipal executive (Mayor/Chair) above it", "legal_basis": "LGOA 2074 s.12(2)(c)(23) 'Remove floods, landslides in the roads'; s.12(2)(c)(21)-(22); Constitution of Nepal 2072 Sch. 8 item 11 read with LGOA 2074 s.11(1) and s.11(2)(\u091f)", "source": "chirps"}}, {"type": "Feature", "geometry": {"type": "Point", "coordinates": [87.0803, 27.08998]}, "properties": {"id": "43626", "title": "Landslide at Tusang, Ramprasad Rai Rural Municipality-5", "state": "below", "r24": 55.4, "r72": 124.7, "authority": "Rural/Urban Municipality (Ward Committee)", "office": "Ward Committee under the Ward Chair; municipal executive (Mayor/Chair) above it", "legal_basis": "LGOA 2074 s.12(2)(c)(23) 'Remove floods, landslides in the roads'; s.12(2)(c)(21)-(22); Constitution of Nepal 2072 Sch. 8 item 11 read with LGOA 2074 s.11(1) and s.11(2)(\u091f)", "source": "chirps"}}, {"type": "Feature", "geometry": {"type": "Point", "coordinates": [85.36337, 27.49576]}, "properties": {"id": "43634", "title": "Landslide at Mahankal Rural Municipality-1", "state": "approaching", "r24": 67.7, "r72": 135.4, "authority": "Rural/Urban Municipality (Ward Committee)", "office": "Ward Committee under the Ward Chair; municipal executive (Mayor/Chair) above it", "legal_basis": "LGOA 2074 s.12(2)(c)(23) 'Remove floods, landslides in the roads'; s.12(2)(c)(21)-(22); Constitution of Nepal 2072 Sch. 8 item 11 read with LGOA 2074 s.11(1) and s.11(2)(\u091f)", "source": "chirps"}}, {"type": "Feature", "geometry": {"type": "Point", "coordinates": [85.33674, 27.50845]}, "properties": {"id": "43635", "title": "Landslide at Sankhu, Konjyosom Rural Municipality-2", "state": "approaching", "r24": 63.1, "r72": 126.1, "authority": "Rural/Urban Municipality (Ward Committee)", "office": "Ward Committee under the Ward Chair; municipal executive (Mayor/Chair) above it", "legal_basis": "LGOA 2074 s.12(2)(c)(23) 'Remove floods, landslides in the roads'; s.12(2)(c)(21)-(22); Constitution of Nepal 2072 Sch. 8 item 11 read with LGOA 2074 s.11(1) and s.11(2)(\u091f)", "source": "chirps"}}, {"type": "Feature", "geometry": {"type": "Point", "coordinates": [84.81889, 27.71711]}, "properties": {"id": "43657", "title": "Landslide at Talti, Benighat Rorang Rural Municipality-2", "state": "exceeded", "r24": 68.7, "r72": 171.7, "authority": "Rural/Urban Municipality (Ward Committee)", "office": "Ward Committee under the Ward Chair; municipal executive (Mayor/Chair) above it", "legal_basis": "LGOA 2074 s.12(2)(c)(23) 'Remove floods, landslides in the roads'; s.12(2)(c)(21)-(22); Constitution of Nepal 2072 Sch. 8 item 11 read with LGOA 2074 s.11(1) and s.11(2)(\u091f)", "source": "chirps"}}, {"type": "Feature", "geometry": {"type": "Point", "coordinates": [82.66387, 27.9366]}, "properties": {"id": "43659", "title": "Landslide at Kainpani, Banglachuli Rural Municipality-8", "state": "approaching", "r24": 23.4, "r72": 140.6, "authority": "Rural/Urban Municipality (Ward Committee)", "office": "Ward Committee under the Ward Chair; municipal executive (Mayor/Chair) above it", "legal_basis": "LGOA 2074 s.12(2)(c)(23) 'Remove floods, landslides in the roads'; s.12(2)(c)(21)-(22); Constitution of Nepal 2072 Sch. 8 item 11 read with LGOA 2074 s.11(1) and s.11(2)(\u091f)", "source": "chirps"}}, {"type": "Feature", "geometry": {"type": "Point", "coordinates": [82.59282, 29.00318]}, "properties": {"id": "43662", "title": "Landslide at Kasil Khola, Mudkechula Rural Municipality-1", "state": "below", "r24": 52.0, "r72": 52.0, "authority": "Rural/Urban Municipality (Ward Committee)", "office": "Ward Committee under the Ward Chair; municipal executive (Mayor/Chair) above it", "legal_basis": "LGOA 2074 s.12(2)(c)(23) 'Remove floods, landslides in the roads'; s.12(2)(c)(21)-(22); Constitution of Nepal 2072 Sch. 8 item 11 read with LGOA 2074 s.11(1) and s.11(2)(\u091f)", "source": "chirps"}}, {"type": "Feature", "geometry": {"type": "Point", "coordinates": [82.77289, 27.85854]}, "properties": {"id": "43680", "title": "Landslide at Bhaluwang, Rapti Rural Municipality-1", "state": "approaching", "r24": 20.2, "r72": 141.3, "authority": "Rural/Urban Municipality (Ward Committee)", "office": "Ward Committee under the Ward Chair; municipal executive (Mayor/Chair) above it", "legal_basis": "LGOA 2074 s.12(2)(c)(23) 'Remove floods, landslides in the roads'; s.12(2)(c)(21)-(22); Constitution of Nepal 2072 Sch. 8 item 11 read with LGOA 2074 s.11(1) and s.11(2)(\u091f)", "source": "chirps"}}, {"type": "Feature", "geometry": {"type": "Point", "coordinates": [87.58026, 27.31957]}, "properties": {"id": "43688", "title": "Landslide at Change, Aathrai Tribeni Rural Municipality-4", "state": "approaching", "r24": 93.0, "r72": 139.5, "authority": "Rural/Urban Municipality (Ward Committee)", "office": "Ward Committee under the Ward Chair; municipal executive (Mayor/Chair) above it", "legal_basis": "LGOA 2074 s.12(2)(c)(23) 'Remove floods, landslides in the roads'; s.12(2)(c)(21)-(22); Constitution of Nepal 2072 Sch. 8 item 11 read with LGOA 2074 s.11(1) and s.11(2)(\u091f)", "source": "chirps"}}, {"type": "Feature", "geometry": {"type": "Point", "coordinates": [87.35752, 26.91813]}, "properties": {"id": "43719", "title": "Landslide at Sangurigadhi Rural Municipality-2", "state": "below", "r24": 54.1, "r72": 108.2, "authority": "Rural/Urban Municipality (Ward Committee)", "office": "Ward Committee under the Ward Chair; municipal executive (Mayor/Chair) above it", "legal_basis": "LGOA 2074 s.12(2)(c)(23) 'Remove floods, landslides in the roads'; s.12(2)(c)(21)-(22); Constitution of Nepal 2072 Sch. 8 item 11 read with LGOA 2074 s.11(1) and s.11(2)(\u091f)", "source": "chirps"}}, {"type": "Feature", "geometry": {"type": "Point", "coordinates": [87.29087, 27.1098]}, "properties": {"id": "43720", "title": "Landslide at Mahalaxmi Municipality-6", "state": "below", "r24": 57.8, "r72": 115.5, "authority": "Rural/Urban Municipality (Ward Committee)", "office": "Ward Committee under the Ward Chair; municipal executive (Mayor/Chair) above it", "legal_basis": "LGOA 2074 s.12(2)(c)(23) 'Remove floods, landslides in the roads'; s.12(2)(c)(21)-(22); Constitution of Nepal 2072 Sch. 8 item 11 read with LGOA 2074 s.11(1) and s.11(2)(\u091f)", "source": "chirps"}}, {"type": "Feature", "geometry": {"type": "Point", "coordinates": [86.63893, 26.95191]}, "properties": {"id": "43728", "title": "Landslide at Dillibagar, Rautamai Rural Municipality-8", "state": "approaching", "r24": 65.0, "r72": 130.1, "authority": "Rural/Urban Municipality (Ward Committee)", "office": "Ward Committee under the Ward Chair; municipal executive (Mayor/Chair) above it", "legal_basis": "LGOA 2074 s.12(2)(c)(23) 'Remove floods, landslides in the roads'; s.12(2)(c)(21)-(22); Constitution of Nepal 2072 Sch. 8 item 11 read with LGOA 2074 s.11(1) and s.11(2)(\u091f)", "source": "chirps"}}, {"type": "Feature", "geometry": {"type": "Point", "coordinates": [84.40529, 28.25428]}, "properties": {"id": "43764", "title": "Landslide at Kahsur, Besishahar Municipality-10", "state": "exceeded", "r24": 48.0, "r72": 216.2, "authority": "Rural/Urban Municipality (Ward Committee)", "office": "Ward Committee under the Ward Chair; municipal executive (Mayor/Chair) above it", "legal_basis": "LGOA 2074 s.12(2)(c)(23) 'Remove floods, landslides in the roads'; s.12(2)(c)(21)-(22); Constitution of Nepal 2072 Sch. 8 item 11 read with LGOA 2074 s.11(1) and s.11(2)(\u091f)", "source": "chirps"}}, {"type": "Feature", "geometry": {"type": "Point", "coordinates": [85.35638, 27.73422]}, "properties": {"id": "43773", "title": "Landslide at Kapan, Budhanilakantha Municipality-10", "state": "exceeded", "r24": 79.6, "r72": 179.0, "authority": "Rural/Urban Municipality (Ward Committee)", "office": "Ward Committee under the Ward Chair; municipal executive (Mayor/Chair) above it", "legal_basis": "LGOA 2074 s.12(2)(c)(23) 'Remove floods, landslides in the roads'; s.12(2)(c)(21)-(22); Constitution of Nepal 2072 Sch. 8 item 11 read with LGOA 2074 s.11(1) and s.11(2)(\u091f)", "source": "chirps"}}, {"type": "Feature", "geometry": {"type": "Point", "coordinates": [83.38838, 28.18702]}, "properties": {"id": "43827", "title": "Landslide at Jyamire, Galkot Municipality-8", "state": "approaching", "r24": 16.3, "r72": 146.9, "authority": "Rural/Urban Municipality (Ward Committee)", "office": "Ward Committee under the Ward Chair; municipal executive (Mayor/Chair) above it", "legal_basis": "LGOA 2074 s.12(2)(c)(23) 'Remove floods, landslides in the roads'; s.12(2)(c)(21)-(22); Constitution of Nepal 2072 Sch. 8 item 11 read with LGOA 2074 s.11(1) and s.11(2)(\u091f)", "source": "chirps"}}, {"type": "Feature", "geometry": {"type": "Point", "coordinates": [83.51109, 28.06214]}, "properties": {"id": "43849", "title": "Landslide at Rimli, Kaligandaki Rural Municipality-5", "state": "exceeded", "r24": 16.7, "r72": 183.6, "authority": "Rural/Urban Municipality (Ward Committee)", "office": "Ward Committee under the Ward Chair; municipal executive (Mayor/Chair) above it", "legal_basis": "LGOA 2074 s.12(2)(c)(23) 'Remove floods, landslides in the roads'; s.12(2)(c)(21)-(22); Constitution of Nepal 2072 Sch. 8 item 11 read with LGOA 2074 s.11(1) and s.11(2)(\u091f)", "source": "chirps"}}, {"type": "Feature", "geometry": {"type": "Point", "coordinates": [87.78928, 26.69125]}, "properties": {"id": "43856", "title": "Landslide at Chulachuli Rural Municipality-1", "state": "exceeded", "r24": 39.3, "r72": 157.3, "authority": "Rural/Urban Municipality (Ward Committee)", "office": "Ward Committee under the Ward Chair; municipal executive (Mayor/Chair) above it", "legal_basis": "LGOA 2074 s.12(2)(c)(23) 'Remove floods, landslides in the roads'; s.12(2)(c)(21)-(22); Constitution of Nepal 2072 Sch. 8 item 11 read with LGOA 2074 s.11(1) and s.11(2)(\u091f)", "source": "chirps"}}, {"type": "Feature", "geometry": {"type": "Point", "coordinates": [85.17569, 27.33611]}, "properties": {"id": "43859", "title": "Landslide at Shreepur, Bakaiya Rural Municipality-5", "state": "exceeded", "r24": 85.6, "r72": 192.6, "authority": "Rural/Urban Municipality (Ward Committee)", "office": "Ward Committee under the Ward Chair; municipal executive (Mayor/Chair) above it", "legal_basis": "LGOA 2074 s.12(2)(c)(23) 'Remove floods, landslides in the roads'; s.12(2)(c)(21)-(22); Constitution of Nepal 2072 Sch. 8 item 11 read with LGOA 2074 s.11(1) and s.11(2)(\u091f)", "source": "chirps"}}, {"type": "Feature", "geometry": {"type": "Point", "coordinates": [81.63208, 28.72661]}, "properties": {"id": "43860", "title": "Landslide at Likhakhola, Gurans Rural Municipality-4", "state": "below", "r24": 0.0, "r72": 0.0, "authority": "Rural/Urban Municipality (Ward Committee)", "office": "Ward Committee under the Ward Chair; municipal executive (Mayor/Chair) above it", "legal_basis": "LGOA 2074 s.12(2)(c)(23) 'Remove floods, landslides in the roads'; s.12(2)(c)(21)-(22); Constitution of Nepal 2072 Sch. 8 item 11 read with LGOA 2074 s.11(1) and s.11(2)(\u091f)", "source": "chirps"}}, {"type": "Feature", "geometry": {"type": "Point", "coordinates": [88.13494, 26.63454]}, "properties": {"id": "43865", "title": "Landslide at Shrijanshill toll, Mechinagar Municipality-7", "state": "exceeded", "r24": 33.6, "r72": 201.6, "authority": "Rural/Urban Municipality (Ward Committee)", "office": "Ward Committee under the Ward Chair; municipal executive (Mayor/Chair) above it", "legal_basis": "LGOA 2074 s.12(2)(c)(23) 'Remove floods, landslides in the roads'; s.12(2)(c)(21)-(22); Constitution of Nepal 2072 Sch. 8 item 11 read with LGOA 2074 s.11(1) and s.11(2)(\u091f)", "source": "chirps"}}, {"type": "Feature", "geometry": {"type": "Point", "coordinates": [87.29181, 27.33957]}, "properties": {"id": "43871", "title": "Landslide at Panchakhapan Municipality-6", "state": "exceeded", "r24": 152.8, "r72": 152.8, "authority": "Rural/Urban Municipality (Ward Committee)", "office": "Ward Committee under the Ward Chair; municipal executive (Mayor/Chair) above it", "legal_basis": "LGOA 2074 s.12(2)(c)(23) 'Remove floods, landslides in the roads'; s.12(2)(c)(21)-(22); Constitution of Nepal 2072 Sch. 8 item 11 read with LGOA 2074 s.11(1) and s.11(2)(\u091f)", "source": "chirps"}}, {"type": "Feature", "geometry": {"type": "Point", "coordinates": [81.67178, 28.7419]}, "properties": {"id": "43884", "title": "Landslide at Dungeshwor Rural Municipality-6", "state": "below", "r24": 0.0, "r72": 0.0, "authority": "Rural/Urban Municipality (Ward Committee)", "office": "Ward Committee under the Ward Chair; municipal executive (Mayor/Chair) above it", "legal_basis": "LGOA 2074 s.12(2)(c)(23) 'Remove floods, landslides in the roads'; s.12(2)(c)(21)-(22); Constitution of Nepal 2072 Sch. 8 item 11 read with LGOA 2074 s.11(1) and s.11(2)(\u091f)", "source": "chirps"}}, {"type": "Feature", "geometry": {"type": "Point", "coordinates": [87.77832, 26.9475]}, "properties": {"id": "43893", "title": "Landslide at Khabuwa, Fakphokthum Rural Municipality-7", "state": "approaching", "r24": 70.8, "r72": 141.7, "authority": "Rural/Urban Municipality (Ward Committee)", "office": "Ward Committee under the Ward Chair; municipal executive (Mayor/Chair) above it", "legal_basis": "LGOA 2074 s.12(2)(c)(23) 'Remove floods, landslides in the roads'; s.12(2)(c)(21)-(22); Constitution of Nepal 2072 Sch. 8 item 11 read with LGOA 2074 s.11(1) and s.11(2)(\u091f)", "source": "chirps"}}, {"type": "Feature", "geometry": {"type": "Point", "coordinates": [87.10653, 26.64363]}, "properties": {"id": "43904", "title": "Landslide at Ranikhola, Bhokraha Rural Municipality-1", "state": "exceeded", "r24": 115.4, "r72": 192.4, "authority": "Rural/Urban Municipality (Ward Committee)", "office": "Ward Committee under the Ward Chair; municipal executive (Mayor/Chair) above it", "legal_basis": "LGOA 2074 s.12(2)(c)(23) 'Remove floods, landslides in the roads'; s.12(2)(c)(21)-(22); Constitution of Nepal 2072 Sch. 8 item 11 read with LGOA 2074 s.11(1) and s.11(2)(\u091f)", "source": "chirps"}}, {"type": "Feature", "geometry": {"type": "Point", "coordinates": [87.4802, 26.89046]}, "properties": {"id": "43920", "title": "Landslide at Chaubise Rural Municipality-8", "state": "below", "r24": 69.3, "r72": 124.7, "authority": "Rural/Urban Municipality (Ward Committee)", "office": "Ward Committee under the Ward Chair; municipal executive (Mayor/Chair) above it", "legal_basis": "LGOA 2074 s.12(2)(c)(23) 'Remove floods, landslides in the roads'; s.12(2)(c)(21)-(22); Constitution of Nepal 2072 Sch. 8 item 11 read with LGOA 2074 s.11(1) and s.11(2)(\u091f)", "source": "chirps"}}, {"type": "Feature", "geometry": {"type": "Point", "coordinates": [81.16541, 28.98329]}, "properties": {"id": "43923", "title": "Landslide at Daunamara, Dhakari Rural Municipality-4", "state": "below", "r24": 0.0, "r72": 49.9, "authority": "Rural/Urban Municipality (Ward Committee)", "office": "Ward Committee under the Ward Chair; municipal executive (Mayor/Chair) above it", "legal_basis": "LGOA 2074 s.12(2)(c)(23) 'Remove floods, landslides in the roads'; s.12(2)(c)(21)-(22); Constitution of Nepal 2072 Sch. 8 item 11 read with LGOA 2074 s.11(1) and s.11(2)(\u091f)", "source": "chirps"}}, {"type": "Feature", "geometry": {"type": "Point", "coordinates": [81.22254, 29.00584]}, "properties": {"id": "43924", "title": "Landslide at Thulasain, Dhakari Rural Municipality-3", "state": "below", "r24": 0.0, "r72": 47.9, "authority": "Rural/Urban Municipality (Ward Committee)", "office": "Ward Committee under the Ward Chair; municipal executive (Mayor/Chair) above it", "legal_basis": "LGOA 2074 s.12(2)(c)(23) 'Remove floods, landslides in the roads'; s.12(2)(c)(21)-(22); Constitution of Nepal 2072 Sch. 8 item 11 read with LGOA 2074 s.11(1) and s.11(2)(\u091f)", "source": "chirps"}}, {"type": "Feature", "geometry": {"type": "Point", "coordinates": [84.09339, 27.62824]}, "properties": {"id": "43933", "title": "Landslide at Shrijanshiltoll, Kawasoti Municipality-16", "state": "exceeded", "r24": 50.5, "r72": 227.4, "authority": "Rural/Urban Municipality (Ward Committee)", "office": "Ward Committee under the Ward Chair; municipal executive (Mayor/Chair) above it", "legal_basis": "LGOA 2074 s.12(2)(c)(23) 'Remove floods, landslides in the roads'; s.12(2)(c)(21)-(22); Constitution of Nepal 2072 Sch. 8 item 11 read with LGOA 2074 s.11(1) and s.11(2)(\u091f)", "source": "chirps"}}, {"type": "Feature", "geometry": {"type": "Point", "coordinates": [82.44873, 28.32008]}, "properties": {"id": "43952", "title": "Landslide at Tribeni Rural Municipality-5", "state": "below", "r24": 0.0, "r72": 105.3, "authority": "Rural/Urban Municipality (Ward Committee)", "office": "Ward Committee under the Ward Chair; municipal executive (Mayor/Chair) above it", "legal_basis": "LGOA 2074 s.12(2)(c)(23) 'Remove floods, landslides in the roads'; s.12(2)(c)(21)-(22); Constitution of Nepal 2072 Sch. 8 item 11 read with LGOA 2074 s.11(1) and s.11(2)(\u091f)", "source": "chirps"}}, {"type": "Feature", "geometry": {"type": "Point", "coordinates": [86.40123, 27.35904]}, "properties": {"id": "44022", "title": "Landslide at Molung Rural Municipality-3", "state": "exceeded", "r24": 104.6, "r72": 156.9, "authority": "Rural/Urban Municipality (Ward Committee)", "office": "Ward Committee under the Ward Chair; municipal executive (Mayor/Chair) above it", "legal_basis": "LGOA 2074 s.12(2)(c)(23) 'Remove floods, landslides in the roads'; s.12(2)(c)(21)-(22); Constitution of Nepal 2072 Sch. 8 item 11 read with LGOA 2074 s.11(1) and s.11(2)(\u091f)", "source": "chirps"}}, {"type": "Feature", "geometry": {"type": "Point", "coordinates": [86.42065, 27.31072]}, "properties": {"id": "44023", "title": "Landslide at Sunkoshi Rural Municipality-10", "state": "exceeded", "r24": 121.3, "r72": 169.8, "authority": "Rural/Urban Municipality (Ward Committee)", "office": "Ward Committee under the Ward Chair; municipal executive (Mayor/Chair) above it", "legal_basis": "LGOA 2074 s.12(2)(c)(23) 'Remove floods, landslides in the roads'; s.12(2)(c)(21)-(22); Constitution of Nepal 2072 Sch. 8 item 11 read with LGOA 2074 s.11(1) and s.11(2)(\u091f)", "source": "chirps"}}, {"type": "Feature", "geometry": {"type": "Point", "coordinates": [86.37512, 27.28955]}, "properties": {"id": "44024", "title": "Landslide at Sunkoshi Rural Municipality-5", "state": "approaching", "r24": 86.0, "r72": 137.7, "authority": "Rural/Urban Municipality (Ward Committee)", "office": "Ward Committee under the Ward Chair; municipal executive (Mayor/Chair) above it", "legal_basis": "LGOA 2074 s.12(2)(c)(23) 'Remove floods, landslides in the roads'; s.12(2)(c)(21)-(22); Constitution of Nepal 2072 Sch. 8 item 11 read with LGOA 2074 s.11(1) and s.11(2)(\u091f)", "source": "chirps"}}, {"type": "Feature", "geometry": {"type": "Point", "coordinates": [86.38063, 27.32574]}, "properties": {"id": "44025", "title": "Landslide at Gope, Sunkoshi Rural Municipality-9", "state": "exceeded", "r24": 118.8, "r72": 166.3, "authority": "Rural/Urban Municipality (Ward Committee)", "office": "Ward Committee under the Ward Chair; municipal executive (Mayor/Chair) above it", "legal_basis": "LGOA 2074 s.12(2)(c)(23) 'Remove floods, landslides in the roads'; s.12(2)(c)(21)-(22); Constitution of Nepal 2072 Sch. 8 item 11 read with LGOA 2074 s.11(1) and s.11(2)(\u091f)", "source": "chirps"}}, {"type": "Feature", "geometry": {"type": "Point", "coordinates": [86.31445, 27.25811]}, "properties": {"id": "44026", "title": "Landslide at Sunkoshi Rural Municipality-2", "state": "exceeded", "r24": 91.2, "r72": 145.9, "authority": "Rural/Urban Municipality (Ward Committee)", "office": "Ward Committee under the Ward Chair; municipal executive (Mayor/Chair) above it", "legal_basis": "LGOA 2074 s.12(2)(c)(23) 'Remove floods, landslides in the roads'; s.12(2)(c)(21)-(22); Constitution of Nepal 2072 Sch. 8 item 11 read with LGOA 2074 s.11(1) and s.11(2)(\u091f)", "source": "chirps"}}, {"type": "Feature", "geometry": {"type": "Point", "coordinates": [86.33014, 27.29337]}, "properties": {"id": "44027", "title": "Landslide at Champadevi Rural Municipality-5", "state": "exceeded", "r24": 91.2, "r72": 145.9, "authority": "Rural/Urban Municipality (Ward Committee)", "office": "Ward Committee under the Ward Chair; municipal executive (Mayor/Chair) above it", "legal_basis": "LGOA 2074 s.12(2)(c)(23) 'Remove floods, landslides in the roads'; s.12(2)(c)(21)-(22); Constitution of Nepal 2072 Sch. 8 item 11 read with LGOA 2074 s.11(1) and s.11(2)(\u091f)", "source": "chirps"}}, {"type": "Feature", "geometry": {"type": "Point", "coordinates": [85.73309, 27.81153]}, "properties": {"id": "44081", "title": "Landslide at Khale HIplo, Chautara SangachokGadhi Municipality-3", "state": "exceeded", "r24": 110.4, "r72": 248.4, "authority": "Rural/Urban Municipality (Ward Committee)", "office": "Ward Committee under the Ward Chair; municipal executive (Mayor/Chair) above it", "legal_basis": "LGOA 2074 s.12(2)(c)(23) 'Remove floods, landslides in the roads'; s.12(2)(c)(21)-(22); Constitution of Nepal 2072 Sch. 8 item 11 read with LGOA 2074 s.11(1) and s.11(2)(\u091f)", "source": "chirps"}}, {"type": "Feature", "geometry": {"type": "Point", "coordinates": [85.81143, 27.7943]}, "properties": {"id": "44082", "title": "Landslide at Simmasing, Balefi Rural Municipality-3", "state": "exceeded", "r24": 151.5, "r72": 340.9, "authority": "Rural/Urban Municipality (Ward Committee)", "office": "Ward Committee under the Ward Chair; municipal executive (Mayor/Chair) above it", "legal_basis": "LGOA 2074 s.12(2)(c)(23) 'Remove floods, landslides in the roads'; s.12(2)(c)(21)-(22); Constitution of Nepal 2072 Sch. 8 item 11 read with LGOA 2074 s.11(1) and s.11(2)(\u091f)", "source": "chirps"}}, {"type": "Feature", "geometry": {"type": "Point", "coordinates": [85.8299, 27.49254]}, "properties": {"id": "44232", "title": "Landslide at Sunapati Rural Municipality-4", "state": "exceeded", "r24": 56.7, "r72": 151.2, "authority": "Rural/Urban Municipality (Ward Committee)", "office": "Ward Committee under the Ward Chair; municipal executive (Mayor/Chair) above it", "legal_basis": "LGOA 2074 s.12(2)(c)(23) 'Remove floods, landslides in the roads'; s.12(2)(c)(21)-(22); Constitution of Nepal 2072 Sch. 8 item 11 read with LGOA 2074 s.11(1) and s.11(2)(\u091f)", "source": "chirps"}}, {"type": "Feature", "geometry": {"type": "Point", "coordinates": [86.53836, 27.431]}, "properties": {"id": "44380", "title": "Landslide at Dhunsa, Solududhakunda Municipality-8", "state": "exceeded", "r24": 74.3, "r72": 185.8, "authority": "Rural/Urban Municipality (Ward Committee)", "office": "Ward Committee under the Ward Chair; municipal executive (Mayor/Chair) above it", "legal_basis": "LGOA 2074 s.12(2)(c)(23) 'Remove floods, landslides in the roads'; s.12(2)(c)(21)-(22); Constitution of Nepal 2072 Sch. 8 item 11 read with LGOA 2074 s.11(1) and s.11(2)(\u091f)", "source": "chirps"}}, {"type": "Feature", "geometry": {"type": "Point", "coordinates": [82.47189, 28.8465]}, "properties": {"id": "44501", "title": "Landslide at Aathbiskot Municipality-5", "state": "below", "r24": 0.0, "r72": 55.3, "authority": "Rural/Urban Municipality (Ward Committee)", "office": "Ward Committee under the Ward Chair; municipal executive (Mayor/Chair) above it", "legal_basis": "LGOA 2074 s.12(2)(c)(23) 'Remove floods, landslides in the roads'; s.12(2)(c)(21)-(22); Constitution of Nepal 2072 Sch. 8 item 11 read with LGOA 2074 s.11(1) and s.11(2)(\u091f)", "source": "chirps"}}, {"type": "Feature", "geometry": {"type": "Point", "coordinates": [83.86107, 28.18318]}, "properties": {"id": "44539", "title": "Landslide at Kotmuni, Phedikhola Rural Municipality-4", "state": "exceeded", "r24": 32.5, "r72": 259.9, "authority": "Rural/Urban Municipality (Ward Committee)", "office": "Ward Committee under the Ward Chair; municipal executive (Mayor/Chair) above it", "legal_basis": "LGOA 2074 s.12(2)(c)(23) 'Remove floods, landslides in the roads'; s.12(2)(c)(21)-(22); Constitution of Nepal 2072 Sch. 8 item 11 read with LGOA 2074 s.11(1) and s.11(2)(\u091f)", "source": "chirps"}}, {"type": "Feature", "geometry": {"type": "Point", "coordinates": [83.80113, 28.27148]}, "properties": {"id": "44540", "title": "Landslide at Preambasti, Annapurna Rural Municipality-4", "state": "exceeded", "r24": 55.5, "r72": 388.3, "authority": "Rural/Urban Municipality (Ward Committee)", "office": "Ward Committee under the Ward Chair; municipal executive (Mayor/Chair) above it", "legal_basis": "LGOA 2074 s.12(2)(c)(23) 'Remove floods, landslides in the roads'; s.12(2)(c)(21)-(22); Constitution of Nepal 2072 Sch. 8 item 11 read with LGOA 2074 s.11(1) and s.11(2)(\u091f)", "source": "chirps"}}, {"type": "Feature", "geometry": {"type": "Point", "coordinates": [87.18957, 27.4702]}, "properties": {"id": "44543", "title": "Landslide at Chichila Rural Municipality-2", "state": "exceeded", "r24": 157.9, "r72": 315.8, "authority": "Rural/Urban Municipality (Ward Committee)", "office": "Ward Committee under the Ward Chair; municipal executive (Mayor/Chair) above it", "legal_basis": "LGOA 2074 s.12(2)(c)(23) 'Remove floods, landslides in the roads'; s.12(2)(c)(21)-(22); Constitution of Nepal 2072 Sch. 8 item 11 read with LGOA 2074 s.11(1) and s.11(2)(\u091f)", "source": "chirps"}}, {"type": "Feature", "geometry": {"type": "Point", "coordinates": [85.60607, 27.72636]}, "properties": {"id": "44549", "title": "Landslide at Helambu, Mandandeupur Municipality-7", "state": "exceeded", "r24": 75.0, "r72": 175.1, "authority": "Rural/Urban Municipality (Ward Committee)", "office": "Ward Committee under the Ward Chair; municipal executive (Mayor/Chair) above it", "legal_basis": "LGOA 2074 s.12(2)(c)(23) 'Remove floods, landslides in the roads'; s.12(2)(c)(21)-(22); Constitution of Nepal 2072 Sch. 8 item 11 read with LGOA 2074 s.11(1) and s.11(2)(\u091f)", "source": "chirps"}}, {"type": "Feature", "geometry": {"type": "Point", "coordinates": [85.62973, 27.65775]}, "properties": {"id": "44551", "title": "Landslide at Jaisithok, Panchkhal Municipality-4", "state": "exceeded", "r24": 74.2, "r72": 148.3, "authority": "Rural/Urban Municipality (Ward Committee)", "office": "Ward Committee under the Ward Chair; municipal executive (Mayor/Chair) above it", "legal_basis": "LGOA 2074 s.12(2)(c)(23) 'Remove floods, landslides in the roads'; s.12(2)(c)(21)-(22); Constitution of Nepal 2072 Sch. 8 item 11 read with LGOA 2074 s.11(1) and s.11(2)(\u091f)", "source": "chirps"}}, {"type": "Feature", "geometry": {"type": "Point", "coordinates": [85.66197, 27.58211]}, "properties": {"id": "44575", "title": "Landslide at Tharuwa, Namobuddha Municipality-3", "state": "approaching", "r24": 51.7, "r72": 116.4, "authority": "Rural/Urban Municipality (Ward Committee)", "office": "Ward Committee under the Ward Chair; municipal executive (Mayor/Chair) above it", "legal_basis": "LGOA 2074 s.12(2)(c)(23) 'Remove floods, landslides in the roads'; s.12(2)(c)(21)-(22); Constitution of Nepal 2072 Sch. 8 item 11 read with LGOA 2074 s.11(1) and s.11(2)(\u091f)", "source": "chirps"}}, {"type": "Feature", "geometry": {"type": "Point", "coordinates": [83.42106, 27.84098]}, "properties": {"id": "44577", "title": "Landslide at Batase, Ribdikot Rural Municipality-7", "state": "approaching", "r24": 41.0, "r72": 150.4, "authority": "Rural/Urban Municipality (Ward Committee)", "office": "Ward Committee under the Ward Chair; municipal executive (Mayor/Chair) above it", "legal_basis": "LGOA 2074 s.12(2)(c)(23) 'Remove floods, landslides in the roads'; s.12(2)(c)(21)-(22); Constitution of Nepal 2072 Sch. 8 item 11 read with LGOA 2074 s.11(1) and s.11(2)(\u091f)", "source": "chirps"}}, {"type": "Feature", "geometry": {"type": "Point", "coordinates": [86.95954, 27.10846]}, "properties": {"id": "44587", "title": "Landslide at Okhare, Ramprasad Rai Rural Municipality-1", "state": "below", "r24": 44.9, "r72": 119.7, "authority": "Rural/Urban Municipality (Ward Committee)", "office": "Ward Committee under the Ward Chair; municipal executive (Mayor/Chair) above it", "legal_basis": "LGOA 2074 s.12(2)(c)(23) 'Remove floods, landslides in the roads'; s.12(2)(c)(21)-(22); Constitution of Nepal 2072 Sch. 8 item 11 read with LGOA 2074 s.11(1) and s.11(2)(\u091f)", "source": "chirps"}}, {"type": "Feature", "geometry": {"type": "Point", "coordinates": [84.66424, 28.13914]}, "properties": {"id": "47023", "title": "Landslide at Bhachek, Ajirkot Rural Municipality-5", "state": "exceeded", "r24": 27.9, "r72": 195.5, "authority": "Rural/Urban Municipality (Ward Committee)", "office": "Ward Committee under the Ward Chair; municipal executive (Mayor/Chair) above it", "legal_basis": "LGOA 2074 s.12(2)(c)(23) 'Remove floods, landslides in the roads'; s.12(2)(c)(21)-(22); Constitution of Nepal 2072 Sch. 8 item 11 read with LGOA 2074 s.11(1) and s.11(2)(\u091f)", "source": "chirps"}}, {"type": "Feature", "geometry": {"type": "Point", "coordinates": [87.80104, 26.97589]}, "properties": {"id": "47030", "title": "Landslide at Hangmasuli, Fakphokthum Rural Municipality-6", "state": "approaching", "r24": 61.5, "r72": 153.8, "authority": "Rural/Urban Municipality (Ward Committee)", "office": "Ward Committee under the Ward Chair; municipal executive (Mayor/Chair) above it", "legal_basis": "LGOA 2074 s.12(2)(c)(23) 'Remove floods, landslides in the roads'; s.12(2)(c)(21)-(22); Constitution of Nepal 2072 Sch. 8 item 11 read with LGOA 2074 s.11(1) and s.11(2)(\u091f)", "source": "chirps"}}, {"type": "Feature", "geometry": {"type": "Point", "coordinates": [83.49436, 28.27843]}, "properties": {"id": "47052", "title": "Landslide at Phaparkhet, Kanthekhola Rural Municipality-4", "state": "approaching", "r24": 0.0, "r72": 128.4, "authority": "Rural/Urban Municipality (Ward Committee)", "office": "Ward Committee under the Ward Chair; municipal executive (Mayor/Chair) above it", "legal_basis": "LGOA 2074 s.12(2)(c)(23) 'Remove floods, landslides in the roads'; s.12(2)(c)(21)-(22); Constitution of Nepal 2072 Sch. 8 item 11 read with LGOA 2074 s.11(1) and s.11(2)(\u091f)", "source": "chirps"}}, {"type": "Feature", "geometry": {"type": "Point", "coordinates": [83.10477, 28.09883]}, "properties": {"id": "47065", "title": "Landslide at Harrapata, Dhurkot Rural Municipality-3", "state": "exceeded", "r24": 22.2, "r72": 155.7, "authority": "Rural/Urban Municipality (Ward Committee)", "office": "Ward Committee under the Ward Chair; municipal executive (Mayor/Chair) above it", "legal_basis": "LGOA 2074 s.12(2)(c)(23) 'Remove floods, landslides in the roads'; s.12(2)(c)(21)-(22); Constitution of Nepal 2072 Sch. 8 item 11 read with LGOA 2074 s.11(1) and s.11(2)(\u091f)", "source": "chirps"}}, {"type": "Feature", "geometry": {"type": "Point", "coordinates": [83.21139, 27.88581]}, "properties": {"id": "47066", "title": "Landslide at Dhatiwang, Panini Rural Municipality-6", "state": "approaching", "r24": 0.0, "r72": 149.5, "authority": "Rural/Urban Municipality (Ward Committee)", "office": "Ward Committee under the Ward Chair; municipal executive (Mayor/Chair) above it", "legal_basis": "LGOA 2074 s.12(2)(c)(23) 'Remove floods, landslides in the roads'; s.12(2)(c)(21)-(22); Constitution of Nepal 2072 Sch. 8 item 11 read with LGOA 2074 s.11(1) and s.11(2)(\u091f)", "source": "chirps"}}, {"type": "Feature", "geometry": {"type": "Point", "coordinates": [83.45505, 27.82433]}, "properties": {"id": "47079", "title": "Landslide at Lumbra, Ribdikot Rural Municipality-6", "state": "approaching", "r24": 34.1, "r72": 136.2, "authority": "Rural/Urban Municipality (Ward Committee)", "office": "Ward Committee under the Ward Chair; municipal executive (Mayor/Chair) above it", "legal_basis": "LGOA 2074 s.12(2)(c)(23) 'Remove floods, landslides in the roads'; s.12(2)(c)(21)-(22); Constitution of Nepal 2072 Sch. 8 item 11 read with LGOA 2074 s.11(1) and s.11(2)(\u091f)", "source": "chirps"}}, {"type": "Feature", "geometry": {"type": "Point", "coordinates": [83.84139, 27.86403]}, "properties": {"id": "47092", "title": "Landslide at Dharapani, Rampur Municipality-8", "state": "exceeded", "r24": 31.9, "r72": 159.6, "authority": "Rural/Urban Municipality (Ward Committee)", "office": "Ward Committee under the Ward Chair; municipal executive (Mayor/Chair) above it", "legal_basis": "LGOA 2074 s.12(2)(c)(23) 'Remove floods, landslides in the roads'; s.12(2)(c)(21)-(22); Constitution of Nepal 2072 Sch. 8 item 11 read with LGOA 2074 s.11(1) and s.11(2)(\u091f)", "source": "chirps"}}, {"type": "Feature", "geometry": {"type": "Point", "coordinates": [83.73932, 27.92884]}, "properties": {"id": "47141", "title": "Landslide at Sangliya, Galyang Municipality-9", "state": "approaching", "r24": 27.6, "r72": 138.0, "authority": "Rural/Urban Municipality (Ward Committee)", "office": "Ward Committee under the Ward Chair; municipal executive (Mayor/Chair) above it", "legal_basis": "LGOA 2074 s.12(2)(c)(23) 'Remove floods, landslides in the roads'; s.12(2)(c)(21)-(22); Constitution of Nepal 2072 Sch. 8 item 11 read with LGOA 2074 s.11(1) and s.11(2)(\u091f)", "source": "chirps"}}, {"type": "Feature", "geometry": {"type": "Point", "coordinates": [80.4743, 29.45794]}, "properties": {"id": "47149", "title": "Landslide at Karpat, Melauli Municipality-2", "state": "below", "r24": 0.0, "r72": 24.2, "authority": "Rural/Urban Municipality (Ward Committee)", "office": "Ward Committee under the Ward Chair; municipal executive (Mayor/Chair) above it", "legal_basis": "LGOA 2074 s.12(2)(c)(23) 'Remove floods, landslides in the roads'; s.12(2)(c)(21)-(22); Constitution of Nepal 2072 Sch. 8 item 11 read with LGOA 2074 s.11(1) and s.11(2)(\u091f)", "source": "chirps"}}, {"type": "Feature", "geometry": {"type": "Point", "coordinates": [83.61913, 28.05631]}, "properties": {"id": "47157", "title": "Landslide at khorpokhari, Bihadi Rural Municipality-5", "state": "exceeded", "r24": 20.1, "r72": 201.0, "authority": "Rural/Urban Municipality (Ward Committee)", "office": "Ward Committee under the Ward Chair; municipal executive (Mayor/Chair) above it", "legal_basis": "LGOA 2074 s.12(2)(c)(23) 'Remove floods, landslides in the roads'; s.12(2)(c)(21)-(22); Constitution of Nepal 2072 Sch. 8 item 11 read with LGOA 2074 s.11(1) and s.11(2)(\u091f)", "source": "chirps"}}, {"type": "Feature", "geometry": {"type": "Point", "coordinates": [82.20818, 28.04181]}, "properties": {"id": "47176", "title": "Landslide at Talawang, Dangisharan Rural Municipality-2", "state": "below", "r24": 0.0, "r72": 56.4, "authority": "Rural/Urban Municipality (Ward Committee)", "office": "Ward Committee under the Ward Chair; municipal executive (Mayor/Chair) above it", "legal_basis": "LGOA 2074 s.12(2)(c)(23) 'Remove floods, landslides in the roads'; s.12(2)(c)(21)-(22); Constitution of Nepal 2072 Sch. 8 item 11 read with LGOA 2074 s.11(1) and s.11(2)(\u091f)", "source": "chirps"}}, {"type": "Feature", "geometry": {"type": "Point", "coordinates": [81.41178, 28.82774]}, "properties": {"id": "47183", "title": "Landslide at Khamarikhola, Panchpuri Municipality-6", "state": "below", "r24": 0.0, "r72": 0.0, "authority": "Rural/Urban Municipality (Ward Committee)", "office": "Ward Committee under the Ward Chair; municipal executive (Mayor/Chair) above it", "legal_basis": "LGOA 2074 s.12(2)(c)(23) 'Remove floods, landslides in the roads'; s.12(2)(c)(21)-(22); Constitution of Nepal 2072 Sch. 8 item 11 read with LGOA 2074 s.11(1) and s.11(2)(\u091f)", "source": "chirps"}}, {"type": "Feature", "geometry": {"type": "Point", "coordinates": [83.32965, 28.20628]}, "properties": {"id": "47217", "title": "Landslide at Reghafadhi, Galkot Municipality-11", "state": "approaching", "r24": 18.7, "r72": 149.9, "authority": "Rural/Urban Municipality (Ward Committee)", "office": "Ward Committee under the Ward Chair; municipal executive (Mayor/Chair) above it", "legal_basis": "LGOA 2074 s.12(2)(c)(23) 'Remove floods, landslides in the roads'; s.12(2)(c)(21)-(22); Constitution of Nepal 2072 Sch. 8 item 11 read with LGOA 2074 s.11(1) and s.11(2)(\u091f)", "source": "chirps"}}, {"type": "Feature", "geometry": {"type": "Point", "coordinates": [85.79063, 27.89409]}, "properties": {"id": "47221", "title": "Landslide at Kartike, Jugal Rural Municipality-4", "state": "exceeded", "r24": 184.5, "r72": 322.8, "authority": "Rural/Urban Municipality (Ward Committee)", "office": "Ward Committee under the Ward Chair; municipal executive (Mayor/Chair) above it", "legal_basis": "LGOA 2074 s.12(2)(c)(23) 'Remove floods, landslides in the roads'; s.12(2)(c)(21)-(22); Constitution of Nepal 2072 Sch. 8 item 11 read with LGOA 2074 s.11(1) and s.11(2)(\u091f)", "source": "chirps"}}, {"type": "Feature", "geometry": {"type": "Point", "coordinates": [86.39329, 27.5556]}, "properties": {"id": "47246", "title": "Landslide at Chaulakharka, Likhupike Rural Municipality-3", "state": "exceeded", "r24": 102.0, "r72": 204.0, "authority": "Rural/Urban Municipality (Ward Committee)", "office": "Ward Committee under the Ward Chair; municipal executive (Mayor/Chair) above it", "legal_basis": "LGOA 2074 s.12(2)(c)(23) 'Remove floods, landslides in the roads'; s.12(2)(c)(21)-(22); Constitution of Nepal 2072 Sch. 8 item 11 read with LGOA 2074 s.11(1) and s.11(2)(\u091f)", "source": "chirps"}}, {"type": "Feature", "geometry": {"type": "Point", "coordinates": [80.82935, 29.41503]}, "properties": {"id": "47257", "title": "Landslide at Thalakada, Sigas Rural Municipality-6", "state": "below", "r24": 0.0, "r72": 30.1, "authority": "Rural/Urban Municipality (Ward Committee)", "office": "Ward Committee under the Ward Chair; municipal executive (Mayor/Chair) above it", "legal_basis": "LGOA 2074 s.12(2)(c)(23) 'Remove floods, landslides in the roads'; s.12(2)(c)(21)-(22); Constitution of Nepal 2072 Sch. 8 item 11 read with LGOA 2074 s.11(1) and s.11(2)(\u091f)", "source": "chirps"}}, {"type": "Feature", "geometry": {"type": "Point", "coordinates": [83.55175, 27.83975]}, "properties": {"id": "47266", "title": "Landslide at Bansagopal Mandir, Tansen Municipality-7", "state": "approaching", "r24": 17.3, "r72": 155.9, "authority": "Rural/Urban Municipality (Ward Committee)", "office": "Ward Committee under the Ward Chair; municipal executive (Mayor/Chair) above it", "legal_basis": "LGOA 2074 s.12(2)(c)(23) 'Remove floods, landslides in the roads'; s.12(2)(c)(21)-(22); Constitution of Nepal 2072 Sch. 8 item 11 read with LGOA 2074 s.11(1) and s.11(2)(\u091f)", "source": "chirps"}}, {"type": "Feature", "geometry": {"type": "Point", "coordinates": [82.26995, 28.61326]}, "properties": {"id": "47273", "title": "Landslide at Kholagau, Chaurjahari Municipality-10", "state": "below", "r24": 0.0, "r72": 43.3, "authority": "Rural/Urban Municipality (Ward Committee)", "office": "Ward Committee under the Ward Chair; municipal executive (Mayor/Chair) above it", "legal_basis": "LGOA 2074 s.12(2)(c)(23) 'Remove floods, landslides in the roads'; s.12(2)(c)(21)-(22); Constitution of Nepal 2072 Sch. 8 item 11 read with LGOA 2074 s.11(1) and s.11(2)(\u091f)", "source": "chirps"}}, {"type": "Feature", "geometry": {"type": "Point", "coordinates": [86.10641, 27.63058]}, "properties": {"id": "47280", "title": "Landslide at Busti, Baiteshwor Rural Municipality-6", "state": "exceeded", "r24": 74.4, "r72": 173.7, "authority": "Rural/Urban Municipality (Ward Committee)", "office": "Ward Committee under the Ward Chair; municipal executive (Mayor/Chair) above it", "legal_basis": "LGOA 2074 s.12(2)(c)(23) 'Remove floods, landslides in the roads'; s.12(2)(c)(21)-(22); Constitution of Nepal 2072 Sch. 8 item 11 read with LGOA 2074 s.11(1) and s.11(2)(\u091f)", "source": "chirps"}}, {"type": "Feature", "geometry": {"type": "Point", "coordinates": [84.34022, 28.26995]}, "properties": {"id": "47283", "title": "Landslide at Gopaldada, Marsyangdi Rural Municipality-9", "state": "exceeded", "r24": 53.4, "r72": 240.2, "authority": "Rural/Urban Municipality (Ward Committee)", "office": "Ward Committee under the Ward Chair; municipal executive (Mayor/Chair) above it", "legal_basis": "LGOA 2074 s.12(2)(c)(23) 'Remove floods, landslides in the roads'; s.12(2)(c)(21)-(22); Constitution of Nepal 2072 Sch. 8 item 11 read with LGOA 2074 s.11(1) and s.11(2)(\u091f)", "source": "chirps"}}, {"type": "Feature", "geometry": {"type": "Point", "coordinates": [87.16282, 27.5367]}, "properties": {"id": "47298", "title": "Landslide at Ingebhir, Silichong Rural Municipality-5", "state": "exceeded", "r24": 151.7, "r72": 303.3, "authority": "Rural/Urban Municipality (Ward Committee)", "office": "Ward Committee under the Ward Chair; municipal executive (Mayor/Chair) above it", "legal_basis": "LGOA 2074 s.12(2)(c)(23) 'Remove floods, landslides in the roads'; s.12(2)(c)(21)-(22); Constitution of Nepal 2072 Sch. 8 item 11 read with LGOA 2074 s.11(1) and s.11(2)(\u091f)", "source": "chirps"}}, {"type": "Feature", "geometry": {"type": "Point", "coordinates": [83.39779, 28.47875]}, "properties": {"id": "47340", "title": "Landslide at marang, Dhaulagiri Rural Municipality-6", "state": "exceeded", "r24": 0.0, "r72": 157.2, "authority": "Rural/Urban Municipality (Ward Committee)", "office": "Ward Committee under the Ward Chair; municipal executive (Mayor/Chair) above it", "legal_basis": "LGOA 2074 s.12(2)(c)(23) 'Remove floods, landslides in the roads'; s.12(2)(c)(21)-(22); Constitution of Nepal 2072 Sch. 8 item 11 read with LGOA 2074 s.11(1) and s.11(2)(\u091f)", "source": "chirps"}}, {"type": "Feature", "geometry": {"type": "Point", "coordinates": [84.36618, 28.23789]}, "properties": {"id": "47347", "title": "Landslide at Saatabise, Besishahar Municipality-7", "state": "exceeded", "r24": 55.2, "r72": 248.4, "authority": "Rural/Urban Municipality (Ward Committee)", "office": "Ward Committee under the Ward Chair; municipal executive (Mayor/Chair) above it", "legal_basis": "LGOA 2074 s.12(2)(c)(23) 'Remove floods, landslides in the roads'; s.12(2)(c)(21)-(22); Constitution of Nepal 2072 Sch. 8 item 11 read with LGOA 2074 s.11(1) and s.11(2)(\u091f)", "source": "chirps"}}, {"type": "Feature", "geometry": {"type": "Point", "coordinates": [83.41021, 28.45328]}, "properties": {"id": "47361", "title": "Landslide at Bin, Malika Rural Municipality-7", "state": "exceeded", "r24": 0.0, "r72": 147.1, "authority": "Rural/Urban Municipality (Ward Committee)", "office": "Ward Committee under the Ward Chair; municipal executive (Mayor/Chair) above it", "legal_basis": "LGOA 2074 s.12(2)(c)(23) 'Remove floods, landslides in the roads'; s.12(2)(c)(21)-(22); Constitution of Nepal 2072 Sch. 8 item 11 read with LGOA 2074 s.11(1) and s.11(2)(\u091f)", "source": "chirps"}}, {"type": "Feature", "geometry": {"type": "Point", "coordinates": [85.84283, 27.98877]}, "properties": {"id": "47374", "title": "Landslide at balephi, Jugal Rural Municipality-3", "state": "exceeded", "r24": 149.6, "r72": 299.1, "authority": "Rural/Urban Municipality (Ward Committee)", "office": "Ward Committee under the Ward Chair; municipal executive (Mayor/Chair) above it", "legal_basis": "LGOA 2074 s.12(2)(c)(23) 'Remove floods, landslides in the roads'; s.12(2)(c)(21)-(22); Constitution of Nepal 2072 Sch. 8 item 11 read with LGOA 2074 s.11(1) and s.11(2)(\u091f)", "source": "chirps"}}, {"type": "Feature", "geometry": {"type": "Point", "coordinates": [86.15851, 27.22436]}, "properties": {"id": "47401", "title": "Landslide at Kudule, Golanjor Rural Municipality-1", "state": "exceeded", "r24": 89.0, "r72": 142.5, "authority": "Rural/Urban Municipality (Ward Committee)", "office": "Ward Committee under the Ward Chair; municipal executive (Mayor/Chair) above it", "legal_basis": "LGOA 2074 s.12(2)(c)(23) 'Remove floods, landslides in the roads'; s.12(2)(c)(21)-(22); Constitution of Nepal 2072 Sch. 8 item 11 read with LGOA 2074 s.11(1) and s.11(2)(\u091f)", "source": "chirps"}}, {"type": "Feature", "geometry": {"type": "Point", "coordinates": [83.45497, 28.19208]}, "properties": {"id": "47402", "title": "Landslide at Kharuwa, Galkot Municipality-4", "state": "approaching", "r24": 0.0, "r72": 141.8, "authority": "Rural/Urban Municipality (Ward Committee)", "office": "Ward Committee under the Ward Chair; municipal executive (Mayor/Chair) above it", "legal_basis": "LGOA 2074 s.12(2)(c)(23) 'Remove floods, landslides in the roads'; s.12(2)(c)(21)-(22); Constitution of Nepal 2072 Sch. 8 item 11 read with LGOA 2074 s.11(1) and s.11(2)(\u091f)", "source": "chirps"}}, {"type": "Feature", "geometry": {"type": "Point", "coordinates": [83.48476, 27.7082]}, "properties": {"id": "47405", "title": "Landslide at Pragati Toll, Butwal Submetropolitan City-4", "state": "exceeded", "r24": 39.7, "r72": 218.5, "authority": "Rural/Urban Municipality (Ward Committee)", "office": "Ward Committee under the Ward Chair; municipal executive (Mayor/Chair) above it", "legal_basis": "LGOA 2074 s.12(2)(c)(23) 'Remove floods, landslides in the roads'; s.12(2)(c)(21)-(22); Constitution of Nepal 2072 Sch. 8 item 11 read with LGOA 2074 s.11(1) and s.11(2)(\u091f)", "source": "chirps"}}, {"type": "Feature", "geometry": {"type": "Point", "coordinates": [83.78962, 27.55177]}, "properties": {"id": "47407", "title": "Landslide at Khursani Bari, Bardaghat Municipality-4", "state": "exceeded", "r24": 23.2, "r72": 208.7, "authority": "Rural/Urban Municipality (Ward Committee)", "office": "Ward Committee under the Ward Chair; municipal executive (Mayor/Chair) above it", "legal_basis": "LGOA 2074 s.12(2)(c)(23) 'Remove floods, landslides in the roads'; s.12(2)(c)(21)-(22); Constitution of Nepal 2072 Sch. 8 item 11 read with LGOA 2074 s.11(1) and s.11(2)(\u091f)", "source": "chirps"}}, {"type": "Feature", "geometry": {"type": "Point", "coordinates": [83.68716, 27.47391]}, "properties": {"id": "47409", "title": "Landslide at Kusma, Palhi Nandan Rural Municipality-3", "state": "exceeded", "r24": 56.6, "r72": 207.4, "authority": "Rural/Urban Municipality (Ward Committee)", "office": "Ward Committee under the Ward Chair; municipal executive (Mayor/Chair) above it", "legal_basis": "LGOA 2074 s.12(2)(c)(23) 'Remove floods, landslides in the roads'; s.12(2)(c)(21)-(22); Constitution of Nepal 2072 Sch. 8 item 11 read with LGOA 2074 s.11(1) and s.11(2)(\u091f)", "source": "chirps"}}, {"type": "Feature", "geometry": {"type": "Point", "coordinates": [87.64398, 26.78764]}, "properties": {"id": "47411", "title": "Landslide at kuwapani, Miklajung Rural Municipality-2", "state": "approaching", "r24": 39.2, "r72": 137.3, "authority": "Rural/Urban Municipality (Ward Committee)", "office": "Ward Committee under the Ward Chair; municipal executive (Mayor/Chair) above it", "legal_basis": "LGOA 2074 s.12(2)(c)(23) 'Remove floods, landslides in the roads'; s.12(2)(c)(21)-(22); Constitution of Nepal 2072 Sch. 8 item 11 read with LGOA 2074 s.11(1) and s.11(2)(\u091f)", "source": "chirps"}}, {"type": "Feature", "geometry": {"type": "Point", "coordinates": [86.04133, 27.70653]}, "properties": {"id": "47439", "title": "Landslide at Damrang, Bhimeshwor Municipality-1", "state": "exceeded", "r24": 101.8, "r72": 203.6, "authority": "Rural/Urban Municipality (Ward Committee)", "office": "Ward Committee under the Ward Chair; municipal executive (Mayor/Chair) above it", "legal_basis": "LGOA 2074 s.12(2)(c)(23) 'Remove floods, landslides in the roads'; s.12(2)(c)(21)-(22); Constitution of Nepal 2072 Sch. 8 item 11 read with LGOA 2074 s.11(1) and s.11(2)(\u091f)", "source": "chirps"}}, {"type": "Feature", "geometry": {"type": "Point", "coordinates": [84.15107, 28.08638]}, "properties": {"id": "47440", "title": "Landslide at Khaldose, Shuklagandaki Municipality-1", "state": "exceeded", "r24": 34.1, "r72": 204.7, "authority": "Rural/Urban Municipality (Ward Committee)", "office": "Ward Committee under the Ward Chair; municipal executive (Mayor/Chair) above it", "legal_basis": "LGOA 2074 s.12(2)(c)(23) 'Remove floods, landslides in the roads'; s.12(2)(c)(21)-(22); Constitution of Nepal 2072 Sch. 8 item 11 read with LGOA 2074 s.11(1) and s.11(2)(\u091f)", "source": "chirps"}}, {"type": "Feature", "geometry": {"type": "Point", "coordinates": [83.79792, 28.1103]}, "properties": {"id": "47470", "title": "Landslide at Bodikhola, Arjunchaupari Rural Municipality-6", "state": "exceeded", "r24": 23.6, "r72": 212.2, "authority": "Rural/Urban Municipality (Ward Committee)", "office": "Ward Committee under the Ward Chair; municipal executive (Mayor/Chair) above it", "legal_basis": "LGOA 2074 s.12(2)(c)(23) 'Remove floods, landslides in the roads'; s.12(2)(c)(21)-(22); Constitution of Nepal 2072 Sch. 8 item 11 read with LGOA 2074 s.11(1) and s.11(2)(\u091f)", "source": "chirps"}}, {"type": "Feature", "geometry": {"type": "Point", "coordinates": [84.32009, 28.0154]}, "properties": {"id": "47472", "title": "Landslide at Odare, Vyas Municipality-11", "state": "exceeded", "r24": 34.0, "r72": 186.9, "authority": "Rural/Urban Municipality (Ward Committee)", "office": "Ward Committee under the Ward Chair; municipal executive (Mayor/Chair) above it", "legal_basis": "LGOA 2074 s.12(2)(c)(23) 'Remove floods, landslides in the roads'; s.12(2)(c)(21)-(22); Constitution of Nepal 2072 Sch. 8 item 11 read with LGOA 2074 s.11(1) and s.11(2)(\u091f)", "source": "chirps"}}, {"type": "Feature", "geometry": {"type": "Point", "coordinates": [82.66708, 28.79488]}, "properties": {"id": "47473", "title": "Landslide at Ratuwamara, Sisne Rural Municipality-1", "state": "below", "r24": 0.0, "r72": 103.9, "authority": "Rural/Urban Municipality (Ward Committee)", "office": "Ward Committee under the Ward Chair; municipal executive (Mayor/Chair) above it", "legal_basis": "LGOA 2074 s.12(2)(c)(23) 'Remove floods, landslides in the roads'; s.12(2)(c)(21)-(22); Constitution of Nepal 2072 Sch. 8 item 11 read with LGOA 2074 s.11(1) and s.11(2)(\u091f)", "source": "chirps"}}, {"type": "Feature", "geometry": {"type": "Point", "coordinates": [83.86089, 27.44373]}, "properties": {"id": "47474", "title": "Landslide at Machhu Toll, Susta Rural Municipality-3", "state": "exceeded", "r24": 60.8, "r72": 202.7, "authority": "Rural/Urban Municipality (Ward Committee)", "office": "Ward Committee under the Ward Chair; municipal executive (Mayor/Chair) above it", "legal_basis": "LGOA 2074 s.12(2)(c)(23) 'Remove floods, landslides in the roads'; s.12(2)(c)(21)-(22); Constitution of Nepal 2072 Sch. 8 item 11 read with LGOA 2074 s.11(1) and s.11(2)(\u091f)", "source": "chirps"}}, {"type": "Feature", "geometry": {"type": "Point", "coordinates": [84.30275, 28.05563]}, "properties": {"id": "47477", "title": "Landslide at Majhphat, Vyas Municipality-9", "state": "exceeded", "r24": 37.4, "r72": 205.5, "authority": "Rural/Urban Municipality (Ward Committee)", "office": "Ward Committee under the Ward Chair; municipal executive (Mayor/Chair) above it", "legal_basis": "LGOA 2074 s.12(2)(c)(23) 'Remove floods, landslides in the roads'; s.12(2)(c)(21)-(22); Constitution of Nepal 2072 Sch. 8 item 11 read with LGOA 2074 s.11(1) and s.11(2)(\u091f)", "source": "chirps"}}, {"type": "Feature", "geometry": {"type": "Point", "coordinates": [83.86945, 27.46582]}, "properties": {"id": "47485", "title": "Landslide at Ghaukhola, Susta Rural Municipality-2", "state": "exceeded", "r24": 63.0, "r72": 209.9, "authority": "Rural/Urban Municipality (Ward Committee)", "office": "Ward Committee under the Ward Chair; municipal executive (Mayor/Chair) above it", "legal_basis": "LGOA 2074 s.12(2)(c)(23) 'Remove floods, landslides in the roads'; s.12(2)(c)(21)-(22); Constitution of Nepal 2072 Sch. 8 item 11 read with LGOA 2074 s.11(1) and s.11(2)(\u091f)", "source": "chirps"}}, {"type": "Feature", "geometry": {"type": "Point", "coordinates": [84.03398, 27.55878]}, "properties": {"id": "47490", "title": "Landslide at Kumaltar, Madhyabindu Municipality-2", "state": "exceeded", "r24": 53.2, "r72": 239.2, "authority": "Rural/Urban Municipality (Ward Committee)", "office": "Ward Committee under the Ward Chair; municipal executive (Mayor/Chair) above it", "legal_basis": "LGOA 2074 s.12(2)(c)(23) 'Remove floods, landslides in the roads'; s.12(2)(c)(21)-(22); Constitution of Nepal 2072 Sch. 8 item 11 read with LGOA 2074 s.11(1) and s.11(2)(\u091f)", "source": "chirps"}}, {"type": "Feature", "geometry": {"type": "Point", "coordinates": [83.55941, 28.17026]}, "properties": {"id": "47496", "title": "Landslide at Sarade Payuth, Jaimini Municipality-9", "state": "approaching", "r24": 25.0, "r72": 149.7, "authority": "Rural/Urban Municipality (Ward Committee)", "office": "Ward Committee under the Ward Chair; municipal executive (Mayor/Chair) above it", "legal_basis": "LGOA 2074 s.12(2)(c)(23) 'Remove floods, landslides in the roads'; s.12(2)(c)(21)-(22); Constitution of Nepal 2072 Sch. 8 item 11 read with LGOA 2074 s.11(1) and s.11(2)(\u091f)", "source": "chirps"}}, {"type": "Feature", "geometry": {"type": "Point", "coordinates": [83.58432, 27.85651]}, "properties": {"id": "47500", "title": "Landslide at Bhaliwachaur, Bagnaskali Rural Municipality-1", "state": "approaching", "r24": 31.5, "r72": 157.4, "authority": "Rural/Urban Municipality (Ward Committee)", "office": "Ward Committee under the Ward Chair; municipal executive (Mayor/Chair) above it", "legal_basis": "LGOA 2074 s.12(2)(c)(23) 'Remove floods, landslides in the roads'; s.12(2)(c)(21)-(22); Constitution of Nepal 2072 Sch. 8 item 11 read with LGOA 2074 s.11(1) and s.11(2)(\u091f)", "source": "chirps"}}, {"type": "Feature", "geometry": {"type": "Point", "coordinates": [80.98513, 29.26128]}, "properties": {"id": "47549", "title": "Landslide at Dipayal Silgadi Municipality-6", "state": "below", "r24": 0.0, "r72": 14.8, "authority": "Rural/Urban Municipality (Ward Committee)", "office": "Ward Committee under the Ward Chair; municipal executive (Mayor/Chair) above it", "legal_basis": "LGOA 2074 s.12(2)(c)(23) 'Remove floods, landslides in the roads'; s.12(2)(c)(21)-(22); Constitution of Nepal 2072 Sch. 8 item 11 read with LGOA 2074 s.11(1) and s.11(2)(\u091f)", "source": "chirps"}}, {"type": "Feature", "geometry": {"type": "Point", "coordinates": [81.74924, 29.22059]}, "properties": {"id": "47555", "title": "Landslide at Khardu, Pachaljharana Rural Municipality-3", "state": "below", "r24": 0.0, "r72": 0.0, "authority": "Rural/Urban Municipality (Ward Committee)", "office": "Ward Committee under the Ward Chair; municipal executive (Mayor/Chair) above it", "legal_basis": "LGOA 2074 s.12(2)(c)(23) 'Remove floods, landslides in the roads'; s.12(2)(c)(21)-(22); Constitution of Nepal 2072 Sch. 8 item 11 read with LGOA 2074 s.11(1) and s.11(2)(\u091f)", "source": "chirps"}}, {"type": "Feature", "geometry": {"type": "Point", "coordinates": [80.83619, 29.86735]}, "properties": {"id": "47557", "title": "Landslide at Ghusa, Apihimal Rural Municipality-2", "state": "below", "r24": 0.0, "r72": 0.0, "authority": "Rural/Urban Municipality (Ward Committee)", "office": "Ward Committee under the Ward Chair; municipal executive (Mayor/Chair) above it", "legal_basis": "LGOA 2074 s.12(2)(c)(23) 'Remove floods, landslides in the roads'; s.12(2)(c)(21)-(22); Constitution of Nepal 2072 Sch. 8 item 11 read with LGOA 2074 s.11(1) and s.11(2)(\u091f)", "source": "chirps"}}, {"type": "Feature", "geometry": {"type": "Point", "coordinates": [87.63645, 27.2108]}, "properties": {"id": "47568", "title": "Landslide at Sankanti Bazer, Aathrai Rural Municipality-1", "state": "exceeded", "r24": 127.3, "r72": 159.1, "authority": "Rural/Urban Municipality (Ward Committee)", "office": "Ward Committee under the Ward Chair; municipal executive (Mayor/Chair) above it", "legal_basis": "LGOA 2074 s.12(2)(c)(23) 'Remove floods, landslides in the roads'; s.12(2)(c)(21)-(22); Constitution of Nepal 2072 Sch. 8 item 11 read with LGOA 2074 s.11(1) and s.11(2)(\u091f)", "source": "chirps"}}, {"type": "Feature", "geometry": {"type": "Point", "coordinates": [85.78385, 26.92234]}, "properties": {"id": "47571", "title": "Landslide at Gausala, Gaushala Municipality-5", "state": "exceeded", "r24": 87.2, "r72": 174.5, "authority": "Rural/Urban Municipality (Ward Committee)", "office": "Ward Committee under the Ward Chair; municipal executive (Mayor/Chair) above it", "legal_basis": "LGOA 2074 s.12(2)(c)(23) 'Remove floods, landslides in the roads'; s.12(2)(c)(21)-(22); Constitution of Nepal 2072 Sch. 8 item 11 read with LGOA 2074 s.11(1) and s.11(2)(\u091f)", "source": "chirps"}}, {"type": "Feature", "geometry": {"type": "Point", "coordinates": [85.22474, 27.59824]}, "properties": {"id": "47579", "title": "Landslide at Raksha Khola, Indrasarowar Rural Municipality-4", "state": "approaching", "r24": 62.3, "r72": 155.7, "authority": "Rural/Urban Municipality (Ward Committee)", "office": "Ward Committee under the Ward Chair; municipal executive (Mayor/Chair) above it", "legal_basis": "LGOA 2074 s.12(2)(c)(23) 'Remove floods, landslides in the roads'; s.12(2)(c)(21)-(22); Constitution of Nepal 2072 Sch. 8 item 11 read with LGOA 2074 s.11(1) and s.11(2)(\u091f)", "source": "chirps"}}, {"type": "Feature", "geometry": {"type": "Point", "coordinates": [84.72703, 27.8965]}, "properties": {"id": "47587", "title": "Landslide at Phujel, Gandaki Rural Municipality-4", "state": "exceeded", "r24": 75.8, "r72": 170.5, "authority": "Rural/Urban Municipality (Ward Committee)", "office": "Ward Committee under the Ward Chair; municipal executive (Mayor/Chair) above it", "legal_basis": "LGOA 2074 s.12(2)(c)(23) 'Remove floods, landslides in the roads'; s.12(2)(c)(21)-(22); Constitution of Nepal 2072 Sch. 8 item 11 read with LGOA 2074 s.11(1) and s.11(2)(\u091f)", "source": "chirps"}}, {"type": "Feature", "geometry": {"type": "Point", "coordinates": [84.45523, 28.0772]}, "properties": {"id": "47590", "title": "Landslide at Bhanu Municipality-9", "state": "exceeded", "r24": 38.6, "r72": 212.2, "authority": "Rural/Urban Municipality (Ward Committee)", "office": "Ward Committee under the Ward Chair; municipal executive (Mayor/Chair) above it", "legal_basis": "LGOA 2074 s.12(2)(c)(23) 'Remove floods, landslides in the roads'; s.12(2)(c)(21)-(22); Constitution of Nepal 2072 Sch. 8 item 11 read with LGOA 2074 s.11(1) and s.11(2)(\u091f)", "source": "chirps"}}, {"type": "Feature", "geometry": {"type": "Point", "coordinates": [84.72276, 27.75503]}, "properties": {"id": "47594", "title": "Landslide at Bhusatar, Benighat Rorang Rural Municipality-8", "state": "exceeded", "r24": 57.4, "r72": 172.3, "authority": "Rural/Urban Municipality (Ward Committee)", "office": "Ward Committee under the Ward Chair; municipal executive (Mayor/Chair) above it", "legal_basis": "LGOA 2074 s.12(2)(c)(23) 'Remove floods, landslides in the roads'; s.12(2)(c)(21)-(22); Constitution of Nepal 2072 Sch. 8 item 11 read with LGOA 2074 s.11(1) and s.11(2)(\u091f)", "source": "chirps"}}, {"type": "Feature", "geometry": {"type": "Point", "coordinates": [84.84224, 28.02215]}, "properties": {"id": "47596", "title": "Landslide at Golang, Tripura Sundari Rural Municipality-6", "state": "exceeded", "r24": 74.4, "r72": 198.3, "authority": "Rural/Urban Municipality (Ward Committee)", "office": "Ward Committee under the Ward Chair; municipal executive (Mayor/Chair) above it", "legal_basis": "LGOA 2074 s.12(2)(c)(23) 'Remove floods, landslides in the roads'; s.12(2)(c)(21)-(22); Constitution of Nepal 2072 Sch. 8 item 11 read with LGOA 2074 s.11(1) and s.11(2)(\u091f)", "source": "chirps"}}, {"type": "Feature", "geometry": {"type": "Point", "coordinates": [84.45134, 28.02056]}, "properties": {"id": "47597", "title": "Landslide at Dhukuti, Bhanu Municipality-3", "state": "exceeded", "r24": 36.7, "r72": 201.8, "authority": "Rural/Urban Municipality (Ward Committee)", "office": "Ward Committee under the Ward Chair; municipal executive (Mayor/Chair) above it", "legal_basis": "LGOA 2074 s.12(2)(c)(23) 'Remove floods, landslides in the roads'; s.12(2)(c)(21)-(22); Constitution of Nepal 2072 Sch. 8 item 11 read with LGOA 2074 s.11(1) and s.11(2)(\u091f)", "source": "chirps"}}, {"type": "Feature", "geometry": {"type": "Point", "coordinates": [87.5576, 27.19119]}, "properties": {"id": "47600", "title": "Landslide at Neabee, Phedap Rural Municipality-2", "state": "exceeded", "r24": 99.4, "r72": 165.7, "authority": "Rural/Urban Municipality (Ward Committee)", "office": "Ward Committee under the Ward Chair; municipal executive (Mayor/Chair) above it", "legal_basis": "LGOA 2074 s.12(2)(c)(23) 'Remove floods, landslides in the roads'; s.12(2)(c)(21)-(22); Constitution of Nepal 2072 Sch. 8 item 11 read with LGOA 2074 s.11(1) and s.11(2)(\u091f)", "source": "chirps"}}, {"type": "Feature", "geometry": {"type": "Point", "coordinates": [87.54244, 26.98471]}, "properties": {"id": "47603", "title": "Landslide at Khairai, Tumbewa Rural Municipality-2", "state": "approaching", "r24": 57.7, "r72": 153.8, "authority": "Rural/Urban Municipality (Ward Committee)", "office": "Ward Committee under the Ward Chair; municipal executive (Mayor/Chair) above it", "legal_basis": "LGOA 2074 s.12(2)(c)(23) 'Remove floods, landslides in the roads'; s.12(2)(c)(21)-(22); Constitution of Nepal 2072 Sch. 8 item 11 read with LGOA 2074 s.11(1) and s.11(2)(\u091f)", "source": "chirps"}}, {"type": "Feature", "geometry": {"type": "Point", "coordinates": [84.42756, 28.12259]}, "properties": {"id": "47616", "title": "Landslide at Sundarbazar Municipality-7", "state": "exceeded", "r24": 41.1, "r72": 226.3, "authority": "Rural/Urban Municipality (Ward Committee)", "office": "Ward Committee under the Ward Chair; municipal executive (Mayor/Chair) above it", "legal_basis": "LGOA 2074 s.12(2)(c)(23) 'Remove floods, landslides in the roads'; s.12(2)(c)(21)-(22); Constitution of Nepal 2072 Sch. 8 item 11 read with LGOA 2074 s.11(1) and s.11(2)(\u091f)", "source": "chirps"}}, {"type": "Feature", "geometry": {"type": "Point", "coordinates": [84.68225, 27.88529]}, "properties": {"id": "47621", "title": "Landslide at Patisowara, Gandaki Rural Municipality-2", "state": "exceeded", "r24": 66.7, "r72": 166.8, "authority": "Rural/Urban Municipality (Ward Committee)", "office": "Ward Committee under the Ward Chair; municipal executive (Mayor/Chair) above it", "legal_basis": "LGOA 2074 s.12(2)(c)(23) 'Remove floods, landslides in the roads'; s.12(2)(c)(21)-(22); Constitution of Nepal 2072 Sch. 8 item 11 read with LGOA 2074 s.11(1) and s.11(2)(\u091f)", "source": "chirps"}}, {"type": "Feature", "geometry": {"type": "Point", "coordinates": [84.39109, 27.96868]}, "properties": {"id": "47630", "title": "Landslide at Chisapani, Bandipur Rural Municipality-1", "state": "exceeded", "r24": 44.0, "r72": 176.1, "authority": "Rural/Urban Municipality (Ward Committee)", "office": "Ward Committee under the Ward Chair; municipal executive (Mayor/Chair) above it", "legal_basis": "LGOA 2074 s.12(2)(c)(23) 'Remove floods, landslides in the roads'; s.12(2)(c)(21)-(22); Constitution of Nepal 2072 Sch. 8 item 11 read with LGOA 2074 s.11(1) and s.11(2)(\u091f)", "source": "chirps"}}, {"type": "Feature", "geometry": {"type": "Point", "coordinates": [88.07151, 26.77682]}, "properties": {"id": "47651", "title": "Landslide at Modhidada, Buddhashanti Rural Municipality-7", "state": "exceeded", "r24": 31.7, "r72": 158.4, "authority": "Rural/Urban Municipality (Ward Committee)", "office": "Ward Committee under the Ward Chair; municipal executive (Mayor/Chair) above it", "legal_basis": "LGOA 2074 s.12(2)(c)(23) 'Remove floods, landslides in the roads'; s.12(2)(c)(21)-(22); Constitution of Nepal 2072 Sch. 8 item 11 read with LGOA 2074 s.11(1) and s.11(2)(\u091f)", "source": "chirps"}}, {"type": "Feature", "geometry": {"type": "Point", "coordinates": [84.62127, 27.96501]}, "properties": {"id": "47656", "title": "Landslide at laxmibazer, Gorkha Municipality-9", "state": "exceeded", "r24": 60.9, "r72": 182.8, "authority": "Rural/Urban Municipality (Ward Committee)", "office": "Ward Committee under the Ward Chair; municipal executive (Mayor/Chair) above it", "legal_basis": "LGOA 2074 s.12(2)(c)(23) 'Remove floods, landslides in the roads'; s.12(2)(c)(21)-(22); Constitution of Nepal 2072 Sch. 8 item 11 read with LGOA 2074 s.11(1) and s.11(2)(\u091f)", "source": "chirps"}}, {"type": "Feature", "geometry": {"type": "Point", "coordinates": [84.41894, 27.97664]}, "properties": {"id": "47657", "title": "Landslide at Sagbute, Bhanu Municipality-1", "state": "exceeded", "r24": 45.5, "r72": 182.0, "authority": "Rural/Urban Municipality (Ward Committee)", "office": "Ward Committee under the Ward Chair; municipal executive (Mayor/Chair) above it", "legal_basis": "LGOA 2074 s.12(2)(c)(23) 'Remove floods, landslides in the roads'; s.12(2)(c)(21)-(22); Constitution of Nepal 2072 Sch. 8 item 11 read with LGOA 2074 s.11(1) and s.11(2)(\u091f)", "source": "chirps"}}, {"type": "Feature", "geometry": {"type": "Point", "coordinates": [83.76685, 27.94263]}, "properties": {"id": "47660", "title": "Landslide at Gau Swara, Galyang Municipality-10", "state": "approaching", "r24": 32.0, "r72": 144.1, "authority": "Rural/Urban Municipality (Ward Committee)", "office": "Ward Committee under the Ward Chair; municipal executive (Mayor/Chair) above it", "legal_basis": "LGOA 2074 s.12(2)(c)(23) 'Remove floods, landslides in the roads'; s.12(2)(c)(21)-(22); Constitution of Nepal 2072 Sch. 8 item 11 read with LGOA 2074 s.11(1) and s.11(2)(\u091f)", "source": "chirps"}}, {"type": "Feature", "geometry": {"type": "Point", "coordinates": [87.40887, 27.04376]}, "properties": {"id": "47671", "title": "Landslide at Chumlung, Chhathar Jorpati Rural Municipality-5", "state": "below", "r24": 39.3, "r72": 117.9, "authority": "Rural/Urban Municipality (Ward Committee)", "office": "Ward Committee under the Ward Chair; municipal executive (Mayor/Chair) above it", "legal_basis": "LGOA 2074 s.12(2)(c)(23) 'Remove floods, landslides in the roads'; s.12(2)(c)(21)-(22); Constitution of Nepal 2072 Sch. 8 item 11 read with LGOA 2074 s.11(1) and s.11(2)(\u091f)", "source": "chirps"}}, {"type": "Feature", "geometry": {"type": "Point", "coordinates": [85.03089, 27.48522]}, "properties": {"id": "47687", "title": "Landslide at Khoplang, Bhimphedi Rural Municipality-1", "state": "exceeded", "r24": 79.8, "r72": 199.4, "authority": "Rural/Urban Municipality (Ward Committee)", "office": "Ward Committee under the Ward Chair; municipal executive (Mayor/Chair) above it", "legal_basis": "LGOA 2074 s.12(2)(c)(23) 'Remove floods, landslides in the roads'; s.12(2)(c)(21)-(22); Constitution of Nepal 2072 Sch. 8 item 11 read with LGOA 2074 s.11(1) and s.11(2)(\u091f)", "source": "chirps"}}, {"type": "Feature", "geometry": {"type": "Point", "coordinates": [85.0765, 27.74257]}, "properties": {"id": "47704", "title": "Landslide at Karkigau, Thakre Rural Municipality-6", "state": "exceeded", "r24": 69.1, "r72": 184.4, "authority": "Rural/Urban Municipality (Ward Committee)", "office": "Ward Committee under the Ward Chair; municipal executive (Mayor/Chair) above it", "legal_basis": "LGOA 2074 s.12(2)(c)(23) 'Remove floods, landslides in the roads'; s.12(2)(c)(21)-(22); Constitution of Nepal 2072 Sch. 8 item 11 read with LGOA 2074 s.11(1) and s.11(2)(\u091f)", "source": "chirps"}}, {"type": "Feature", "geometry": {"type": "Point", "coordinates": [83.91117, 27.84292]}, "properties": {"id": "47716", "title": "Landslide at Ginijdada, Rampur Municipality-4", "state": "exceeded", "r24": 18.5, "r72": 184.9, "authority": "Rural/Urban Municipality (Ward Committee)", "office": "Ward Committee under the Ward Chair; municipal executive (Mayor/Chair) above it", "legal_basis": "LGOA 2074 s.12(2)(c)(23) 'Remove floods, landslides in the roads'; s.12(2)(c)(21)-(22); Constitution of Nepal 2072 Sch. 8 item 11 read with LGOA 2074 s.11(1) and s.11(2)(\u091f)", "source": "chirps"}}, {"type": "Feature", "geometry": {"type": "Point", "coordinates": [80.5784, 29.80763]}, "properties": {"id": "47730", "title": "Landslide at Badali, Mahakali_Darchula Municipality-3", "state": "below", "r24": 0.0, "r72": 0.0, "authority": "Rural/Urban Municipality (Ward Committee)", "office": "Ward Committee under the Ward Chair; municipal executive (Mayor/Chair) above it", "legal_basis": "LGOA 2074 s.12(2)(c)(23) 'Remove floods, landslides in the roads'; s.12(2)(c)(21)-(22); Constitution of Nepal 2072 Sch. 8 item 11 read with LGOA 2074 s.11(1) and s.11(2)(\u091f)", "source": "chirps"}}, {"type": "Feature", "geometry": {"type": "Point", "coordinates": [83.79023, 28.15247]}, "properties": {"id": "47750", "title": "Landslide at Sirindace, Aandhikhola Rural Municipality-2", "state": "exceeded", "r24": 30.8, "r72": 246.8, "authority": "Rural/Urban Municipality (Ward Committee)", "office": "Ward Committee under the Ward Chair; municipal executive (Mayor/Chair) above it", "legal_basis": "LGOA 2074 s.12(2)(c)(23) 'Remove floods, landslides in the roads'; s.12(2)(c)(21)-(22); Constitution of Nepal 2072 Sch. 8 item 11 read with LGOA 2074 s.11(1) and s.11(2)(\u091f)", "source": "chirps"}}, {"type": "Feature", "geometry": {"type": "Point", "coordinates": [83.58687, 28.68988]}, "properties": {"id": "47751", "title": "Landslide at Naurikot, Thasang Rural Municipality-2", "state": "below", "r24": 0.0, "r72": 63.2, "authority": "Rural/Urban Municipality (Ward Committee)", "office": "Ward Committee under the Ward Chair; municipal executive (Mayor/Chair) above it", "legal_basis": "LGOA 2074 s.12(2)(c)(23) 'Remove floods, landslides in the roads'; s.12(2)(c)(21)-(22); Constitution of Nepal 2072 Sch. 8 item 11 read with LGOA 2074 s.11(1) and s.11(2)(\u091f)", "source": "chirps"}}, {"type": "Feature", "geometry": {"type": "Point", "coordinates": [83.55165, 28.376]}, "properties": {"id": "47752", "title": "Landslide at Kaulegauda, Beni Municipality-9", "state": "exceeded", "r24": 0.0, "r72": 159.0, "authority": "Rural/Urban Municipality (Ward Committee)", "office": "Ward Committee under the Ward Chair; municipal executive (Mayor/Chair) above it", "legal_basis": "LGOA 2074 s.12(2)(c)(23) 'Remove floods, landslides in the roads'; s.12(2)(c)(21)-(22); Constitution of Nepal 2072 Sch. 8 item 11 read with LGOA 2074 s.11(1) and s.11(2)(\u091f)", "source": "chirps"}}, {"type": "Feature", "geometry": {"type": "Point", "coordinates": [80.5742, 29.87278]}, "properties": {"id": "47771", "title": "Landslide at Sallekhate, Dunhu Rural Municipality-3", "state": "below", "r24": 0.0, "r72": 0.0, "authority": "Rural/Urban Municipality (Ward Committee)", "office": "Ward Committee under the Ward Chair; municipal executive (Mayor/Chair) above it", "legal_basis": "LGOA 2074 s.12(2)(c)(23) 'Remove floods, landslides in the roads'; s.12(2)(c)(21)-(22); Constitution of Nepal 2072 Sch. 8 item 11 read with LGOA 2074 s.11(1) and s.11(2)(\u091f)", "source": "chirps"}}, {"type": "Feature", "geometry": {"type": "Point", "coordinates": [87.06096, 27.37534]}, "properties": {"id": "47772", "title": "Landslide at Kudam, Shadananda Municipality-2", "state": "exceeded", "r24": 93.1, "r72": 186.2, "authority": "Rural/Urban Municipality (Ward Committee)", "office": "Ward Committee under the Ward Chair; municipal executive (Mayor/Chair) above it", "legal_basis": "LGOA 2074 s.12(2)(c)(23) 'Remove floods, landslides in the roads'; s.12(2)(c)(21)-(22); Constitution of Nepal 2072 Sch. 8 item 11 read with LGOA 2074 s.11(1) and s.11(2)(\u091f)", "source": "chirps"}}, {"type": "Feature", "geometry": {"type": "Point", "coordinates": [87.33176, 26.97728]}, "properties": {"id": "47774", "title": "Landslide at Kachade, Dhankuta Municipality-6", "state": "below", "r24": 42.9, "r72": 100.1, "authority": "Rural/Urban Municipality (Ward Committee)", "office": "Ward Committee under the Ward Chair; municipal executive (Mayor/Chair) above it", "legal_basis": "LGOA 2074 s.12(2)(c)(23) 'Remove floods, landslides in the roads'; s.12(2)(c)(21)-(22); Constitution of Nepal 2072 Sch. 8 item 11 read with LGOA 2074 s.11(1) and s.11(2)(\u091f)", "source": "chirps"}}, {"type": "Feature", "geometry": {"type": "Point", "coordinates": [83.43363, 28.11394]}, "properties": {"id": "47785", "title": "Landslide at Khasimare, Chandrakot Rural Municipality-4", "state": "approaching", "r24": 17.1, "r72": 153.7, "authority": "Rural/Urban Municipality (Ward Committee)", "office": "Ward Committee under the Ward Chair; municipal executive (Mayor/Chair) above it", "legal_basis": "LGOA 2074 s.12(2)(c)(23) 'Remove floods, landslides in the roads'; s.12(2)(c)(21)-(22); Constitution of Nepal 2072 Sch. 8 item 11 read with LGOA 2074 s.11(1) and s.11(2)(\u091f)", "source": "chirps"}}, {"type": "Feature", "geometry": {"type": "Point", "coordinates": [83.66918, 27.86619]}, "properties": {"id": "47787", "title": "Landslide at Pipaldada, Rambha Rural Municipality-3", "state": "exceeded", "r24": 34.0, "r72": 170.2, "authority": "Rural/Urban Municipality (Ward Committee)", "office": "Ward Committee under the Ward Chair; municipal executive (Mayor/Chair) above it", "legal_basis": "LGOA 2074 s.12(2)(c)(23) 'Remove floods, landslides in the roads'; s.12(2)(c)(21)-(22); Constitution of Nepal 2072 Sch. 8 item 11 read with LGOA 2074 s.11(1) and s.11(2)(\u091f)", "source": "chirps"}}, {"type": "Feature", "geometry": {"type": "Point", "coordinates": [87.94728, 26.9797]}, "properties": {"id": "47794", "title": "Landslide at Sumbek, Illam Municipality-2", "state": "exceeded", "r24": 57.6, "r72": 172.8, "authority": "Rural/Urban Municipality (Ward Committee)", "office": "Ward Committee under the Ward Chair; municipal executive (Mayor/Chair) above it", "legal_basis": "LGOA 2074 s.12(2)(c)(23) 'Remove floods, landslides in the roads'; s.12(2)(c)(21)-(22); Constitution of Nepal 2072 Sch. 8 item 11 read with LGOA 2074 s.11(1) and s.11(2)(\u091f)", "source": "chirps"}}, {"type": "Feature", "geometry": {"type": "Point", "coordinates": [87.20617, 27.32788]}, "properties": {"id": "47795", "title": "Landslide at Dhungea, Panchakhapan Municipality-4", "state": "exceeded", "r24": 98.2, "r72": 163.6, "authority": "Rural/Urban Municipality (Ward Committee)", "office": "Ward Committee under the Ward Chair; municipal executive (Mayor/Chair) above it", "legal_basis": "LGOA 2074 s.12(2)(c)(23) 'Remove floods, landslides in the roads'; s.12(2)(c)(21)-(22); Constitution of Nepal 2072 Sch. 8 item 11 read with LGOA 2074 s.11(1) and s.11(2)(\u091f)", "source": "chirps"}}, {"type": "Feature", "geometry": {"type": "Point", "coordinates": [83.59096, 28.33749]}, "properties": {"id": "47801", "title": "Landslide at Lamekhat, Jaljala Rural Municipality-4", "state": "exceeded", "r24": 0.0, "r72": 152.1, "authority": "Rural/Urban Municipality (Ward Committee)", "office": "Ward Committee under the Ward Chair; municipal executive (Mayor/Chair) above it", "legal_basis": "LGOA 2074 s.12(2)(c)(23) 'Remove floods, landslides in the roads'; s.12(2)(c)(21)-(22); Constitution of Nepal 2072 Sch. 8 item 11 read with LGOA 2074 s.11(1) and s.11(2)(\u091f)", "source": "chirps"}}, {"type": "Feature", "geometry": {"type": "Point", "coordinates": [83.74737, 28.28929]}, "properties": {"id": "47802", "title": "Landslide at Patichour, Modi Rural Municipality-2", "state": "exceeded", "r24": 61.9, "r72": 371.2, "authority": "Rural/Urban Municipality (Ward Committee)", "office": "Ward Committee under the Ward Chair; municipal executive (Mayor/Chair) above it", "legal_basis": "LGOA 2074 s.12(2)(c)(23) 'Remove floods, landslides in the roads'; s.12(2)(c)(21)-(22); Constitution of Nepal 2072 Sch. 8 item 11 read with LGOA 2074 s.11(1) and s.11(2)(\u091f)", "source": "chirps"}}, {"type": "Feature", "geometry": {"type": "Point", "coordinates": [83.14687, 27.97449]}, "properties": {"id": "47804", "title": "Landslide at Futwang, Sandhikharka Municipality-1", "state": "approaching", "r24": 0.0, "r72": 154.2, "authority": "Rural/Urban Municipality (Ward Committee)", "office": "Ward Committee under the Ward Chair; municipal executive (Mayor/Chair) above it", "legal_basis": "LGOA 2074 s.12(2)(c)(23) 'Remove floods, landslides in the roads'; s.12(2)(c)(21)-(22); Constitution of Nepal 2072 Sch. 8 item 11 read with LGOA 2074 s.11(1) and s.11(2)(\u091f)", "source": "chirps"}}, {"type": "Feature", "geometry": {"type": "Point", "coordinates": [82.7039, 27.98461]}, "properties": {"id": "47805", "title": "Landslide at sakine, Banglachuli Rural Municipality-5", "state": "exceeded", "r24": 23.8, "r72": 143.1, "authority": "Rural/Urban Municipality (Ward Committee)", "office": "Ward Committee under the Ward Chair; municipal executive (Mayor/Chair) above it", "legal_basis": "LGOA 2074 s.12(2)(c)(23) 'Remove floods, landslides in the roads'; s.12(2)(c)(21)-(22); Constitution of Nepal 2072 Sch. 8 item 11 read with LGOA 2074 s.11(1) and s.11(2)(\u091f)", "source": "chirps"}}, {"type": "Feature", "geometry": {"type": "Point", "coordinates": [81.77561, 28.9751]}, "properties": {"id": "47818", "title": "Landslide at Naumule Rural Municipality-2", "state": "below", "r24": 0.0, "r72": 0.0, "authority": "Rural/Urban Municipality (Ward Committee)", "office": "Ward Committee under the Ward Chair; municipal executive (Mayor/Chair) above it", "legal_basis": "LGOA 2074 s.12(2)(c)(23) 'Remove floods, landslides in the roads'; s.12(2)(c)(21)-(22); Constitution of Nepal 2072 Sch. 8 item 11 read with LGOA 2074 s.11(1) and s.11(2)(\u091f)", "source": "chirps"}}, {"type": "Feature", "geometry": {"type": "Point", "coordinates": [81.73167, 29.06122]}, "properties": {"id": "47836", "title": "Landslide at Kodewona, Mahawai Rural Municipality-2", "state": "below", "r24": 0.0, "r72": 0.0, "authority": "Rural/Urban Municipality (Ward Committee)", "office": "Ward Committee under the Ward Chair; municipal executive (Mayor/Chair) above it", "legal_basis": "LGOA 2074 s.12(2)(c)(23) 'Remove floods, landslides in the roads'; s.12(2)(c)(21)-(22); Constitution of Nepal 2072 Sch. 8 item 11 read with LGOA 2074 s.11(1) and s.11(2)(\u091f)", "source": "chirps"}}, {"type": "Feature", "geometry": {"type": "Point", "coordinates": [81.33646, 29.18417]}, "properties": {"id": "47839", "title": "Landslide at Dharna, Bannigadhi Jayagadh Rural Municipality-6", "state": "below", "r24": 0.0, "r72": 40.0, "authority": "Rural/Urban Municipality (Ward Committee)", "office": "Ward Committee under the Ward Chair; municipal executive (Mayor/Chair) above it", "legal_basis": "LGOA 2074 s.12(2)(c)(23) 'Remove floods, landslides in the roads'; s.12(2)(c)(21)-(22); Constitution of Nepal 2072 Sch. 8 item 11 read with LGOA 2074 s.11(1) and s.11(2)(\u091f)", "source": "chirps"}}, {"type": "Feature", "geometry": {"type": "Point", "coordinates": [81.3919, 29.11432]}, "properties": {"id": "47840", "title": "Landslide at Neupanetole, Panchadewal Binayak Municipality-2", "state": "below", "r24": 0.0, "r72": 37.9, "authority": "Rural/Urban Municipality (Ward Committee)", "office": "Ward Committee under the Ward Chair; municipal executive (Mayor/Chair) above it", "legal_basis": "LGOA 2074 s.12(2)(c)(23) 'Remove floods, landslides in the roads'; s.12(2)(c)(21)-(22); Constitution of Nepal 2072 Sch. 8 item 11 read with LGOA 2074 s.11(1) and s.11(2)(\u091f)", "source": "chirps"}}, {"type": "Feature", "geometry": {"type": "Point", "coordinates": [81.38669, 28.6289]}, "properties": {"id": "47852", "title": "Landslide at sukurmala, Barahtal Rural Municipality-3", "state": "below", "r24": 31.4, "r72": 31.4, "authority": "Rural/Urban Municipality (Ward Committee)", "office": "Ward Committee under the Ward Chair; municipal executive (Mayor/Chair) above it", "legal_basis": "LGOA 2074 s.12(2)(c)(23) 'Remove floods, landslides in the roads'; s.12(2)(c)(21)-(22); Constitution of Nepal 2072 Sch. 8 item 11 read with LGOA 2074 s.11(1) and s.11(2)(\u091f)", "source": "chirps"}}, {"type": "Feature", "geometry": {"type": "Point", "coordinates": [81.80191, 29.25841]}, "properties": {"id": "47865", "title": "Landslide at Damri, Palata Rural Municipality-8", "state": "below", "r24": 0.0, "r72": 0.0, "authority": "Rural/Urban Municipality (Ward Committee)", "office": "Ward Committee under the Ward Chair; municipal executive (Mayor/Chair) above it", "legal_basis": "LGOA 2074 s.12(2)(c)(23) 'Remove floods, landslides in the roads'; s.12(2)(c)(21)-(22); Constitution of Nepal 2072 Sch. 8 item 11 read with LGOA 2074 s.11(1) and s.11(2)(\u091f)", "source": "chirps"}}, {"type": "Feature", "geometry": {"type": "Point", "coordinates": [83.41529, 28.01148]}, "properties": {"id": "47869", "title": "Landslide at Asipata, Ruru Rural Municipality-5", "state": "exceeded", "r24": 14.5, "r72": 159.6, "authority": "Rural/Urban Municipality (Ward Committee)", "office": "Ward Committee under the Ward Chair; municipal executive (Mayor/Chair) above it", "legal_basis": "LGOA 2074 s.12(2)(c)(23) 'Remove floods, landslides in the roads'; s.12(2)(c)(21)-(22); Constitution of Nepal 2072 Sch. 8 item 11 read with LGOA 2074 s.11(1) and s.11(2)(\u091f)", "source": "chirps"}}, {"type": "Feature", "geometry": {"type": "Point", "coordinates": [82.10748, 28.70618]}, "properties": {"id": "47871", "title": "Landslide at Doken, Bheri Municipality-7", "state": "below", "r24": 0.0, "r72": 58.0, "authority": "Rural/Urban Municipality (Ward Committee)", "office": "Ward Committee under the Ward Chair; municipal executive (Mayor/Chair) above it", "legal_basis": "LGOA 2074 s.12(2)(c)(23) 'Remove floods, landslides in the roads'; s.12(2)(c)(21)-(22); Constitution of Nepal 2072 Sch. 8 item 11 read with LGOA 2074 s.11(1) and s.11(2)(\u091f)", "source": "chirps"}}, {"type": "Feature", "geometry": {"type": "Point", "coordinates": [85.61311, 27.97273]}, "properties": {"id": "47893", "title": "Landslide at Baruwa, Panchpokhari Thangpal Rural Municipality-2", "state": "exceeded", "r24": 132.4, "r72": 231.6, "authority": "Rural/Urban Municipality (Ward Committee)", "office": "Ward Committee under the Ward Chair; municipal executive (Mayor/Chair) above it", "legal_basis": "LGOA 2074 s.12(2)(c)(23) 'Remove floods, landslides in the roads'; s.12(2)(c)(21)-(22); Constitution of Nepal 2072 Sch. 8 item 11 read with LGOA 2074 s.11(1) and s.11(2)(\u091f)", "source": "chirps"}}, {"type": "Feature", "geometry": {"type": "Point", "coordinates": [85.96229, 27.80398]}, "properties": {"id": "47901", "title": "Landslide at Karthali, Barhabise Municipality-2", "state": "exceeded", "r24": 114.7, "r72": 229.4, "authority": "Rural/Urban Municipality (Ward Committee)", "office": "Ward Committee under the Ward Chair; municipal executive (Mayor/Chair) above it", "legal_basis": "LGOA 2074 s.12(2)(c)(23) 'Remove floods, landslides in the roads'; s.12(2)(c)(21)-(22); Constitution of Nepal 2072 Sch. 8 item 11 read with LGOA 2074 s.11(1) and s.11(2)(\u091f)", "source": "chirps"}}, {"type": "Feature", "geometry": {"type": "Point", "coordinates": [85.05348, 27.84555]}, "properties": {"id": "47925", "title": "Landslide at Tarukaghat, Belkotgadhi Municipality-7", "state": "exceeded", "r24": 66.7, "r72": 150.2, "authority": "Rural/Urban Municipality (Ward Committee)", "office": "Ward Committee under the Ward Chair; municipal executive (Mayor/Chair) above it", "legal_basis": "LGOA 2074 s.12(2)(c)(23) 'Remove floods, landslides in the roads'; s.12(2)(c)(21)-(22); Constitution of Nepal 2072 Sch. 8 item 11 read with LGOA 2074 s.11(1) and s.11(2)(\u091f)", "source": "chirps"}}, {"type": "Feature", "geometry": {"type": "Point", "coordinates": [86.49529, 27.13123]}, "properties": {"id": "47949", "title": "Landslide at Dekuwo, Halesi Tuwachung Municipality-2", "state": "approaching", "r24": 72.7, "r72": 116.3, "authority": "Rural/Urban Municipality (Ward Committee)", "office": "Ward Committee under the Ward Chair; municipal executive (Mayor/Chair) above it", "legal_basis": "LGOA 2074 s.12(2)(c)(23) 'Remove floods, landslides in the roads'; s.12(2)(c)(21)-(22); Constitution of Nepal 2072 Sch. 8 item 11 read with LGOA 2074 s.11(1) and s.11(2)(\u091f)", "source": "chirps"}}, {"type": "Feature", "geometry": {"type": "Point", "coordinates": [87.25833, 26.96338]}, "properties": {"id": "47950", "title": "Landslide at Shahidbhumi Rural Municipality-6", "state": "below", "r24": 39.9, "r72": 93.2, "authority": "Rural/Urban Municipality (Ward Committee)", "office": "Ward Committee under the Ward Chair; municipal executive (Mayor/Chair) above it", "legal_basis": "LGOA 2074 s.12(2)(c)(23) 'Remove floods, landslides in the roads'; s.12(2)(c)(21)-(22); Constitution of Nepal 2072 Sch. 8 item 11 read with LGOA 2074 s.11(1) and s.11(2)(\u091f)", "source": "chirps"}}, {"type": "Feature", "geometry": {"type": "Point", "coordinates": [81.56228, 29.02784]}, "properties": {"id": "48053", "title": "Landslide at gairigau, Thantikandh Rural Municipality-4", "state": "below", "r24": 0.0, "r72": 28.4, "authority": "Rural/Urban Municipality (Ward Committee)", "office": "Ward Committee under the Ward Chair; municipal executive (Mayor/Chair) above it", "legal_basis": "LGOA 2074 s.12(2)(c)(23) 'Remove floods, landslides in the roads'; s.12(2)(c)(21)-(22); Constitution of Nepal 2072 Sch. 8 item 11 read with LGOA 2074 s.11(1) and s.11(2)(\u091f)", "source": "chirps"}}, {"type": "Feature", "geometry": {"type": "Point", "coordinates": [80.85105, 29.57197]}, "properties": {"id": "48057", "title": "Landslide at Midigau, Bungal Municipality-5", "state": "below", "r24": 0.0, "r72": 38.4, "authority": "Rural/Urban Municipality (Ward Committee)", "office": "Ward Committee under the Ward Chair; municipal executive (Mayor/Chair) above it", "legal_basis": "LGOA 2074 s.12(2)(c)(23) 'Remove floods, landslides in the roads'; s.12(2)(c)(21)-(22); Constitution of Nepal 2072 Sch. 8 item 11 read with LGOA 2074 s.11(1) and s.11(2)(\u091f)", "source": "chirps"}}, {"type": "Feature", "geometry": {"type": "Point", "coordinates": [80.57271, 29.53636]}, "properties": {"id": "48072", "title": "Landslide at Meldhungram, Surnaya Rural Municipality-4", "state": "below", "r24": 0.0, "r72": 20.4, "authority": "Rural/Urban Municipality (Ward Committee)", "office": "Ward Committee under the Ward Chair; municipal executive (Mayor/Chair) above it", "legal_basis": "LGOA 2074 s.12(2)(c)(23) 'Remove floods, landslides in the roads'; s.12(2)(c)(21)-(22); Constitution of Nepal 2072 Sch. 8 item 11 read with LGOA 2074 s.11(1) and s.11(2)(\u091f)", "source": "chirps"}}, {"type": "Feature", "geometry": {"type": "Point", "coordinates": [82.17939, 28.38111]}, "properties": {"id": "48075", "title": "Landslide at Purano Buspark, Sharada Municipality-2", "state": "below", "r24": 34.0, "r72": 34.0, "authority": "Rural/Urban Municipality (Ward Committee)", "office": "Ward Committee under the Ward Chair; municipal executive (Mayor/Chair) above it", "legal_basis": "LGOA 2074 s.12(2)(c)(23) 'Remove floods, landslides in the roads'; s.12(2)(c)(21)-(22); Constitution of Nepal 2072 Sch. 8 item 11 read with LGOA 2074 s.11(1) and s.11(2)(\u091f)", "source": "chirps"}}, {"type": "Feature", "geometry": {"type": "Point", "coordinates": [82.50389, 28.58452]}, "properties": {"id": "48088", "title": "Landslide at Adubari, Musikot Municipality-9", "state": "below", "r24": 0.0, "r72": 119.4, "authority": "Rural/Urban Municipality (Ward Committee)", "office": "Ward Committee under the Ward Chair; municipal executive (Mayor/Chair) above it", "legal_basis": "LGOA 2074 s.12(2)(c)(23) 'Remove floods, landslides in the roads'; s.12(2)(c)(21)-(22); Constitution of Nepal 2072 Sch. 8 item 11 read with LGOA 2074 s.11(1) and s.11(2)(\u091f)", "source": "chirps"}}, {"type": "Feature", "geometry": {"type": "Point", "coordinates": [82.54804, 28.40448]}, "properties": {"id": "48099", "title": "Landslide at Dang, Madi Rural Municipality-5", "state": "below", "r24": 0.0, "r72": 102.3, "authority": "Rural/Urban Municipality (Ward Committee)", "office": "Ward Committee under the Ward Chair; municipal executive (Mayor/Chair) above it", "legal_basis": "LGOA 2074 s.12(2)(c)(23) 'Remove floods, landslides in the roads'; s.12(2)(c)(21)-(22); Constitution of Nepal 2072 Sch. 8 item 11 read with LGOA 2074 s.11(1) and s.11(2)(\u091f)", "source": "chirps"}}, {"type": "Feature", "geometry": {"type": "Point", "coordinates": [81.52866, 29.2601]}, "properties": {"id": "48114", "title": "Landslide at Chauke, Naraharinath Rural Municipality-5", "state": "below", "r24": 0.0, "r72": 32.1, "authority": "Rural/Urban Municipality (Ward Committee)", "office": "Ward Committee under the Ward Chair; municipal executive (Mayor/Chair) above it", "legal_basis": "LGOA 2074 s.12(2)(c)(23) 'Remove floods, landslides in the roads'; s.12(2)(c)(21)-(22); Constitution of Nepal 2072 Sch. 8 item 11 read with LGOA 2074 s.11(1) and s.11(2)(\u091f)", "source": "chirps"}}, {"type": "Feature", "geometry": {"type": "Point", "coordinates": [87.37937, 27.18996]}, "properties": {"id": "48364", "title": "Landslide at Salle, Dharmadevi Municipality-2", "state": "approaching", "r24": 71.9, "r72": 143.7, "authority": "Rural/Urban Municipality (Ward Committee)", "office": "Ward Committee under the Ward Chair; municipal executive (Mayor/Chair) above it", "legal_basis": "LGOA 2074 s.12(2)(c)(23) 'Remove floods, landslides in the roads'; s.12(2)(c)(21)-(22); Constitution of Nepal 2072 Sch. 8 item 11 read with LGOA 2074 s.11(1) and s.11(2)(\u091f)", "source": "chirps"}}, {"type": "Feature", "geometry": {"type": "Point", "coordinates": [83.52564, 28.29161]}, "properties": {"id": "48380", "title": "Landslide at Baskot, Kanthekhola Rural Municipality-2", "state": "approaching", "r24": 0.0, "r72": 127.1, "authority": "Rural/Urban Municipality (Ward Committee)", "office": "Ward Committee under the Ward Chair; municipal executive (Mayor/Chair) above it", "legal_basis": "LGOA 2074 s.12(2)(c)(23) 'Remove floods, landslides in the roads'; s.12(2)(c)(21)-(22); Constitution of Nepal 2072 Sch. 8 item 11 read with LGOA 2074 s.11(1) and s.11(2)(\u091f)", "source": "chirps"}}, {"type": "Feature", "geometry": {"type": "Point", "coordinates": [84.53201, 28.20936]}, "properties": {"id": "48384", "title": "Landslide at Chailung, Dordi Rural Municipality-5", "state": "exceeded", "r24": 30.7, "r72": 215.2, "authority": "Rural/Urban Municipality (Ward Committee)", "office": "Ward Committee under the Ward Chair; municipal executive (Mayor/Chair) above it", "legal_basis": "LGOA 2074 s.12(2)(c)(23) 'Remove floods, landslides in the roads'; s.12(2)(c)(21)-(22); Constitution of Nepal 2072 Sch. 8 item 11 read with LGOA 2074 s.11(1) and s.11(2)(\u091f)", "source": "chirps"}}, {"type": "Feature", "geometry": {"type": "Point", "coordinates": [83.66859, 27.78104]}, "properties": {"id": "48405", "title": "Landslide at Kerauli, Mathagadhi Rural Municipality-4", "state": "exceeded", "r24": 18.8, "r72": 169.2, "authority": "Rural/Urban Municipality (Ward Committee)", "office": "Ward Committee under the Ward Chair; municipal executive (Mayor/Chair) above it", "legal_basis": "LGOA 2074 s.12(2)(c)(23) 'Remove floods, landslides in the roads'; s.12(2)(c)(21)-(22); Constitution of Nepal 2072 Sch. 8 item 11 read with LGOA 2074 s.11(1) and s.11(2)(\u091f)", "source": "chirps"}}, {"type": "Feature", "geometry": {"type": "Point", "coordinates": [82.89029, 28.14423]}, "properties": {"id": "48406", "title": "Landslide at Khapring Khola, Pyuthan Municipality-8", "state": "approaching", "r24": 20.9, "r72": 125.3, "authority": "Rural/Urban Municipality (Ward Committee)", "office": "Ward Committee under the Ward Chair; municipal executive (Mayor/Chair) above it", "legal_basis": "LGOA 2074 s.12(2)(c)(23) 'Remove floods, landslides in the roads'; s.12(2)(c)(21)-(22); Constitution of Nepal 2072 Sch. 8 item 11 read with LGOA 2074 s.11(1) and s.11(2)(\u091f)", "source": "chirps"}}, {"type": "Feature", "geometry": {"type": "Point", "coordinates": [83.89355, 28.07771]}, "properties": {"id": "55513", "title": "Landslide at Bhalupayad, Putalibazar Municipality-2", "state": "exceeded", "r24": 43.1, "r72": 215.4, "authority": "Rural/Urban Municipality (Ward Committee)", "office": "Ward Committee under the Ward Chair; municipal executive (Mayor/Chair) above it", "legal_basis": "LGOA 2074 s.12(2)(c)(23) 'Remove floods, landslides in the roads'; s.12(2)(c)(21)-(22); Constitution of Nepal 2072 Sch. 8 item 11 read with LGOA 2074 s.11(1) and s.11(2)(\u091f)", "source": "chirps"}}, {"type": "Feature", "geometry": {"type": "Point", "coordinates": [83.52567, 27.69223]}, "properties": {"id": "55541", "title": "Landslide at Charang, Devdaha Municipality-10", "state": "exceeded", "r24": 37.4, "r72": 205.8, "authority": "Rural/Urban Municipality (Ward Committee)", "office": "Ward Committee under the Ward Chair; municipal executive (Mayor/Chair) above it", "legal_basis": "LGOA 2074 s.12(2)(c)(23) 'Remove floods, landslides in the roads'; s.12(2)(c)(21)-(22); Constitution of Nepal 2072 Sch. 8 item 11 read with LGOA 2074 s.11(1) and s.11(2)(\u091f)", "source": "chirps"}}, {"type": "Feature", "geometry": {"type": "Point", "coordinates": [83.48084, 28.09789]}, "properties": {"id": "55543", "title": "Landslide at Gauri Khutta, Chandrakot Rural Municipality-5", "state": "exceeded", "r24": 18.3, "r72": 164.5, "authority": "Rural/Urban Municipality (Ward Committee)", "office": "Ward Committee under the Ward Chair; municipal executive (Mayor/Chair) above it", "legal_basis": "LGOA 2074 s.12(2)(c)(23) 'Remove floods, landslides in the roads'; s.12(2)(c)(21)-(22); Constitution of Nepal 2072 Sch. 8 item 11 read with LGOA 2074 s.11(1) and s.11(2)(\u091f)", "source": "chirps"}}, {"type": "Feature", "geometry": {"type": "Point", "coordinates": [83.33176, 27.96855]}, "properties": {"id": "55544", "title": "Landslide at Purano Khajvang, Chatrakot Rural Municipality-5", "state": "below", "r24": 0.0, "r72": 124.9, "authority": "Rural/Urban Municipality (Ward Committee)", "office": "Ward Committee under the Ward Chair; municipal executive (Mayor/Chair) above it", "legal_basis": "LGOA 2074 s.12(2)(c)(23) 'Remove floods, landslides in the roads'; s.12(2)(c)(21)-(22); Constitution of Nepal 2072 Sch. 8 item 11 read with LGOA 2074 s.11(1) and s.11(2)(\u091f)", "source": "chirps"}}, {"type": "Feature", "geometry": {"type": "Point", "coordinates": [83.67237, 27.82444]}, "properties": {"id": "55546", "title": "Landslide at Humin, Rambha Rural Municipality-4", "state": "exceeded", "r24": 32.9, "r72": 164.3, "authority": "Rural/Urban Municipality (Ward Committee)", "office": "Ward Committee under the Ward Chair; municipal executive (Mayor/Chair) above it", "legal_basis": "LGOA 2074 s.12(2)(c)(23) 'Remove floods, landslides in the roads'; s.12(2)(c)(21)-(22); Constitution of Nepal 2072 Sch. 8 item 11 read with LGOA 2074 s.11(1) and s.11(2)(\u091f)", "source": "chirps"}}, {"type": "Feature", "geometry": {"type": "Point", "coordinates": [83.01989, 28.08579]}, "properties": {"id": "55575", "title": "Landslide at Hilebajar, Malarani Rural Municipality-9", "state": "approaching", "r24": 19.8, "r72": 138.5, "authority": "Rural/Urban Municipality (Ward Committee)", "office": "Ward Committee under the Ward Chair; municipal executive (Mayor/Chair) above it", "legal_basis": "LGOA 2074 s.12(2)(c)(23) 'Remove floods, landslides in the roads'; s.12(2)(c)(21)-(22); Constitution of Nepal 2072 Sch. 8 item 11 read with LGOA 2074 s.11(1) and s.11(2)(\u091f)", "source": "chirps"}}, {"type": "Feature", "geometry": {"type": "Point", "coordinates": [83.40676, 27.88266]}, "properties": {"id": "55577", "title": "Landslide at Basdanda, Rainadevi Chhahara Rural Municipality-5", "state": "approaching", "r24": 38.2, "r72": 140.2, "authority": "Rural/Urban Municipality (Ward Committee)", "office": "Ward Committee under the Ward Chair; municipal executive (Mayor/Chair) above it", "legal_basis": "LGOA 2074 s.12(2)(c)(23) 'Remove floods, landslides in the roads'; s.12(2)(c)(21)-(22); Constitution of Nepal 2072 Sch. 8 item 11 read with LGOA 2074 s.11(1) and s.11(2)(\u091f)", "source": "chirps"}}, {"type": "Feature", "geometry": {"type": "Point", "coordinates": [83.56003, 28.28381]}, "properties": {"id": "55585", "title": "Landslide at Pairabari, Baglung Municipality-7", "state": "exceeded", "r24": 0.0, "r72": 148.3, "authority": "Rural/Urban Municipality (Ward Committee)", "office": "Ward Committee under the Ward Chair; municipal executive (Mayor/Chair) above it", "legal_basis": "LGOA 2074 s.12(2)(c)(23) 'Remove floods, landslides in the roads'; s.12(2)(c)(21)-(22); Constitution of Nepal 2072 Sch. 8 item 11 read with LGOA 2074 s.11(1) and s.11(2)(\u091f)", "source": "chirps"}}, {"type": "Feature", "geometry": {"type": "Point", "coordinates": [80.99595, 29.19215]}, "properties": {"id": "55593", "title": "Landslide at Anahagadh, K I Singh Rural Municipality-3", "state": "below", "r24": 0.0, "r72": 29.1, "authority": "Rural/Urban Municipality (Ward Committee)", "office": "Ward Committee under the Ward Chair; municipal executive (Mayor/Chair) above it", "legal_basis": "LGOA 2074 s.12(2)(c)(23) 'Remove floods, landslides in the roads'; s.12(2)(c)(21)-(22); Constitution of Nepal 2072 Sch. 8 item 11 read with LGOA 2074 s.11(1) and s.11(2)(\u091f)", "source": "chirps"}}, {"type": "Feature", "geometry": {"type": "Point", "coordinates": [82.46423, 29.39632]}, "properties": {"id": "55598", "title": "Landslide at Lekhidhunga, Patrasi Rural Municipality-2", "state": "below", "r24": 0.0, "r72": 52.1, "authority": "Rural/Urban Municipality (Ward Committee)", "office": "Ward Committee under the Ward Chair; municipal executive (Mayor/Chair) above it", "legal_basis": "LGOA 2074 s.12(2)(c)(23) 'Remove floods, landslides in the roads'; s.12(2)(c)(21)-(22); Constitution of Nepal 2072 Sch. 8 item 11 read with LGOA 2074 s.11(1) and s.11(2)(\u091f)", "source": "chirps"}}, {"type": "Feature", "geometry": {"type": "Point", "coordinates": [83.46399, 28.0332]}, "properties": {"id": "55601", "title": "Landslide at Hasara, Satyawati Rural Municipality-5", "state": "exceeded", "r24": 15.1, "r72": 166.4, "authority": "Rural/Urban Municipality (Ward Committee)", "office": "Ward Committee under the Ward Chair; municipal executive (Mayor/Chair) above it", "legal_basis": "LGOA 2074 s.12(2)(c)(23) 'Remove floods, landslides in the roads'; s.12(2)(c)(21)-(22); Constitution of Nepal 2072 Sch. 8 item 11 read with LGOA 2074 s.11(1) and s.11(2)(\u091f)", "source": "chirps"}}, {"type": "Feature", "geometry": {"type": "Point", "coordinates": [83.5538, 28.02396]}, "properties": {"id": "55613", "title": "Landslide at Mulka, Kaligandaki Rural Municipality-3", "state": "exceeded", "r24": 19.1, "r72": 191.4, "authority": "Rural/Urban Municipality (Ward Committee)", "office": "Ward Committee under the Ward Chair; municipal executive (Mayor/Chair) above it", "legal_basis": "LGOA 2074 s.12(2)(c)(23) 'Remove floods, landslides in the roads'; s.12(2)(c)(21)-(22); Constitution of Nepal 2072 Sch. 8 item 11 read with LGOA 2074 s.11(1) and s.11(2)(\u091f)", "source": "chirps"}}, {"type": "Feature", "geometry": {"type": "Point", "coordinates": [83.35744, 28.33887]}, "properties": {"id": "55615", "title": "Landslide at Bhirkuna, Tara Khola Rural Municipality-5", "state": "approaching", "r24": 0.0, "r72": 133.0, "authority": "Rural/Urban Municipality (Ward Committee)", "office": "Ward Committee under the Ward Chair; municipal executive (Mayor/Chair) above it", "legal_basis": "LGOA 2074 s.12(2)(c)(23) 'Remove floods, landslides in the roads'; s.12(2)(c)(21)-(22); Constitution of Nepal 2072 Sch. 8 item 11 read with LGOA 2074 s.11(1) and s.11(2)(\u091f)", "source": "chirps"}}, {"type": "Feature", "geometry": {"type": "Point", "coordinates": [80.58545, 29.91688]}, "properties": {"id": "55627", "title": "Landslide at Tangle, Byas Rural Municipality-6", "state": "below", "r24": 0.0, "r72": 0.0, "authority": "Rural/Urban Municipality (Ward Committee)", "office": "Ward Committee under the Ward Chair; municipal executive (Mayor/Chair) above it", "legal_basis": "LGOA 2074 s.12(2)(c)(23) 'Remove floods, landslides in the roads'; s.12(2)(c)(21)-(22); Constitution of Nepal 2072 Sch. 8 item 11 read with LGOA 2074 s.11(1) and s.11(2)(\u091f)", "source": "chirps"}}, {"type": "Feature", "geometry": {"type": "Point", "coordinates": [84.3865, 27.92176]}, "properties": {"id": "55765", "title": "Landslide at Tamung, Bandipur Rural Municipality-3", "state": "exceeded", "r24": 33.3, "r72": 150.1, "authority": "Rural/Urban Municipality (Ward Committee)", "office": "Ward Committee under the Ward Chair; municipal executive (Mayor/Chair) above it", "legal_basis": "LGOA 2074 s.12(2)(c)(23) 'Remove floods, landslides in the roads'; s.12(2)(c)(21)-(22); Constitution of Nepal 2072 Sch. 8 item 11 read with LGOA 2074 s.11(1) and s.11(2)(\u091f)", "source": "chirps"}}, {"type": "Feature", "geometry": {"type": "Point", "coordinates": [85.88458, 27.16197]}, "properties": {"id": "55778", "title": "Landslide at pahire, Kamalamai Municipality-8", "state": "approaching", "r24": 76.1, "r72": 152.3, "authority": "Rural/Urban Municipality (Ward Committee)", "office": "Ward Committee under the Ward Chair; municipal executive (Mayor/Chair) above it", "legal_basis": "LGOA 2074 s.12(2)(c)(23) 'Remove floods, landslides in the roads'; s.12(2)(c)(21)-(22); Constitution of Nepal 2072 Sch. 8 item 11 read with LGOA 2074 s.11(1) and s.11(2)(\u091f)", "source": "chirps"}}, {"type": "Feature", "geometry": {"type": "Point", "coordinates": [84.06778, 27.99242]}, "properties": {"id": "55785", "title": "Landslide at Patneri, Bhimad Municipality-7", "state": "exceeded", "r24": 32.0, "r72": 191.8, "authority": "Rural/Urban Municipality (Ward Committee)", "office": "Ward Committee under the Ward Chair; municipal executive (Mayor/Chair) above it", "legal_basis": "LGOA 2074 s.12(2)(c)(23) 'Remove floods, landslides in the roads'; s.12(2)(c)(21)-(22); Constitution of Nepal 2072 Sch. 8 item 11 read with LGOA 2074 s.11(1) and s.11(2)(\u091f)", "source": "chirps"}}, {"type": "Feature", "geometry": {"type": "Point", "coordinates": [84.10901, 27.99164]}, "properties": {"id": "55786", "title": "Landslide at Myagde Rural Municipality-5", "state": "exceeded", "r24": 34.7, "r72": 208.0, "authority": "Rural/Urban Municipality (Ward Committee)", "office": "Ward Committee under the Ward Chair; municipal executive (Mayor/Chair) above it", "legal_basis": "LGOA 2074 s.12(2)(c)(23) 'Remove floods, landslides in the roads'; s.12(2)(c)(21)-(22); Constitution of Nepal 2072 Sch. 8 item 11 read with LGOA 2074 s.11(1) and s.11(2)(\u091f)", "source": "chirps"}}, {"type": "Feature", "geometry": {"type": "Point", "coordinates": [84.4764, 28.07835]}, "properties": {"id": "55789", "title": "Landslide at Garambesi, Rainas Municipality-7", "state": "exceeded", "r24": 38.6, "r72": 212.2, "authority": "Rural/Urban Municipality (Ward Committee)", "office": "Ward Committee under the Ward Chair; municipal executive (Mayor/Chair) above it", "legal_basis": "LGOA 2074 s.12(2)(c)(23) 'Remove floods, landslides in the roads'; s.12(2)(c)(21)-(22); Constitution of Nepal 2072 Sch. 8 item 11 read with LGOA 2074 s.11(1) and s.11(2)(\u091f)", "source": "chirps"}}, {"type": "Feature", "geometry": {"type": "Point", "coordinates": [84.24274, 28.10247]}, "properties": {"id": "55790", "title": "Landslide at Tilahar, MadhyaNepal Municipality-4", "state": "exceeded", "r24": 50.7, "r72": 219.6, "authority": "Rural/Urban Municipality (Ward Committee)", "office": "Ward Committee under the Ward Chair; municipal executive (Mayor/Chair) above it", "legal_basis": "LGOA 2074 s.12(2)(c)(23) 'Remove floods, landslides in the roads'; s.12(2)(c)(21)-(22); Constitution of Nepal 2072 Sch. 8 item 11 read with LGOA 2074 s.11(1) and s.11(2)(\u091f)", "source": "chirps"}}, {"type": "Feature", "geometry": {"type": "Point", "coordinates": [84.73799, 27.67576]}, "properties": {"id": "55791", "title": "Landslide at Parkhaltole, Rapti Municipality-12", "state": "exceeded", "r24": 65.0, "r72": 162.5, "authority": "Rural/Urban Municipality (Ward Committee)", "office": "Ward Committee under the Ward Chair; municipal executive (Mayor/Chair) above it", "legal_basis": "LGOA 2074 s.12(2)(c)(23) 'Remove floods, landslides in the roads'; s.12(2)(c)(21)-(22); Constitution of Nepal 2072 Sch. 8 item 11 read with LGOA 2074 s.11(1) and s.11(2)(\u091f)", "source": "chirps"}}, {"type": "Feature", "geometry": {"type": "Point", "coordinates": [84.66084, 27.6931]}, "properties": {"id": "55793", "title": "Landslide at Danetar, Kalika Municipality-11", "state": "exceeded", "r24": 63.6, "r72": 159.1, "authority": "Rural/Urban Municipality (Ward Committee)", "office": "Ward Committee under the Ward Chair; municipal executive (Mayor/Chair) above it", "legal_basis": "LGOA 2074 s.12(2)(c)(23) 'Remove floods, landslides in the roads'; s.12(2)(c)(21)-(22); Constitution of Nepal 2072 Sch. 8 item 11 read with LGOA 2074 s.11(1) and s.11(2)(\u091f)", "source": "chirps"}}, {"type": "Feature", "geometry": {"type": "Point", "coordinates": [84.06425, 28.04345]}, "properties": {"id": "55800", "title": "Landslide at Pahadi, Shuklagandaki Municipality-8", "state": "exceeded", "r24": 34.3, "r72": 205.9, "authority": "Rural/Urban Municipality (Ward Committee)", "office": "Ward Committee under the Ward Chair; municipal executive (Mayor/Chair) above it", "legal_basis": "LGOA 2074 s.12(2)(c)(23) 'Remove floods, landslides in the roads'; s.12(2)(c)(21)-(22); Constitution of Nepal 2072 Sch. 8 item 11 read with LGOA 2074 s.11(1) and s.11(2)(\u091f)", "source": "chirps"}}, {"type": "Feature", "geometry": {"type": "Point", "coordinates": [84.45291, 28.05538]}, "properties": {"id": "55802", "title": "Landslide at Gauriphat, Bhanu Municipality-8", "state": "exceeded", "r24": 38.6, "r72": 212.2, "authority": "Rural/Urban Municipality (Ward Committee)", "office": "Ward Committee under the Ward Chair; municipal executive (Mayor/Chair) above it", "legal_basis": "LGOA 2074 s.12(2)(c)(23) 'Remove floods, landslides in the roads'; s.12(2)(c)(21)-(22); Constitution of Nepal 2072 Sch. 8 item 11 read with LGOA 2074 s.11(1) and s.11(2)(\u091f)", "source": "chirps"}}, {"type": "Feature", "geometry": {"type": "Point", "coordinates": [84.54112, 28.04704]}, "properties": {"id": "55804", "title": "Landslide at Bijulidanda, Palungtar Municipality-2", "state": "exceeded", "r24": 36.4, "r72": 182.1, "authority": "Rural/Urban Municipality (Ward Committee)", "office": "Ward Committee under the Ward Chair; municipal executive (Mayor/Chair) above it", "legal_basis": "LGOA 2074 s.12(2)(c)(23) 'Remove floods, landslides in the roads'; s.12(2)(c)(21)-(22); Constitution of Nepal 2072 Sch. 8 item 11 read with LGOA 2074 s.11(1) and s.11(2)(\u091f)", "source": "chirps"}}, {"type": "Feature", "geometry": {"type": "Point", "coordinates": [84.63934, 28.08704]}, "properties": {"id": "55846", "title": "Landslide at Upallo gorahe, Siranchok Rural Municipality-7", "state": "exceeded", "r24": 27.2, "r72": 190.1, "authority": "Rural/Urban Municipality (Ward Committee)", "office": "Ward Committee under the Ward Chair; municipal executive (Mayor/Chair) above it", "legal_basis": "LGOA 2074 s.12(2)(c)(23) 'Remove floods, landslides in the roads'; s.12(2)(c)(21)-(22); Constitution of Nepal 2072 Sch. 8 item 11 read with LGOA 2074 s.11(1) and s.11(2)(\u091f)", "source": "chirps"}}, {"type": "Feature", "geometry": {"type": "Point", "coordinates": [85.33784, 27.71625]}, "properties": {"id": "55849", "title": "Landslide at Chhakdole, Kathmandu Metropolitan City-5", "state": "exceeded", "r24": 83.6, "r72": 188.0, "authority": "Rural/Urban Municipality (Ward Committee)", "office": "Ward Committee under the Ward Chair; municipal executive (Mayor/Chair) above it", "legal_basis": "LGOA 2074 s.12(2)(c)(23) 'Remove floods, landslides in the roads'; s.12(2)(c)(21)-(22); Constitution of Nepal 2072 Sch. 8 item 11 read with LGOA 2074 s.11(1) and s.11(2)(\u091f)", "source": "chirps"}}, {"type": "Feature", "geometry": {"type": "Point", "coordinates": [84.78594, 27.64598]}, "properties": {"id": "55850", "title": "Landslide at Charimara, Raksirang Rural Municipality-7", "state": "exceeded", "r24": 67.3, "r72": 168.2, "authority": "Rural/Urban Municipality (Ward Committee)", "office": "Ward Committee under the Ward Chair; municipal executive (Mayor/Chair) above it", "legal_basis": "LGOA 2074 s.12(2)(c)(23) 'Remove floods, landslides in the roads'; s.12(2)(c)(21)-(22); Constitution of Nepal 2072 Sch. 8 item 11 read with LGOA 2074 s.11(1) and s.11(2)(\u091f)", "source": "chirps"}}, {"type": "Feature", "geometry": {"type": "Point", "coordinates": [87.65274, 27.28101]}, "properties": {"id": "55892", "title": "Landslide at Aathrai Tribeni Rural Municipality-1", "state": "exceeded", "r24": 106.8, "r72": 142.4, "authority": "Rural/Urban Municipality (Ward Committee)", "office": "Ward Committee under the Ward Chair; municipal executive (Mayor/Chair) above it", "legal_basis": "LGOA 2074 s.12(2)(c)(23) 'Remove floods, landslides in the roads'; s.12(2)(c)(21)-(22); Constitution of Nepal 2072 Sch. 8 item 11 read with LGOA 2074 s.11(1) and s.11(2)(\u091f)", "source": "chirps"}}, {"type": "Feature", "geometry": {"type": "Point", "coordinates": [83.44557, 28.30463]}, "properties": {"id": "55904", "title": "Landslide at Pogram, Tara Khola Rural Municipality-2", "state": "approaching", "r24": 0.0, "r72": 124.2, "authority": "Rural/Urban Municipality (Ward Committee)", "office": "Ward Committee under the Ward Chair; municipal executive (Mayor/Chair) above it", "legal_basis": "LGOA 2074 s.12(2)(c)(23) 'Remove floods, landslides in the roads'; s.12(2)(c)(21)-(22); Constitution of Nepal 2072 Sch. 8 item 11 read with LGOA 2074 s.11(1) and s.11(2)(\u091f)", "source": "chirps"}}, {"type": "Feature", "geometry": {"type": "Point", "coordinates": [84.183, 27.92976]}, "properties": {"id": "55933", "title": "Landslide at Dadhiban, Rhishing Rural Municipality-7", "state": "exceeded", "r24": 40.6, "r72": 203.0, "authority": "Rural/Urban Municipality (Ward Committee)", "office": "Ward Committee under the Ward Chair; municipal executive (Mayor/Chair) above it", "legal_basis": "LGOA 2074 s.12(2)(c)(23) 'Remove floods, landslides in the roads'; s.12(2)(c)(21)-(22); Constitution of Nepal 2072 Sch. 8 item 11 read with LGOA 2074 s.11(1) and s.11(2)(\u091f)", "source": "chirps"}}, {"type": "Feature", "geometry": {"type": "Point", "coordinates": [86.15274, 27.6884]}, "properties": {"id": "55958", "title": "Landslide at Jungu, Gaurishankar Rural Municipality-2", "state": "exceeded", "r24": 79.8, "r72": 212.8, "authority": "Rural/Urban Municipality (Ward Committee)", "office": "Ward Committee under the Ward Chair; municipal executive (Mayor/Chair) above it", "legal_basis": "LGOA 2074 s.12(2)(c)(23) 'Remove floods, landslides in the roads'; s.12(2)(c)(21)-(22); Constitution of Nepal 2072 Sch. 8 item 11 read with LGOA 2074 s.11(1) and s.11(2)(\u091f)", "source": "chirps"}}, {"type": "Feature", "geometry": {"type": "Point", "coordinates": [85.31729, 27.93648]}, "properties": {"id": "55959", "title": "Landslide at Kharanitar, Tadi Rural Municipality-3", "state": "exceeded", "r24": 63.7, "r72": 159.4, "authority": "Rural/Urban Municipality (Ward Committee)", "office": "Ward Committee under the Ward Chair; municipal executive (Mayor/Chair) above it", "legal_basis": "LGOA 2074 s.12(2)(c)(23) 'Remove floods, landslides in the roads'; s.12(2)(c)(21)-(22); Constitution of Nepal 2072 Sch. 8 item 11 read with LGOA 2074 s.11(1) and s.11(2)(\u091f)", "source": "chirps"}}, {"type": "Feature", "geometry": {"type": "Point", "coordinates": [81.39995, 29.41351]}, "properties": {"id": "55962", "title": "Landslide at Olina, Badimalika Municipality-4", "state": "below", "r24": 0.0, "r72": 0.0, "authority": "Rural/Urban Municipality (Ward Committee)", "office": "Ward Committee under the Ward Chair; municipal executive (Mayor/Chair) above it", "legal_basis": "LGOA 2074 s.12(2)(c)(23) 'Remove floods, landslides in the roads'; s.12(2)(c)(21)-(22); Constitution of Nepal 2072 Sch. 8 item 11 read with LGOA 2074 s.11(1) and s.11(2)(\u091f)", "source": "chirps"}}, {"type": "Feature", "geometry": {"type": "Point", "coordinates": [86.03845, 27.66892]}, "properties": {"id": "55972", "title": "Landslide at Chithang, Bhimeshwor Municipality-6", "state": "exceeded", "r24": 81.6, "r72": 190.3, "authority": "Rural/Urban Municipality (Ward Committee)", "office": "Ward Committee under the Ward Chair; municipal executive (Mayor/Chair) above it", "legal_basis": "LGOA 2074 s.12(2)(c)(23) 'Remove floods, landslides in the roads'; s.12(2)(c)(21)-(22); Constitution of Nepal 2072 Sch. 8 item 11 read with LGOA 2074 s.11(1) and s.11(2)(\u091f)", "source": "chirps"}}, {"type": "Feature", "geometry": {"type": "Point", "coordinates": [85.2502, 27.98301]}, "properties": {"id": "56302", "title": "Landslide at kodadha, Naukunda Rural Municipality-5", "state": "exceeded", "r24": 48.6, "r72": 145.8, "authority": "Rural/Urban Municipality (Ward Committee)", "office": "Ward Committee under the Ward Chair; municipal executive (Mayor/Chair) above it", "legal_basis": "LGOA 2074 s.12(2)(c)(23) 'Remove floods, landslides in the roads'; s.12(2)(c)(21)-(22); Constitution of Nepal 2072 Sch. 8 item 11 read with LGOA 2074 s.11(1) and s.11(2)(\u091f)", "source": "chirps"}}, {"type": "Feature", "geometry": {"type": "Point", "coordinates": [85.26602, 27.82663]}, "properties": {"id": "56310", "title": "Landslide at OKharpauwa, Kakani Rural Municipality-5", "state": "exceeded", "r24": 79.1, "r72": 197.8, "authority": "Rural/Urban Municipality (Ward Committee)", "office": "Ward Committee under the Ward Chair; municipal executive (Mayor/Chair) above it", "legal_basis": "LGOA 2074 s.12(2)(c)(23) 'Remove floods, landslides in the roads'; s.12(2)(c)(21)-(22); Constitution of Nepal 2072 Sch. 8 item 11 read with LGOA 2074 s.11(1) and s.11(2)(\u091f)", "source": "chirps"}}, {"type": "Feature", "geometry": {"type": "Point", "coordinates": [81.49877, 28.60106]}, "properties": {"id": "56451", "title": "Landslide at pakpa, Barahtal Rural Municipality-2", "state": "below", "r24": 23.6, "r72": 23.6, "authority": "Rural/Urban Municipality (Ward Committee)", "office": "Ward Committee under the Ward Chair; municipal executive (Mayor/Chair) above it", "legal_basis": "LGOA 2074 s.12(2)(c)(23) 'Remove floods, landslides in the roads'; s.12(2)(c)(21)-(22); Constitution of Nepal 2072 Sch. 8 item 11 read with LGOA 2074 s.11(1) and s.11(2)(\u091f)", "source": "chirps"}}, {"type": "Feature", "geometry": {"type": "Point", "coordinates": [80.88122, 29.74334]}, "properties": {"id": "56492", "title": "Landslide at thada gholcjer, Marma Rural Municipality-1", "state": "below", "r24": 0.0, "r72": 25.4, "authority": "Rural/Urban Municipality (Ward Committee)", "office": "Ward Committee under the Ward Chair; municipal executive (Mayor/Chair) above it", "legal_basis": "LGOA 2074 s.12(2)(c)(23) 'Remove floods, landslides in the roads'; s.12(2)(c)(21)-(22); Constitution of Nepal 2072 Sch. 8 item 11 read with LGOA 2074 s.11(1) and s.11(2)(\u091f)", "source": "chirps"}}, {"type": "Feature", "geometry": {"type": "Point", "coordinates": [83.46343, 28.15032]}, "properties": {"id": "56529", "title": "Landslide at Bhirkatari, Bareng Rural Municipality-3", "state": "approaching", "r24": 0.0, "r72": 141.8, "authority": "Rural/Urban Municipality (Ward Committee)", "office": "Ward Committee under the Ward Chair; municipal executive (Mayor/Chair) above it", "legal_basis": "LGOA 2074 s.12(2)(c)(23) 'Remove floods, landslides in the roads'; s.12(2)(c)(21)-(22); Constitution of Nepal 2072 Sch. 8 item 11 read with LGOA 2074 s.11(1) and s.11(2)(\u091f)", "source": "chirps"}}, {"type": "Feature", "geometry": {"type": "Point", "coordinates": [80.65327, 29.22059]}, "properties": {"id": "56803", "title": "Landslide at Bhatkada, Ganayapdhura Rural Municipality-1", "state": "below", "r24": 0.0, "r72": 22.5, "authority": "Rural/Urban Municipality (Ward Committee)", "office": "Ward Committee under the Ward Chair; municipal executive (Mayor/Chair) above it", "legal_basis": "LGOA 2074 s.12(2)(c)(23) 'Remove floods, landslides in the roads'; s.12(2)(c)(21)-(22); Constitution of Nepal 2072 Sch. 8 item 11 read with LGOA 2074 s.11(1) and s.11(2)(\u091f)", "source": "chirps"}}, {"type": "Feature", "geometry": {"type": "Point", "coordinates": [81.9002, 29.05396]}, "properties": {"id": "56806", "title": "Landslide at yotha, Mahawai Rural Municipality-2", "state": "below", "r24": 0.0, "r72": 20.5, "authority": "Rural/Urban Municipality (Ward Committee)", "office": "Ward Committee under the Ward Chair; municipal executive (Mayor/Chair) above it", "legal_basis": "LGOA 2074 s.12(2)(c)(23) 'Remove floods, landslides in the roads'; s.12(2)(c)(21)-(22); Constitution of Nepal 2072 Sch. 8 item 11 read with LGOA 2074 s.11(1) and s.11(2)(\u091f)", "source": "chirps"}}, {"type": "Feature", "geometry": {"type": "Point", "coordinates": [81.20973, 29.52898]}, "properties": {"id": "56813", "title": "Landslide at JayaPrithivi Municipality-3", "state": "below", "r24": 0.0, "r72": 26.3, "authority": "Rural/Urban Municipality (Ward Committee)", "office": "Ward Committee under the Ward Chair; municipal executive (Mayor/Chair) above it", "legal_basis": "LGOA 2074 s.12(2)(c)(23) 'Remove floods, landslides in the roads'; s.12(2)(c)(21)-(22); Constitution of Nepal 2072 Sch. 8 item 11 read with LGOA 2074 s.11(1) and s.11(2)(\u091f)", "source": "chirps"}}, {"type": "Feature", "geometry": {"type": "Point", "coordinates": [81.18663, 29.54275]}, "properties": {"id": "56815", "title": "Landslide at JayaPrithivi Municipality-9", "state": "below", "r24": 0.0, "r72": 23.7, "authority": "Rural/Urban Municipality (Ward Committee)", "office": "Ward Committee under the Ward Chair; municipal executive (Mayor/Chair) above it", "legal_basis": "LGOA 2074 s.12(2)(c)(23) 'Remove floods, landslides in the roads'; s.12(2)(c)(21)-(22); Constitution of Nepal 2072 Sch. 8 item 11 read with LGOA 2074 s.11(1) and s.11(2)(\u091f)", "source": "chirps"}}, {"type": "Feature", "geometry": {"type": "Point", "coordinates": [87.23441, 27.26748]}, "properties": {"id": "56817", "title": "Landslide at Chainpur Municipality-11", "state": "approaching", "r24": 107.3, "r72": 143.1, "authority": "Rural/Urban Municipality (Ward Committee)", "office": "Ward Committee under the Ward Chair; municipal executive (Mayor/Chair) above it", "legal_basis": "LGOA 2074 s.12(2)(c)(23) 'Remove floods, landslides in the roads'; s.12(2)(c)(21)-(22); Constitution of Nepal 2072 Sch. 8 item 11 read with LGOA 2074 s.11(1) and s.11(2)(\u091f)", "source": "chirps"}}, {"type": "Feature", "geometry": {"type": "Point", "coordinates": [81.21947, 29.51579]}, "properties": {"id": "56818", "title": "Landslide at JayaPrithivi Municipality-2", "state": "below", "r24": 0.0, "r72": 26.3, "authority": "Rural/Urban Municipality (Ward Committee)", "office": "Ward Committee under the Ward Chair; municipal executive (Mayor/Chair) above it", "legal_basis": "LGOA 2074 s.12(2)(c)(23) 'Remove floods, landslides in the roads'; s.12(2)(c)(21)-(22); Constitution of Nepal 2072 Sch. 8 item 11 read with LGOA 2074 s.11(1) and s.11(2)(\u091f)", "source": "chirps"}}, {"type": "Feature", "geometry": {"type": "Point", "coordinates": [80.89194, 29.67056]}, "properties": {"id": "56828", "title": "Landslide at Bungal Municipality-6", "state": "below", "r24": 0.0, "r72": 26.4, "authority": "Rural/Urban Municipality (Ward Committee)", "office": "Ward Committee under the Ward Chair; municipal executive (Mayor/Chair) above it", "legal_basis": "LGOA 2074 s.12(2)(c)(23) 'Remove floods, landslides in the roads'; s.12(2)(c)(21)-(22); Constitution of Nepal 2072 Sch. 8 item 11 read with LGOA 2074 s.11(1) and s.11(2)(\u091f)", "source": "chirps"}}, {"type": "Feature", "geometry": {"type": "Point", "coordinates": [80.62971, 29.28286]}, "properties": {"id": "56832", "title": "Landslide at Tadipate, Amargadhi Municipality-1", "state": "below", "r24": 0.0, "r72": 20.8, "authority": "Rural/Urban Municipality (Ward Committee)", "office": "Ward Committee under the Ward Chair; municipal executive (Mayor/Chair) above it", "legal_basis": "LGOA 2074 s.12(2)(c)(23) 'Remove floods, landslides in the roads'; s.12(2)(c)(21)-(22); Constitution of Nepal 2072 Sch. 8 item 11 read with LGOA 2074 s.11(1) and s.11(2)(\u091f)", "source": "chirps"}}, {"type": "Feature", "geometry": {"type": "Point", "coordinates": [80.96148, 29.32169]}, "properties": {"id": "56835", "title": "Landslide at Aadarsha Rural Municipality-1", "state": "below", "r24": 0.0, "r72": 17.3, "authority": "Rural/Urban Municipality (Ward Committee)", "office": "Ward Committee under the Ward Chair; municipal executive (Mayor/Chair) above it", "legal_basis": "LGOA 2074 s.12(2)(c)(23) 'Remove floods, landslides in the roads'; s.12(2)(c)(21)-(22); Constitution of Nepal 2072 Sch. 8 item 11 read with LGOA 2074 s.11(1) and s.11(2)(\u091f)", "source": "chirps"}}, {"type": "Feature", "geometry": {"type": "Point", "coordinates": [80.8014, 29.32019]}, "properties": {"id": "56837", "title": "Landslide at Barbata, Shikhar Municipality-11", "state": "below", "r24": 0.0, "r72": 25.0, "authority": "Rural/Urban Municipality (Ward Committee)", "office": "Ward Committee under the Ward Chair; municipal executive (Mayor/Chair) above it", "legal_basis": "LGOA 2074 s.12(2)(c)(23) 'Remove floods, landslides in the roads'; s.12(2)(c)(21)-(22); Constitution of Nepal 2072 Sch. 8 item 11 read with LGOA 2074 s.11(1) and s.11(2)(\u091f)", "source": "chirps"}}, {"type": "Feature", "geometry": {"type": "Point", "coordinates": [81.02742, 28.48246]}, "properties": {"id": "56839", "title": "Landslide at khirejagatol, Bhajani Municipality-8", "state": "below", "r24": 0.0, "r72": 65.2, "authority": "Rural/Urban Municipality (Ward Committee)", "office": "Ward Committee under the Ward Chair; municipal executive (Mayor/Chair) above it", "legal_basis": "LGOA 2074 s.12(2)(c)(23) 'Remove floods, landslides in the roads'; s.12(2)(c)(21)-(22); Constitution of Nepal 2072 Sch. 8 item 11 read with LGOA 2074 s.11(1) and s.11(2)(\u091f)", "source": "chirps"}}, {"type": "Feature", "geometry": {"type": "Point", "coordinates": [81.88297, 29.52969]}, "properties": {"id": "56841", "title": "Landslide at pikhu, Khatyad Rural Municipality-4", "state": "below", "r24": 0.0, "r72": 0.0, "authority": "Rural/Urban Municipality (Ward Committee)", "office": "Ward Committee under the Ward Chair; municipal executive (Mayor/Chair) above it", "legal_basis": "LGOA 2074 s.12(2)(c)(23) 'Remove floods, landslides in the roads'; s.12(2)(c)(21)-(22); Constitution of Nepal 2072 Sch. 8 item 11 read with LGOA 2074 s.11(1) and s.11(2)(\u091f)", "source": "chirps"}}, {"type": "Feature", "geometry": {"type": "Point", "coordinates": [82.07936, 30.05131]}, "properties": {"id": "56842", "title": "Landslide at Kharegaun, Kharpunath Rural Municipality-5", "state": "below", "r24": 0.0, "r72": 0.0, "authority": "Rural/Urban Municipality (Ward Committee)", "office": "Ward Committee under the Ward Chair; municipal executive (Mayor/Chair) above it", "legal_basis": "LGOA 2074 s.12(2)(c)(23) 'Remove floods, landslides in the roads'; s.12(2)(c)(21)-(22); Constitution of Nepal 2072 Sch. 8 item 11 read with LGOA 2074 s.11(1) and s.11(2)(\u091f)", "source": "chirps"}}, {"type": "Feature", "geometry": {"type": "Point", "coordinates": [80.36566, 29.43426]}, "properties": {"id": "56845", "title": "Landslide at Shivanath Rural Municipality-5", "state": "below", "r24": 0.0, "r72": 22.8, "authority": "Rural/Urban Municipality (Ward Committee)", "office": "Ward Committee under the Ward Chair; municipal executive (Mayor/Chair) above it", "legal_basis": "LGOA 2074 s.12(2)(c)(23) 'Remove floods, landslides in the roads'; s.12(2)(c)(21)-(22); Constitution of Nepal 2072 Sch. 8 item 11 read with LGOA 2074 s.11(1) and s.11(2)(\u091f)", "source": "chirps"}}, {"type": "Feature", "geometry": {"type": "Point", "coordinates": [81.33911, 29.36016]}, "properties": {"id": "56848", "title": "Landslide at Budhiganga Municipality-6", "state": "below", "r24": 0.0, "r72": 25.5, "authority": "Rural/Urban Municipality (Ward Committee)", "office": "Ward Committee under the Ward Chair; municipal executive (Mayor/Chair) above it", "legal_basis": "LGOA 2074 s.12(2)(c)(23) 'Remove floods, landslides in the roads'; s.12(2)(c)(21)-(22); Constitution of Nepal 2072 Sch. 8 item 11 read with LGOA 2074 s.11(1) and s.11(2)(\u091f)", "source": "chirps"}}, {"type": "Feature", "geometry": {"type": "Point", "coordinates": [87.15734, 27.07801]}, "properties": {"id": "56857", "title": "Landslide at khesang, Pauwadungma Rural Municipality-6", "state": "below", "r24": 43.5, "r72": 108.8, "authority": "Rural/Urban Municipality (Ward Committee)", "office": "Ward Committee under the Ward Chair; municipal executive (Mayor/Chair) above it", "legal_basis": "LGOA 2074 s.12(2)(c)(23) 'Remove floods, landslides in the roads'; s.12(2)(c)(21)-(22); Constitution of Nepal 2072 Sch. 8 item 11 read with LGOA 2074 s.11(1) and s.11(2)(\u091f)", "source": "chirps"}}, {"type": "Feature", "geometry": {"type": "Point", "coordinates": [81.16751, 29.46357]}, "properties": {"id": "56875", "title": "Landslide at pasalbagar, Khaptadchhanna Rural Municipality-4", "state": "below", "r24": 0.0, "r72": 26.8, "authority": "Rural/Urban Municipality (Ward Committee)", "office": "Ward Committee under the Ward Chair; municipal executive (Mayor/Chair) above it", "legal_basis": "LGOA 2074 s.12(2)(c)(23) 'Remove floods, landslides in the roads'; s.12(2)(c)(21)-(22); Constitution of Nepal 2072 Sch. 8 item 11 read with LGOA 2074 s.11(1) and s.11(2)(\u091f)", "source": "chirps"}}, {"type": "Feature", "geometry": {"type": "Point", "coordinates": [81.01426, 29.34904]}, "properties": {"id": "56879", "title": "Landslide at Sayal Rural Municipality-4", "state": "below", "r24": 0.0, "r72": 19.6, "authority": "Rural/Urban Municipality (Ward Committee)", "office": "Ward Committee under the Ward Chair; municipal executive (Mayor/Chair) above it", "legal_basis": "LGOA 2074 s.12(2)(c)(23) 'Remove floods, landslides in the roads'; s.12(2)(c)(21)-(22); Constitution of Nepal 2072 Sch. 8 item 11 read with LGOA 2074 s.11(1) and s.11(2)(\u091f)", "source": "chirps"}}, {"type": "Feature", "geometry": {"type": "Point", "coordinates": [81.83402, 29.92569]}, "properties": {"id": "56881", "title": "Landslide at Kharpunath Rural Municipality-4", "state": "below", "r24": 0.0, "r72": 0.0, "authority": "Rural/Urban Municipality (Ward Committee)", "office": "Ward Committee under the Ward Chair; municipal executive (Mayor/Chair) above it", "legal_basis": "LGOA 2074 s.12(2)(c)(23) 'Remove floods, landslides in the roads'; s.12(2)(c)(21)-(22); Constitution of Nepal 2072 Sch. 8 item 11 read with LGOA 2074 s.11(1) and s.11(2)(\u091f)", "source": "chirps"}}, {"type": "Feature", "geometry": {"type": "Point", "coordinates": [80.67491, 29.28363]}, "properties": {"id": "56888", "title": "Landslide at Ganayapdhura Rural Municipality-2", "state": "below", "r24": 0.0, "r72": 20.2, "authority": "Rural/Urban Municipality (Ward Committee)", "office": "Ward Committee under the Ward Chair; municipal executive (Mayor/Chair) above it", "legal_basis": "LGOA 2074 s.12(2)(c)(23) 'Remove floods, landslides in the roads'; s.12(2)(c)(21)-(22); Constitution of Nepal 2072 Sch. 8 item 11 read with LGOA 2074 s.11(1) and s.11(2)(\u091f)", "source": "chirps"}}, {"type": "Feature", "geometry": {"type": "Point", "coordinates": [80.48717, 29.30161]}, "properties": {"id": "56889", "title": "Landslide at Bhageshwar Rural Municipality-4", "state": "below", "r24": 0.0, "r72": 25.8, "authority": "Rural/Urban Municipality (Ward Committee)", "office": "Ward Committee under the Ward Chair; municipal executive (Mayor/Chair) above it", "legal_basis": "LGOA 2074 s.12(2)(c)(23) 'Remove floods, landslides in the roads'; s.12(2)(c)(21)-(22); Constitution of Nepal 2072 Sch. 8 item 11 read with LGOA 2074 s.11(1) and s.11(2)(\u091f)", "source": "chirps"}}, {"type": "Feature", "geometry": {"type": "Point", "coordinates": [81.49592, 29.49622]}, "properties": {"id": "56893", "title": "Landslide at siradi, Badimalika Municipality-3", "state": "below", "r24": 0.0, "r72": 0.0, "authority": "Rural/Urban Municipality (Ward Committee)", "office": "Ward Committee under the Ward Chair; municipal executive (Mayor/Chair) above it", "legal_basis": "LGOA 2074 s.12(2)(c)(23) 'Remove floods, landslides in the roads'; s.12(2)(c)(21)-(22); Constitution of Nepal 2072 Sch. 8 item 11 read with LGOA 2074 s.11(1) and s.11(2)(\u091f)", "source": "chirps"}}, {"type": "Feature", "geometry": {"type": "Point", "coordinates": [87.76941, 27.0291]}, "properties": {"id": "56913", "title": "Landslide at Falgunanda Rural Municipality-4", "state": "approaching", "r24": 28.6, "r72": 143.1, "authority": "Rural/Urban Municipality (Ward Committee)", "office": "Ward Committee under the Ward Chair; municipal executive (Mayor/Chair) above it", "legal_basis": "LGOA 2074 s.12(2)(c)(23) 'Remove floods, landslides in the roads'; s.12(2)(c)(21)-(22); Constitution of Nepal 2072 Sch. 8 item 11 read with LGOA 2074 s.11(1) and s.11(2)(\u091f)", "source": "chirps"}}, {"type": "Feature", "geometry": {"type": "Point", "coordinates": [87.67289, 26.92558]}, "properties": {"id": "56923", "title": "Landslide at Miklajung Rural Municipality-4", "state": "approaching", "r24": 54.1, "r72": 135.1, "authority": "Rural/Urban Municipality (Ward Committee)", "office": "Ward Committee under the Ward Chair; municipal executive (Mayor/Chair) above it", "legal_basis": "LGOA 2074 s.12(2)(c)(23) 'Remove floods, landslides in the roads'; s.12(2)(c)(21)-(22); Constitution of Nepal 2072 Sch. 8 item 11 read with LGOA 2074 s.11(1) and s.11(2)(\u091f)", "source": "chirps"}}, {"type": "Feature", "geometry": {"type": "Point", "coordinates": [87.76469, 27.08718]}, "properties": {"id": "56924", "title": "Landslide at Phidim Municipality-6", "state": "exceeded", "r24": 52.4, "r72": 157.3, "authority": "Rural/Urban Municipality (Ward Committee)", "office": "Ward Committee under the Ward Chair; municipal executive (Mayor/Chair) above it", "legal_basis": "LGOA 2074 s.12(2)(c)(23) 'Remove floods, landslides in the roads'; s.12(2)(c)(21)-(22); Constitution of Nepal 2072 Sch. 8 item 11 read with LGOA 2074 s.11(1) and s.11(2)(\u091f)", "source": "chirps"}}, {"type": "Feature", "geometry": {"type": "Point", "coordinates": [87.67077, 26.892]}, "properties": {"id": "56927", "title": "Landslide at Miklajung Rural Municipality-5", "state": "approaching", "r24": 53.4, "r72": 133.5, "authority": "Rural/Urban Municipality (Ward Committee)", "office": "Ward Committee under the Ward Chair; municipal executive (Mayor/Chair) above it", "legal_basis": "LGOA 2074 s.12(2)(c)(23) 'Remove floods, landslides in the roads'; s.12(2)(c)(21)-(22); Constitution of Nepal 2072 Sch. 8 item 11 read with LGOA 2074 s.11(1) and s.11(2)(\u091f)", "source": "chirps"}}, {"type": "Feature", "geometry": {"type": "Point", "coordinates": [87.64584, 27.02479]}, "properties": {"id": "56928", "title": "Landslide at Kummayak Rural Municipality-2", "state": "approaching", "r24": 61.8, "r72": 144.1, "authority": "Rural/Urban Municipality (Ward Committee)", "office": "Ward Committee under the Ward Chair; municipal executive (Mayor/Chair) above it", "legal_basis": "LGOA 2074 s.12(2)(c)(23) 'Remove floods, landslides in the roads'; s.12(2)(c)(21)-(22); Constitution of Nepal 2072 Sch. 8 item 11 read with LGOA 2074 s.11(1) and s.11(2)(\u091f)", "source": "chirps"}}, {"type": "Feature", "geometry": {"type": "Point", "coordinates": [87.66401, 26.9807]}, "properties": {"id": "56934", "title": "Landslide at Miklajung Rural Municipality-2", "state": "exceeded", "r24": 71.8, "r72": 167.5, "authority": "Rural/Urban Municipality (Ward Committee)", "office": "Ward Committee under the Ward Chair; municipal executive (Mayor/Chair) above it", "legal_basis": "LGOA 2074 s.12(2)(c)(23) 'Remove floods, landslides in the roads'; s.12(2)(c)(21)-(22); Constitution of Nepal 2072 Sch. 8 item 11 read with LGOA 2074 s.11(1) and s.11(2)(\u091f)", "source": "chirps"}}, {"type": "Feature", "geometry": {"type": "Point", "coordinates": [80.84693, 29.49805]}, "properties": {"id": "56940", "title": "Landslide at Subakot, Bithadchir Rural Municipality-7", "state": "below", "r24": 0.0, "r72": 40.3, "authority": "Rural/Urban Municipality (Ward Committee)", "office": "Ward Committee under the Ward Chair; municipal executive (Mayor/Chair) above it", "legal_basis": "LGOA 2074 s.12(2)(c)(23) 'Remove floods, landslides in the roads'; s.12(2)(c)(21)-(22); Constitution of Nepal 2072 Sch. 8 item 11 read with LGOA 2074 s.11(1) and s.11(2)(\u091f)", "source": "chirps"}}, {"type": "Feature", "geometry": {"type": "Point", "coordinates": [87.69045, 26.85323]}, "properties": {"id": "56954", "title": "Landslide at Chisopani, Mangsebung Rural Municipality-6", "state": "approaching", "r24": 53.4, "r72": 133.5, "authority": "Rural/Urban Municipality (Ward Committee)", "office": "Ward Committee under the Ward Chair; municipal executive (Mayor/Chair) above it", "legal_basis": "LGOA 2074 s.12(2)(c)(23) 'Remove floods, landslides in the roads'; s.12(2)(c)(21)-(22); Constitution of Nepal 2072 Sch. 8 item 11 read with LGOA 2074 s.11(1) and s.11(2)(\u091f)", "source": "chirps"}}, {"type": "Feature", "geometry": {"type": "Point", "coordinates": [87.73249, 26.96219]}, "properties": {"id": "56955", "title": "Landslide at Salleri, Fakphokthum Rural Municipality-3", "state": "exceeded", "r24": 64.2, "r72": 160.6, "authority": "Rural/Urban Municipality (Ward Committee)", "office": "Ward Committee under the Ward Chair; municipal executive (Mayor/Chair) above it", "legal_basis": "LGOA 2074 s.12(2)(c)(23) 'Remove floods, landslides in the roads'; s.12(2)(c)(21)-(22); Constitution of Nepal 2072 Sch. 8 item 11 read with LGOA 2074 s.11(1) and s.11(2)(\u091f)", "source": "chirps"}}, {"type": "Feature", "geometry": {"type": "Point", "coordinates": [87.84018, 26.97513]}, "properties": {"id": "56958", "title": "Landslide at Lutimaya, Deumai Municipality-2", "state": "approaching", "r24": 61.5, "r72": 153.8, "authority": "Rural/Urban Municipality (Ward Committee)", "office": "Ward Committee under the Ward Chair; municipal executive (Mayor/Chair) above it", "legal_basis": "LGOA 2074 s.12(2)(c)(23) 'Remove floods, landslides in the roads'; s.12(2)(c)(21)-(22); Constitution of Nepal 2072 Sch. 8 item 11 read with LGOA 2074 s.11(1) and s.11(2)(\u091f)", "source": "chirps"}}, {"type": "Feature", "geometry": {"type": "Point", "coordinates": [87.26524, 26.4361]}, "properties": {"id": "56959", "title": "Landslide at Biratnagar Metropolitan City-12", "state": "approaching", "r24": 67.9, "r72": 135.8, "authority": "Rural/Urban Municipality (Ward Committee)", "office": "Ward Committee under the Ward Chair; municipal executive (Mayor/Chair) above it", "legal_basis": "LGOA 2074 s.12(2)(c)(23) 'Remove floods, landslides in the roads'; s.12(2)(c)(21)-(22); Constitution of Nepal 2072 Sch. 8 item 11 read with LGOA 2074 s.11(1) and s.11(2)(\u091f)", "source": "chirps"}}, {"type": "Feature", "geometry": {"type": "Point", "coordinates": [87.11162, 26.56616]}, "properties": {"id": "56962", "title": "Landslide at Bhokraha Rural Municipality-7", "state": "exceeded", "r24": 99.1, "r72": 173.4, "authority": "Rural/Urban Municipality (Ward Committee)", "office": "Ward Committee under the Ward Chair; municipal executive (Mayor/Chair) above it", "legal_basis": "LGOA 2074 s.12(2)(c)(23) 'Remove floods, landslides in the roads'; s.12(2)(c)(21)-(22); Constitution of Nepal 2072 Sch. 8 item 11 read with LGOA 2074 s.11(1) and s.11(2)(\u091f)", "source": "chirps"}}, {"type": "Feature", "geometry": {"type": "Point", "coordinates": [87.2888, 26.7075]}, "properties": {"id": "56963", "title": "Landslide at Itahari Submetropolitan City-2", "state": "exceeded", "r24": 120.2, "r72": 192.4, "authority": "Rural/Urban Municipality (Ward Committee)", "office": "Ward Committee under the Ward Chair; municipal executive (Mayor/Chair) above it", "legal_basis": "LGOA 2074 s.12(2)(c)(23) 'Remove floods, landslides in the roads'; s.12(2)(c)(21)-(22); Constitution of Nepal 2072 Sch. 8 item 11 read with LGOA 2074 s.11(1) and s.11(2)(\u091f)", "source": "chirps"}}, {"type": "Feature", "geometry": {"type": "Point", "coordinates": [87.26313, 26.67314]}, "properties": {"id": "56965", "title": "Landslide at Itahari Submetropolitan City-5", "state": "exceeded", "r24": 111.1, "r72": 177.8, "authority": "Rural/Urban Municipality (Ward Committee)", "office": "Ward Committee under the Ward Chair; municipal executive (Mayor/Chair) above it", "legal_basis": "LGOA 2074 s.12(2)(c)(23) 'Remove floods, landslides in the roads'; s.12(2)(c)(21)-(22); Constitution of Nepal 2072 Sch. 8 item 11 read with LGOA 2074 s.11(1) and s.11(2)(\u091f)", "source": "chirps"}}, {"type": "Feature", "geometry": {"type": "Point", "coordinates": [80.97972, 29.4405]}, "properties": {"id": "56970", "title": "Landslide at Dhikla, Thalara Rural Municipality-4", "state": "below", "r24": 0.0, "r72": 24.9, "authority": "Rural/Urban Municipality (Ward Committee)", "office": "Ward Committee under the Ward Chair; municipal executive (Mayor/Chair) above it", "legal_basis": "LGOA 2074 s.12(2)(c)(23) 'Remove floods, landslides in the roads'; s.12(2)(c)(21)-(22); Constitution of Nepal 2072 Sch. 8 item 11 read with LGOA 2074 s.11(1) and s.11(2)(\u091f)", "source": "chirps"}}, {"type": "Feature", "geometry": {"type": "Point", "coordinates": [80.96057, 29.16233]}, "properties": {"id": "56982", "title": "Landslide at Gauradi, K I Singh Rural Municipality-4", "state": "below", "r24": 0.0, "r72": 29.1, "authority": "Rural/Urban Municipality (Ward Committee)", "office": "Ward Committee under the Ward Chair; municipal executive (Mayor/Chair) above it", "legal_basis": "LGOA 2074 s.12(2)(c)(23) 'Remove floods, landslides in the roads'; s.12(2)(c)(21)-(22); Constitution of Nepal 2072 Sch. 8 item 11 read with LGOA 2074 s.11(1) and s.11(2)(\u091f)", "source": "chirps"}}, {"type": "Feature", "geometry": {"type": "Point", "coordinates": [84.38855, 28.19372]}, "properties": {"id": "59542", "title": "Landslide at Chisapani, Besishahar Municipality-2", "state": "exceeded", "r24": 38.5, "r72": 230.8, "authority": "Rural/Urban Municipality (Ward Committee)", "office": "Ward Committee under the Ward Chair; municipal executive (Mayor/Chair) above it", "legal_basis": "LGOA 2074 s.12(2)(c)(23) 'Remove floods, landslides in the roads'; s.12(2)(c)(21)-(22); Constitution of Nepal 2072 Sch. 8 item 11 read with LGOA 2074 s.11(1) and s.11(2)(\u091f)", "source": "chirps"}}, {"type": "Feature", "geometry": {"type": "Point", "coordinates": [84.31765, 28.23844]}, "properties": {"id": "59543", "title": "Landslide at Baglungpani, Kwholasothar Rural Municipality-1", "state": "exceeded", "r24": 60.8, "r72": 273.4, "authority": "Rural/Urban Municipality (Ward Committee)", "office": "Ward Committee under the Ward Chair; municipal executive (Mayor/Chair) above it", "legal_basis": "LGOA 2074 s.12(2)(c)(23) 'Remove floods, landslides in the roads'; s.12(2)(c)(21)-(22); Constitution of Nepal 2072 Sch. 8 item 11 read with LGOA 2074 s.11(1) and s.11(2)(\u091f)", "source": "chirps"}}, {"type": "Feature", "geometry": {"type": "Point", "coordinates": [84.54549, 28.12391]}, "properties": {"id": "59548", "title": "Landslide at Borangkhola, Rainas Municipality-1", "state": "exceeded", "r24": 54.2, "r72": 216.8, "authority": "Rural/Urban Municipality (Ward Committee)", "office": "Ward Committee under the Ward Chair; municipal executive (Mayor/Chair) above it", "legal_basis": "LGOA 2074 s.12(2)(c)(23) 'Remove floods, landslides in the roads'; s.12(2)(c)(21)-(22); Constitution of Nepal 2072 Sch. 8 item 11 read with LGOA 2074 s.11(1) and s.11(2)(\u091f)", "source": "chirps"}}, {"type": "Feature", "geometry": {"type": "Point", "coordinates": [81.75202, 29.03629]}, "properties": {"id": "59626", "title": "Landslide at Dillikote, Mahawai Rural Municipality-4", "state": "below", "r24": 0.0, "r72": 0.0, "authority": "Rural/Urban Municipality (Ward Committee)", "office": "Ward Committee under the Ward Chair; municipal executive (Mayor/Chair) above it", "legal_basis": "LGOA 2074 s.12(2)(c)(23) 'Remove floods, landslides in the roads'; s.12(2)(c)(21)-(22); Constitution of Nepal 2072 Sch. 8 item 11 read with LGOA 2074 s.11(1) and s.11(2)(\u091f)", "source": "chirps"}}, {"type": "Feature", "geometry": {"type": "Point", "coordinates": [83.90618, 28.33854]}, "properties": {"id": "59631", "title": "Landslide at Machhapuchchhre Rural Municipality-5", "state": "exceeded", "r24": 42.7, "r72": 298.9, "authority": "Rural/Urban Municipality (Ward Committee)", "office": "Ward Committee under the Ward Chair; municipal executive (Mayor/Chair) above it", "legal_basis": "LGOA 2074 s.12(2)(c)(23) 'Remove floods, landslides in the roads'; s.12(2)(c)(21)-(22); Constitution of Nepal 2072 Sch. 8 item 11 read with LGOA 2074 s.11(1) and s.11(2)(\u091f)", "source": "chirps"}}, {"type": "Feature", "geometry": {"type": "Point", "coordinates": [83.92798, 28.3124]}, "properties": {"id": "59634", "title": "Landslide at Machhapuchchhre Rural Municipality-4", "state": "exceeded", "r24": 42.7, "r72": 298.9, "authority": "Rural/Urban Municipality (Ward Committee)", "office": "Ward Committee under the Ward Chair; municipal executive (Mayor/Chair) above it", "legal_basis": "LGOA 2074 s.12(2)(c)(23) 'Remove floods, landslides in the roads'; s.12(2)(c)(21)-(22); Constitution of Nepal 2072 Sch. 8 item 11 read with LGOA 2074 s.11(1) and s.11(2)(\u091f)", "source": "chirps"}}, {"type": "Feature", "geometry": {"type": "Point", "coordinates": [83.45941, 27.68143]}, "properties": {"id": "59652", "title": "Landslide at Majhgaun, Butwal Submetropolitan City-11", "state": "exceeded", "r24": 44.8, "r72": 246.4, "authority": "Rural/Urban Municipality (Ward Committee)", "office": "Ward Committee under the Ward Chair; municipal executive (Mayor/Chair) above it", "legal_basis": "LGOA 2074 s.12(2)(c)(23) 'Remove floods, landslides in the roads'; s.12(2)(c)(21)-(22); Constitution of Nepal 2072 Sch. 8 item 11 read with LGOA 2074 s.11(1) and s.11(2)(\u091f)", "source": "chirps"}}, {"type": "Feature", "geometry": {"type": "Point", "coordinates": [82.8124, 27.5141]}, "properties": {"id": "59654", "title": "Landslide at Simara, Krishnanagar Municipality-1", "state": "exceeded", "r24": 16.1, "r72": 160.7, "authority": "Rural/Urban Municipality (Ward Committee)", "office": "Ward Committee under the Ward Chair; municipal executive (Mayor/Chair) above it", "legal_basis": "LGOA 2074 s.12(2)(c)(23) 'Remove floods, landslides in the roads'; s.12(2)(c)(21)-(22); Constitution of Nepal 2072 Sch. 8 item 11 read with LGOA 2074 s.11(1) and s.11(2)(\u091f)", "source": "chirps"}}, {"type": "Feature", "geometry": {"type": "Point", "coordinates": [82.12546, 28.93763]}, "properties": {"id": "59666", "title": "Landslide at Lata, Kuse Rural Municipality-8", "state": "below", "r24": 0.0, "r72": 0.0, "authority": "Rural/Urban Municipality (Ward Committee)", "office": "Ward Committee under the Ward Chair; municipal executive (Mayor/Chair) above it", "legal_basis": "LGOA 2074 s.12(2)(c)(23) 'Remove floods, landslides in the roads'; s.12(2)(c)(21)-(22); Constitution of Nepal 2072 Sch. 8 item 11 read with LGOA 2074 s.11(1) and s.11(2)(\u091f)", "source": "chirps"}}, {"type": "Feature", "geometry": {"type": "Point", "coordinates": [83.46506, 27.68902]}, "properties": {"id": "59669", "title": "Landslide at Milanchong, Butwal Submetropolitan City-9", "state": "exceeded", "r24": 44.8, "r72": 246.4, "authority": "Rural/Urban Municipality (Ward Committee)", "office": "Ward Committee under the Ward Chair; municipal executive (Mayor/Chair) above it", "legal_basis": "LGOA 2074 s.12(2)(c)(23) 'Remove floods, landslides in the roads'; s.12(2)(c)(21)-(22); Constitution of Nepal 2072 Sch. 8 item 11 read with LGOA 2074 s.11(1) and s.11(2)(\u091f)", "source": "chirps"}}, {"type": "Feature", "geometry": {"type": "Point", "coordinates": [87.42634, 27.19806]}, "properties": {"id": "59681", "title": "Landslide at Mahabir, Dharmadevi Municipality-1", "state": "exceeded", "r24": 125.6, "r72": 167.5, "authority": "Rural/Urban Municipality (Ward Committee)", "office": "Ward Committee under the Ward Chair; municipal executive (Mayor/Chair) above it", "legal_basis": "LGOA 2074 s.12(2)(c)(23) 'Remove floods, landslides in the roads'; s.12(2)(c)(21)-(22); Constitution of Nepal 2072 Sch. 8 item 11 read with LGOA 2074 s.11(1) and s.11(2)(\u091f)", "source": "chirps"}}, {"type": "Feature", "geometry": {"type": "Point", "coordinates": [82.96988, 28.2048]}, "properties": {"id": "59686", "title": "Landslide at Liwang, Gaumukhi Rural Municipality-6", "state": "exceeded", "r24": 0.0, "r72": 142.8, "authority": "Rural/Urban Municipality (Ward Committee)", "office": "Ward Committee under the Ward Chair; municipal executive (Mayor/Chair) above it", "legal_basis": "LGOA 2074 s.12(2)(c)(23) 'Remove floods, landslides in the roads'; s.12(2)(c)(21)-(22); Constitution of Nepal 2072 Sch. 8 item 11 read with LGOA 2074 s.11(1) and s.11(2)(\u091f)", "source": "chirps"}}, {"type": "Feature", "geometry": {"type": "Point", "coordinates": [83.1103, 28.24155]}, "properties": {"id": "59694", "title": "Landslide at Jaluke, Malika Rural Municipality-3", "state": "exceeded", "r24": 0.0, "r72": 176.3, "authority": "Rural/Urban Municipality (Ward Committee)", "office": "Ward Committee under the Ward Chair; municipal executive (Mayor/Chair) above it", "legal_basis": "LGOA 2074 s.12(2)(c)(23) 'Remove floods, landslides in the roads'; s.12(2)(c)(21)-(22); Constitution of Nepal 2072 Sch. 8 item 11 read with LGOA 2074 s.11(1) and s.11(2)(\u091f)", "source": "chirps"}}, {"type": "Feature", "geometry": {"type": "Point", "coordinates": [81.95469, 29.35498]}, "properties": {"id": "59941", "title": "Landslide at Chulegum, Sinja Rural Municipality-2", "state": "below", "r24": 0.0, "r72": 17.4, "authority": "Rural/Urban Municipality (Ward Committee)", "office": "Ward Committee under the Ward Chair; municipal executive (Mayor/Chair) above it", "legal_basis": "LGOA 2074 s.12(2)(c)(23) 'Remove floods, landslides in the roads'; s.12(2)(c)(21)-(22); Constitution of Nepal 2072 Sch. 8 item 11 read with LGOA 2074 s.11(1) and s.11(2)(\u091f)", "source": "chirps"}}, {"type": "Feature", "geometry": {"type": "Point", "coordinates": [83.88254, 28.09841]}, "properties": {"id": "59943", "title": "Landslide at Kumalaganu, Putalibazar Municipality-3", "state": "exceeded", "r24": 43.1, "r72": 215.4, "authority": "Rural/Urban Municipality (Ward Committee)", "office": "Ward Committee under the Ward Chair; municipal executive (Mayor/Chair) above it", "legal_basis": "LGOA 2074 s.12(2)(c)(23) 'Remove floods, landslides in the roads'; s.12(2)(c)(21)-(22); Constitution of Nepal 2072 Sch. 8 item 11 read with LGOA 2074 s.11(1) and s.11(2)(\u091f)", "source": "chirps"}}, {"type": "Feature", "geometry": {"type": "Point", "coordinates": [82.76336, 29.03232]}, "properties": {"id": "59973", "title": "Landslide at Chughat, Tripurasundari Municipality-9", "state": "below", "r24": 0.0, "r72": 93.1, "authority": "Rural/Urban Municipality (Ward Committee)", "office": "Ward Committee under the Ward Chair; municipal executive (Mayor/Chair) above it", "legal_basis": "LGOA 2074 s.12(2)(c)(23) 'Remove floods, landslides in the roads'; s.12(2)(c)(21)-(22); Constitution of Nepal 2072 Sch. 8 item 11 read with LGOA 2074 s.11(1) and s.11(2)(\u091f)", "source": "chirps"}}, {"type": "Feature", "geometry": {"type": "Point", "coordinates": [81.49964, 28.85778]}, "properties": {"id": "59975", "title": "Landslide at Bhulu, Turmakhad Rural Municipality-2", "state": "below", "r24": 25.3, "r72": 25.3, "authority": "Rural/Urban Municipality (Ward Committee)", "office": "Ward Committee under the Ward Chair; municipal executive (Mayor/Chair) above it", "legal_basis": "LGOA 2074 s.12(2)(c)(23) 'Remove floods, landslides in the roads'; s.12(2)(c)(21)-(22); Constitution of Nepal 2072 Sch. 8 item 11 read with LGOA 2074 s.11(1) and s.11(2)(\u091f)", "source": "chirps"}}, {"type": "Feature", "geometry": {"type": "Point", "coordinates": [81.50775, 28.90082]}, "properties": {"id": "59977", "title": "Landslide at Gangetara, Chamunda Bindrasaini Municipality-7", "state": "below", "r24": 23.8, "r72": 23.8, "authority": "Rural/Urban Municipality (Ward Committee)", "office": "Ward Committee under the Ward Chair; municipal executive (Mayor/Chair) above it", "legal_basis": "LGOA 2074 s.12(2)(c)(23) 'Remove floods, landslides in the roads'; s.12(2)(c)(21)-(22); Constitution of Nepal 2072 Sch. 8 item 11 read with LGOA 2074 s.11(1) and s.11(2)(\u091f)", "source": "chirps"}}, {"type": "Feature", "geometry": {"type": "Point", "coordinates": [86.11389, 27.42722]}, "properties": {"id": "59985", "title": "Landslide at Tilpung, Likhu Tamakoshi Rural Municipality-7", "state": "approaching", "r24": 73.4, "r72": 128.4, "authority": "Rural/Urban Municipality (Ward Committee)", "office": "Ward Committee under the Ward Chair; municipal executive (Mayor/Chair) above it", "legal_basis": "LGOA 2074 s.12(2)(c)(23) 'Remove floods, landslides in the roads'; s.12(2)(c)(21)-(22); Constitution of Nepal 2072 Sch. 8 item 11 read with LGOA 2074 s.11(1) and s.11(2)(\u091f)", "source": "chirps"}}, {"type": "Feature", "geometry": {"type": "Point", "coordinates": [85.7458, 27.65515]}, "properties": {"id": "59988", "title": "Landslide at Saping, Bhumlu Rural Municipality-1", "state": "exceeded", "r24": 67.1, "r72": 179.0, "authority": "Rural/Urban Municipality (Ward Committee)", "office": "Ward Committee under the Ward Chair; municipal executive (Mayor/Chair) above it", "legal_basis": "LGOA 2074 s.12(2)(c)(23) 'Remove floods, landslides in the roads'; s.12(2)(c)(21)-(22); Constitution of Nepal 2072 Sch. 8 item 11 read with LGOA 2074 s.11(1) and s.11(2)(\u091f)", "source": "chirps"}}, {"type": "Feature", "geometry": {"type": "Point", "coordinates": [86.12299, 27.50025]}, "properties": {"id": "60026", "title": "Landslide at Kirnetawer, Tamakoshi Rural Municipality-5", "state": "exceeded", "r24": 65.7, "r72": 153.3, "authority": "Rural/Urban Municipality (Ward Committee)", "office": "Ward Committee under the Ward Chair; municipal executive (Mayor/Chair) above it", "legal_basis": "LGOA 2074 s.12(2)(c)(23) 'Remove floods, landslides in the roads'; s.12(2)(c)(21)-(22); Constitution of Nepal 2072 Sch. 8 item 11 read with LGOA 2074 s.11(1) and s.11(2)(\u091f)", "source": "chirps"}}, {"type": "Feature", "geometry": {"type": "Point", "coordinates": [87.53526, 27.15339]}, "properties": {"id": "60042", "title": "Landslide at Surunga, Myanglung Municipality-9", "state": "exceeded", "r24": 93.1, "r72": 162.9, "authority": "Rural/Urban Municipality (Ward Committee)", "office": "Ward Committee under the Ward Chair; municipal executive (Mayor/Chair) above it", "legal_basis": "LGOA 2074 s.12(2)(c)(23) 'Remove floods, landslides in the roads'; s.12(2)(c)(21)-(22); Constitution of Nepal 2072 Sch. 8 item 11 read with LGOA 2074 s.11(1) and s.11(2)(\u091f)", "source": "chirps"}}, {"type": "Feature", "geometry": {"type": "Point", "coordinates": [84.00582, 28.21297]}, "properties": {"id": "60047", "title": "Landslide at Dhalkepul, Pokhara Lekhnath Metropolitan City-12", "state": "exceeded", "r24": 40.3, "r72": 322.6, "authority": "Rural/Urban Municipality (Ward Committee)", "office": "Ward Committee under the Ward Chair; municipal executive (Mayor/Chair) above it", "legal_basis": "LGOA 2074 s.12(2)(c)(23) 'Remove floods, landslides in the roads'; s.12(2)(c)(21)-(22); Constitution of Nepal 2072 Sch. 8 item 11 read with LGOA 2074 s.11(1) and s.11(2)(\u091f)", "source": "chirps"}}, {"type": "Feature", "geometry": {"type": "Point", "coordinates": [83.07468, 28.40069]}, "properties": {"id": "60114", "title": "Landslide at Malma, Dhorpatan Municipality-8", "state": "approaching", "r24": 0.0, "r72": 129.8, "authority": "Rural/Urban Municipality (Ward Committee)", "office": "Ward Committee under the Ward Chair; municipal executive (Mayor/Chair) above it", "legal_basis": "LGOA 2074 s.12(2)(c)(23) 'Remove floods, landslides in the roads'; s.12(2)(c)(21)-(22); Constitution of Nepal 2072 Sch. 8 item 11 read with LGOA 2074 s.11(1) and s.11(2)(\u091f)", "source": "chirps"}}, {"type": "Feature", "geometry": {"type": "Point", "coordinates": [82.20397, 29.0295]}, "properties": {"id": "60135", "title": "Landslide at Mulsam, Barekot Rural Municipality-3", "state": "below", "r24": 0.0, "r72": 40.7, "authority": "Rural/Urban Municipality (Ward Committee)", "office": "Ward Committee under the Ward Chair; municipal executive (Mayor/Chair) above it", "legal_basis": "LGOA 2074 s.12(2)(c)(23) 'Remove floods, landslides in the roads'; s.12(2)(c)(21)-(22); Constitution of Nepal 2072 Sch. 8 item 11 read with LGOA 2074 s.11(1) and s.11(2)(\u091f)", "source": "chirps"}}, {"type": "Feature", "geometry": {"type": "Point", "coordinates": [80.4597, 29.78718]}, "properties": {"id": "60374", "title": "Landslide at Ashigada, Mahakali_Darchula Municipality-8", "state": "below", "r24": 0.0, "r72": 0.0, "authority": "Rural/Urban Municipality (Ward Committee)", "office": "Ward Committee under the Ward Chair; municipal executive (Mayor/Chair) above it", "legal_basis": "LGOA 2074 s.12(2)(c)(23) 'Remove floods, landslides in the roads'; s.12(2)(c)(21)-(22); Constitution of Nepal 2072 Sch. 8 item 11 read with LGOA 2074 s.11(1) and s.11(2)(\u091f)", "source": "chirps"}}, {"type": "Feature", "geometry": {"type": "Point", "coordinates": [83.41529, 28.42276]}, "properties": {"id": "60376", "title": "Landslide at Darwang, Malika Rural Municipality-6", "state": "exceeded", "r24": 0.0, "r72": 145.6, "authority": "Rural/Urban Municipality (Ward Committee)", "office": "Ward Committee under the Ward Chair; municipal executive (Mayor/Chair) above it", "legal_basis": "LGOA 2074 s.12(2)(c)(23) 'Remove floods, landslides in the roads'; s.12(2)(c)(21)-(22); Constitution of Nepal 2072 Sch. 8 item 11 read with LGOA 2074 s.11(1) and s.11(2)(\u091f)", "source": "chirps"}}, {"type": "Feature", "geometry": {"type": "Point", "coordinates": [81.32294, 29.32707]}, "properties": {"id": "60377", "title": "Landslide at purbhuta, Tribeni Municipality-3", "state": "below", "r24": 0.0, "r72": 28.4, "authority": "Rural/Urban Municipality (Ward Committee)", "office": "Ward Committee under the Ward Chair; municipal executive (Mayor/Chair) above it", "legal_basis": "LGOA 2074 s.12(2)(c)(23) 'Remove floods, landslides in the roads'; s.12(2)(c)(21)-(22); Constitution of Nepal 2072 Sch. 8 item 11 read with LGOA 2074 s.11(1) and s.11(2)(\u091f)", "source": "chirps"}}, {"type": "Feature", "geometry": {"type": "Point", "coordinates": [81.2232, 29.38001]}, "properties": {"id": "60378", "title": "Landslide at Khaptad Chhededaha Rural Municipality-1", "state": "below", "r24": 0.0, "r72": 34.0, "authority": "Rural/Urban Municipality (Ward Committee)", "office": "Ward Committee under the Ward Chair; municipal executive (Mayor/Chair) above it", "legal_basis": "LGOA 2074 s.12(2)(c)(23) 'Remove floods, landslides in the roads'; s.12(2)(c)(21)-(22); Constitution of Nepal 2072 Sch. 8 item 11 read with LGOA 2074 s.11(1) and s.11(2)(\u091f)", "source": "chirps"}}, {"type": "Feature", "geometry": {"type": "Point", "coordinates": [81.33079, 29.0662]}, "properties": {"id": "60494", "title": "Landslide at Dhungachalna, Kamalbazar Municipality-8", "state": "below", "r24": 0.0, "r72": 38.1, "authority": "Rural/Urban Municipality (Ward Committee)", "office": "Ward Committee under the Ward Chair; municipal executive (Mayor/Chair) above it", "legal_basis": "LGOA 2074 s.12(2)(c)(23) 'Remove floods, landslides in the roads'; s.12(2)(c)(21)-(22); Constitution of Nepal 2072 Sch. 8 item 11 read with LGOA 2074 s.11(1) and s.11(2)(\u091f)", "source": "chirps"}}, {"type": "Feature", "geometry": {"type": "Point", "coordinates": [81.32231, 29.09993]}, "properties": {"id": "60495", "title": "Landslide at Thatikhadh, Kamalbazar Municipality-6", "state": "below", "r24": 0.0, "r72": 38.1, "authority": "Rural/Urban Municipality (Ward Committee)", "office": "Ward Committee under the Ward Chair; municipal executive (Mayor/Chair) above it", "legal_basis": "LGOA 2074 s.12(2)(c)(23) 'Remove floods, landslides in the roads'; s.12(2)(c)(21)-(22); Constitution of Nepal 2072 Sch. 8 item 11 read with LGOA 2074 s.11(1) and s.11(2)(\u091f)", "source": "chirps"}}, {"type": "Feature", "geometry": {"type": "Point", "coordinates": [81.33264, 28.93994]}, "properties": {"id": "60496", "title": "Landslide at Nada, Turmakhad Rural Municipality-5", "state": "below", "r24": 0.0, "r72": 49.7, "authority": "Rural/Urban Municipality (Ward Committee)", "office": "Ward Committee under the Ward Chair; municipal executive (Mayor/Chair) above it", "legal_basis": "LGOA 2074 s.12(2)(c)(23) 'Remove floods, landslides in the roads'; s.12(2)(c)(21)-(22); Constitution of Nepal 2072 Sch. 8 item 11 read with LGOA 2074 s.11(1) and s.11(2)(\u091f)", "source": "chirps"}}, {"type": "Feature", "geometry": {"type": "Point", "coordinates": [81.29009, 28.95201]}, "properties": {"id": "60500", "title": "Landslide at Khimane, Dhakari Rural Municipality-6", "state": "below", "r24": 0.0, "r72": 51.0, "authority": "Rural/Urban Municipality (Ward Committee)", "office": "Ward Committee under the Ward Chair; municipal executive (Mayor/Chair) above it", "legal_basis": "LGOA 2074 s.12(2)(c)(23) 'Remove floods, landslides in the roads'; s.12(2)(c)(21)-(22); Constitution of Nepal 2072 Sch. 8 item 11 read with LGOA 2074 s.11(1) and s.11(2)(\u091f)", "source": "chirps"}}, {"type": "Feature", "geometry": {"type": "Point", "coordinates": [81.33004, 28.83967]}, "properties": {"id": "60505", "title": "Landslide at Gutu, Chaukune Rural Municipality-8", "state": "below", "r24": 0.0, "r72": 0.0, "authority": "Rural/Urban Municipality (Ward Committee)", "office": "Ward Committee under the Ward Chair; municipal executive (Mayor/Chair) above it", "legal_basis": "LGOA 2074 s.12(2)(c)(23) 'Remove floods, landslides in the roads'; s.12(2)(c)(21)-(22); Constitution of Nepal 2072 Sch. 8 item 11 read with LGOA 2074 s.11(1) and s.11(2)(\u091f)", "source": "chirps"}}, {"type": "Feature", "geometry": {"type": "Point", "coordinates": [81.34893, 28.82154]}, "properties": {"id": "60506", "title": "Landslide at Rag, Panchpuri Municipality-9", "state": "below", "r24": 0.0, "r72": 0.0, "authority": "Rural/Urban Municipality (Ward Committee)", "office": "Ward Committee under the Ward Chair; municipal executive (Mayor/Chair) above it", "legal_basis": "LGOA 2074 s.12(2)(c)(23) 'Remove floods, landslides in the roads'; s.12(2)(c)(21)-(22); Constitution of Nepal 2072 Sch. 8 item 11 read with LGOA 2074 s.11(1) and s.11(2)(\u091f)", "source": "chirps"}}, {"type": "Feature", "geometry": {"type": "Point", "coordinates": [80.63459, 29.01043]}, "properties": {"id": "60519", "title": "Landslide at Shajapur, Chure Rural Municipality-3", "state": "below", "r24": 0.0, "r72": 30.0, "authority": "Rural/Urban Municipality (Ward Committee)", "office": "Ward Committee under the Ward Chair; municipal executive (Mayor/Chair) above it", "legal_basis": "LGOA 2074 s.12(2)(c)(23) 'Remove floods, landslides in the roads'; s.12(2)(c)(21)-(22); Constitution of Nepal 2072 Sch. 8 item 11 read with LGOA 2074 s.11(1) and s.11(2)(\u091f)", "source": "chirps"}}, {"type": "Feature", "geometry": {"type": "Point", "coordinates": [82.91097, 28.18358]}, "properties": {"id": "60664", "title": "Landslide at Dhad, Naubahini Rural Municipality-6", "state": "approaching", "r24": 0.0, "r72": 134.7, "authority": "Rural/Urban Municipality (Ward Committee)", "office": "Ward Committee under the Ward Chair; municipal executive (Mayor/Chair) above it", "legal_basis": "LGOA 2074 s.12(2)(c)(23) 'Remove floods, landslides in the roads'; s.12(2)(c)(21)-(22); Constitution of Nepal 2072 Sch. 8 item 11 read with LGOA 2074 s.11(1) and s.11(2)(\u091f)", "source": "chirps"}}, {"type": "Feature", "geometry": {"type": "Point", "coordinates": [82.35001, 28.4398]}, "properties": {"id": "60680", "title": "Landslide at Charaghsareni, Bagchaur Municipality-9", "state": "below", "r24": 0.0, "r72": 83.7, "authority": "Rural/Urban Municipality (Ward Committee)", "office": "Ward Committee under the Ward Chair; municipal executive (Mayor/Chair) above it", "legal_basis": "LGOA 2074 s.12(2)(c)(23) 'Remove floods, landslides in the roads'; s.12(2)(c)(21)-(22); Constitution of Nepal 2072 Sch. 8 item 11 read with LGOA 2074 s.11(1) and s.11(2)(\u091f)", "source": "chirps"}}, {"type": "Feature", "geometry": {"type": "Point", "coordinates": [82.37566, 28.69034]}, "properties": {"id": "60683", "title": "Landslide at bathakot, Sani Bheri Rural Municipality-6", "state": "below", "r24": 0.0, "r72": 50.7, "authority": "Rural/Urban Municipality (Ward Committee)", "office": "Ward Committee under the Ward Chair; municipal executive (Mayor/Chair) above it", "legal_basis": "LGOA 2074 s.12(2)(c)(23) 'Remove floods, landslides in the roads'; s.12(2)(c)(21)-(22); Constitution of Nepal 2072 Sch. 8 item 11 read with LGOA 2074 s.11(1) and s.11(2)(\u091f)", "source": "chirps"}}, {"type": "Feature", "geometry": {"type": "Point", "coordinates": [85.20982, 27.70678]}, "properties": {"id": "60690", "title": "Landslide at Dyan kendra, Chandragiri Municipality-2", "state": "exceeded", "r24": 70.1, "r72": 175.3, "authority": "Rural/Urban Municipality (Ward Committee)", "office": "Ward Committee under the Ward Chair; municipal executive (Mayor/Chair) above it", "legal_basis": "LGOA 2074 s.12(2)(c)(23) 'Remove floods, landslides in the roads'; s.12(2)(c)(21)-(22); Constitution of Nepal 2072 Sch. 8 item 11 read with LGOA 2074 s.11(1) and s.11(2)(\u091f)", "source": "chirps"}}, {"type": "Feature", "geometry": {"type": "Point", "coordinates": [82.32518, 28.41187]}, "properties": {"id": "60692", "title": "Landslide at Jiula, Chhatreshwori Rural Municipality-1", "state": "below", "r24": 0.0, "r72": 65.6, "authority": "Rural/Urban Municipality (Ward Committee)", "office": "Ward Committee under the Ward Chair; municipal executive (Mayor/Chair) above it", "legal_basis": "LGOA 2074 s.12(2)(c)(23) 'Remove floods, landslides in the roads'; s.12(2)(c)(21)-(22); Constitution of Nepal 2072 Sch. 8 item 11 read with LGOA 2074 s.11(1) and s.11(2)(\u091f)", "source": "chirps"}}, {"type": "Feature", "geometry": {"type": "Point", "coordinates": [83.09391, 28.02283]}, "properties": {"id": "60704", "title": "Landslide at Naulapani, Sandhikharka Municipality-9", "state": "exceeded", "r24": 20.4, "r72": 142.5, "authority": "Rural/Urban Municipality (Ward Committee)", "office": "Ward Committee under the Ward Chair; municipal executive (Mayor/Chair) above it", "legal_basis": "LGOA 2074 s.12(2)(c)(23) 'Remove floods, landslides in the roads'; s.12(2)(c)(21)-(22); Constitution of Nepal 2072 Sch. 8 item 11 read with LGOA 2074 s.11(1) and s.11(2)(\u091f)", "source": "chirps"}}, {"type": "Feature", "geometry": {"type": "Point", "coordinates": [81.65771, 28.55323]}, "properties": {"id": "60707", "title": "Landslide at Byureni, Birendranagar Municipality-11", "state": "below", "r24": 0.0, "r72": 0.0, "authority": "Rural/Urban Municipality (Ward Committee)", "office": "Ward Committee under the Ward Chair; municipal executive (Mayor/Chair) above it", "legal_basis": "LGOA 2074 s.12(2)(c)(23) 'Remove floods, landslides in the roads'; s.12(2)(c)(21)-(22); Constitution of Nepal 2072 Sch. 8 item 11 read with LGOA 2074 s.11(1) and s.11(2)(\u091f)", "source": "chirps"}}, {"type": "Feature", "geometry": {"type": "Point", "coordinates": [81.92709, 28.67324]}, "properties": {"id": "60709", "title": "Landslide at Rathma, Shiwalaya Rural Municipality-3", "state": "below", "r24": 0.0, "r72": 0.0, "authority": "Rural/Urban Municipality (Ward Committee)", "office": "Ward Committee under the Ward Chair; municipal executive (Mayor/Chair) above it", "legal_basis": "LGOA 2074 s.12(2)(c)(23) 'Remove floods, landslides in the roads'; s.12(2)(c)(21)-(22); Constitution of Nepal 2072 Sch. 8 item 11 read with LGOA 2074 s.11(1) and s.11(2)(\u091f)", "source": "chirps"}}, {"type": "Feature", "geometry": {"type": "Point", "coordinates": [82.27365, 28.8928]}, "properties": {"id": "60710", "title": "Landslide at Kapti, Barekot Rural Municipality-9", "state": "below", "r24": 0.0, "r72": 0.0, "authority": "Rural/Urban Municipality (Ward Committee)", "office": "Ward Committee under the Ward Chair; municipal executive (Mayor/Chair) above it", "legal_basis": "LGOA 2074 s.12(2)(c)(23) 'Remove floods, landslides in the roads'; s.12(2)(c)(21)-(22); Constitution of Nepal 2072 Sch. 8 item 11 read with LGOA 2074 s.11(1) and s.11(2)(\u091f)", "source": "chirps"}}, {"type": "Feature", "geometry": {"type": "Point", "coordinates": [82.40183, 28.56316]}, "properties": {"id": "60722", "title": "Landslide at Dhungepani, Tribeni Rural Municipality-6", "state": "below", "r24": 0.0, "r72": 84.5, "authority": "Rural/Urban Municipality (Ward Committee)", "office": "Ward Committee under the Ward Chair; municipal executive (Mayor/Chair) above it", "legal_basis": "LGOA 2074 s.12(2)(c)(23) 'Remove floods, landslides in the roads'; s.12(2)(c)(21)-(22); Constitution of Nepal 2072 Sch. 8 item 11 read with LGOA 2074 s.11(1) and s.11(2)(\u091f)", "source": "chirps"}}, {"type": "Feature", "geometry": {"type": "Point", "coordinates": [82.62282, 28.01878]}, "properties": {"id": "60732", "title": "Landslide at Banglachuli Rural Municipality-4", "state": "approaching", "r24": 0.0, "r72": 138.6, "authority": "Rural/Urban Municipality (Ward Committee)", "office": "Ward Committee under the Ward Chair; municipal executive (Mayor/Chair) above it", "legal_basis": "LGOA 2074 s.12(2)(c)(23) 'Remove floods, landslides in the roads'; s.12(2)(c)(21)-(22); Constitution of Nepal 2072 Sch. 8 item 11 read with LGOA 2074 s.11(1) and s.11(2)(\u091f)", "source": "chirps"}}, {"type": "Feature", "geometry": {"type": "Point", "coordinates": [82.78566, 27.98791]}, "properties": {"id": "60735", "title": "Landslide at Budhichaur, Sarumarani Rural Municipality-6", "state": "approaching", "r24": 22.5, "r72": 135.3, "authority": "Rural/Urban Municipality (Ward Committee)", "office": "Ward Committee under the Ward Chair; municipal executive (Mayor/Chair) above it", "legal_basis": "LGOA 2074 s.12(2)(c)(23) 'Remove floods, landslides in the roads'; s.12(2)(c)(21)-(22); Constitution of Nepal 2072 Sch. 8 item 11 read with LGOA 2074 s.11(1) and s.11(2)(\u091f)", "source": "chirps"}}, {"type": "Feature", "geometry": {"type": "Point", "coordinates": [83.09628, 28.31965]}, "properties": {"id": "60739", "title": "Landslide at Mahakharka, Nisikhola Rural Municipality-1", "state": "exceeded", "r24": 0.0, "r72": 166.4, "authority": "Rural/Urban Municipality (Ward Committee)", "office": "Ward Committee under the Ward Chair; municipal executive (Mayor/Chair) above it", "legal_basis": "LGOA 2074 s.12(2)(c)(23) 'Remove floods, landslides in the roads'; s.12(2)(c)(21)-(22); Constitution of Nepal 2072 Sch. 8 item 11 read with LGOA 2074 s.11(1) and s.11(2)(\u091f)", "source": "chirps"}}, {"type": "Feature", "geometry": {"type": "Point", "coordinates": [85.15899, 27.75997]}, "properties": {"id": "60740", "title": "Landslide at Chhapagaun, Dhunibesi Municipality-4", "state": "exceeded", "r24": 91.9, "r72": 206.8, "authority": "Rural/Urban Municipality (Ward Committee)", "office": "Ward Committee under the Ward Chair; municipal executive (Mayor/Chair) above it", "legal_basis": "LGOA 2074 s.12(2)(c)(23) 'Remove floods, landslides in the roads'; s.12(2)(c)(21)-(22); Constitution of Nepal 2072 Sch. 8 item 11 read with LGOA 2074 s.11(1) and s.11(2)(\u091f)", "source": "chirps"}}, {"type": "Feature", "geometry": {"type": "Point", "coordinates": [82.11641, 28.38168]}, "properties": {"id": "60742", "title": "Landslide at Marke, Sharada Municipality-8", "state": "below", "r24": 27.3, "r72": 27.3, "authority": "Rural/Urban Municipality (Ward Committee)", "office": "Ward Committee under the Ward Chair; municipal executive (Mayor/Chair) above it", "legal_basis": "LGOA 2074 s.12(2)(c)(23) 'Remove floods, landslides in the roads'; s.12(2)(c)(21)-(22); Constitution of Nepal 2072 Sch. 8 item 11 read with LGOA 2074 s.11(1) and s.11(2)(\u091f)", "source": "chirps"}}, {"type": "Feature", "geometry": {"type": "Point", "coordinates": [82.00462, 29.40347]}, "properties": {"id": "60743", "title": "Landslide at Barekot danda, Kanakasundari Rural Municipality-3", "state": "below", "r24": 0.0, "r72": 0.0, "authority": "Rural/Urban Municipality (Ward Committee)", "office": "Ward Committee under the Ward Chair; municipal executive (Mayor/Chair) above it", "legal_basis": "LGOA 2074 s.12(2)(c)(23) 'Remove floods, landslides in the roads'; s.12(2)(c)(21)-(22); Constitution of Nepal 2072 Sch. 8 item 11 read with LGOA 2074 s.11(1) and s.11(2)(\u091f)", "source": "chirps"}}, {"type": "Feature", "geometry": {"type": "Point", "coordinates": [82.73269, 28.06223]}, "properties": {"id": "60746", "title": "Landslide at Pharinde, Mandavi Rural Municipality-4", "state": "approaching", "r24": 0.0, "r72": 139.7, "authority": "Rural/Urban Municipality (Ward Committee)", "office": "Ward Committee under the Ward Chair; municipal executive (Mayor/Chair) above it", "legal_basis": "LGOA 2074 s.12(2)(c)(23) 'Remove floods, landslides in the roads'; s.12(2)(c)(21)-(22); Constitution of Nepal 2072 Sch. 8 item 11 read with LGOA 2074 s.11(1) and s.11(2)(\u091f)", "source": "chirps"}}, {"type": "Feature", "geometry": {"type": "Point", "coordinates": [82.65394, 28.08998]}, "properties": {"id": "60759", "title": "Landslide at Kusunde, Sworgadwary Municipality-1", "state": "approaching", "r24": 0.0, "r72": 138.6, "authority": "Rural/Urban Municipality (Ward Committee)", "office": "Ward Committee under the Ward Chair; municipal executive (Mayor/Chair) above it", "legal_basis": "LGOA 2074 s.12(2)(c)(23) 'Remove floods, landslides in the roads'; s.12(2)(c)(21)-(22); Constitution of Nepal 2072 Sch. 8 item 11 read with LGOA 2074 s.11(1) and s.11(2)(\u091f)", "source": "chirps"}}, {"type": "Feature", "geometry": {"type": "Point", "coordinates": [81.66117, 29.44526]}, "properties": {"id": "60770", "title": "Landslide at Dhadakot, Jagannath Rural Municipality-1", "state": "below", "r24": 0.0, "r72": 0.0, "authority": "Rural/Urban Municipality (Ward Committee)", "office": "Ward Committee under the Ward Chair; municipal executive (Mayor/Chair) above it", "legal_basis": "LGOA 2074 s.12(2)(c)(23) 'Remove floods, landslides in the roads'; s.12(2)(c)(21)-(22); Constitution of Nepal 2072 Sch. 8 item 11 read with LGOA 2074 s.11(1) and s.11(2)(\u091f)", "source": "chirps"}}, {"type": "Feature", "geometry": {"type": "Point", "coordinates": [80.90231, 29.50905]}, "properties": {"id": "60771", "title": "Landslide at Bagthala, Kedarseu Rural Municipality-4", "state": "below", "r24": 0.0, "r72": 32.4, "authority": "Rural/Urban Municipality (Ward Committee)", "office": "Ward Committee under the Ward Chair; municipal executive (Mayor/Chair) above it", "legal_basis": "LGOA 2074 s.12(2)(c)(23) 'Remove floods, landslides in the roads'; s.12(2)(c)(21)-(22); Constitution of Nepal 2072 Sch. 8 item 11 read with LGOA 2074 s.11(1) and s.11(2)(\u091f)", "source": "chirps"}}, {"type": "Feature", "geometry": {"type": "Point", "coordinates": [82.21496, 29.51007]}, "properties": {"id": "60773", "title": "Landslide at Salim, Chhayanath Rara Municipality-11", "state": "below", "r24": 0.0, "r72": 0.0, "authority": "Rural/Urban Municipality (Ward Committee)", "office": "Ward Committee under the Ward Chair; municipal executive (Mayor/Chair) above it", "legal_basis": "LGOA 2074 s.12(2)(c)(23) 'Remove floods, landslides in the roads'; s.12(2)(c)(21)-(22); Constitution of Nepal 2072 Sch. 8 item 11 read with LGOA 2074 s.11(1) and s.11(2)(\u091f)", "source": "chirps"}}, {"type": "Feature", "geometry": {"type": "Point", "coordinates": [81.84627, 29.18664]}, "properties": {"id": "60774", "title": "Landslide at Rachuli, Tilagufa Municipality-4", "state": "below", "r24": 0.0, "r72": 0.0, "authority": "Rural/Urban Municipality (Ward Committee)", "office": "Ward Committee under the Ward Chair; municipal executive (Mayor/Chair) above it", "legal_basis": "LGOA 2074 s.12(2)(c)(23) 'Remove floods, landslides in the roads'; s.12(2)(c)(21)-(22); Constitution of Nepal 2072 Sch. 8 item 11 read with LGOA 2074 s.11(1) and s.11(2)(\u091f)", "source": "chirps"}}, {"type": "Feature", "geometry": {"type": "Point", "coordinates": [81.77807, 29.11033]}, "properties": {"id": "60787", "title": "Landslide at Tilagufa Municipality-11", "state": "below", "r24": 0.0, "r72": 0.0, "authority": "Rural/Urban Municipality (Ward Committee)", "office": "Ward Committee under the Ward Chair; municipal executive (Mayor/Chair) above it", "legal_basis": "LGOA 2074 s.12(2)(c)(23) 'Remove floods, landslides in the roads'; s.12(2)(c)(21)-(22); Constitution of Nepal 2072 Sch. 8 item 11 read with LGOA 2074 s.11(1) and s.11(2)(\u091f)", "source": "chirps"}}, {"type": "Feature", "geometry": {"type": "Point", "coordinates": [81.81345, 29.18919]}, "properties": {"id": "60792", "title": "Landslide at Bhaisegoda, Tilagufa Municipality-5", "state": "below", "r24": 0.0, "r72": 0.0, "authority": "Rural/Urban Municipality (Ward Committee)", "office": "Ward Committee under the Ward Chair; municipal executive (Mayor/Chair) above it", "legal_basis": "LGOA 2074 s.12(2)(c)(23) 'Remove floods, landslides in the roads'; s.12(2)(c)(21)-(22); Constitution of Nepal 2072 Sch. 8 item 11 read with LGOA 2074 s.11(1) and s.11(2)(\u091f)", "source": "chirps"}}, {"type": "Feature", "geometry": {"type": "Point", "coordinates": [81.30974, 29.34803]}, "properties": {"id": "60798", "title": "Landslide at Syalkatyaya, Budhiganga Municipality-7", "state": "below", "r24": 0.0, "r72": 28.4, "authority": "Rural/Urban Municipality (Ward Committee)", "office": "Ward Committee under the Ward Chair; municipal executive (Mayor/Chair) above it", "legal_basis": "LGOA 2074 s.12(2)(c)(23) 'Remove floods, landslides in the roads'; s.12(2)(c)(21)-(22); Constitution of Nepal 2072 Sch. 8 item 11 read with LGOA 2074 s.11(1) and s.11(2)(\u091f)", "source": "chirps"}}, {"type": "Feature", "geometry": {"type": "Point", "coordinates": [81.80392, 29.67083]}, "properties": {"id": "60799", "title": "Landslide at Madan, Tanjakot Rural Municipality-5", "state": "below", "r24": 0.0, "r72": 0.0, "authority": "Rural/Urban Municipality (Ward Committee)", "office": "Ward Committee under the Ward Chair; municipal executive (Mayor/Chair) above it", "legal_basis": "LGOA 2074 s.12(2)(c)(23) 'Remove floods, landslides in the roads'; s.12(2)(c)(21)-(22); Constitution of Nepal 2072 Sch. 8 item 11 read with LGOA 2074 s.11(1) and s.11(2)(\u091f)", "source": "chirps"}}, {"type": "Feature", "geometry": {"type": "Point", "coordinates": [81.6623, 28.86167]}, "properties": {"id": "60800", "title": "Landslide at Shristhan, Bhairabi Rural Municipality-1", "state": "below", "r24": 0.0, "r72": 0.0, "authority": "Rural/Urban Municipality (Ward Committee)", "office": "Ward Committee under the Ward Chair; municipal executive (Mayor/Chair) above it", "legal_basis": "LGOA 2074 s.12(2)(c)(23) 'Remove floods, landslides in the roads'; s.12(2)(c)(21)-(22); Constitution of Nepal 2072 Sch. 8 item 11 read with LGOA 2074 s.11(1) and s.11(2)(\u091f)", "source": "chirps"}}, {"type": "Feature", "geometry": {"type": "Point", "coordinates": [81.90595, 29.14553]}, "properties": {"id": "60807", "title": "Landslide at Ratada, Tilagufa Municipality-2", "state": "below", "r24": 0.0, "r72": 20.7, "authority": "Rural/Urban Municipality (Ward Committee)", "office": "Ward Committee under the Ward Chair; municipal executive (Mayor/Chair) above it", "legal_basis": "LGOA 2074 s.12(2)(c)(23) 'Remove floods, landslides in the roads'; s.12(2)(c)(21)-(22); Constitution of Nepal 2072 Sch. 8 item 11 read with LGOA 2074 s.11(1) and s.11(2)(\u091f)", "source": "chirps"}}, {"type": "Feature", "geometry": {"type": "Point", "coordinates": [81.71845, 29.30742]}, "properties": {"id": "60808", "title": "Landslide at Nuwaghar, Pachaljharana Rural Municipality-7", "state": "below", "r24": 0.0, "r72": 0.0, "authority": "Rural/Urban Municipality (Ward Committee)", "office": "Ward Committee under the Ward Chair; municipal executive (Mayor/Chair) above it", "legal_basis": "LGOA 2074 s.12(2)(c)(23) 'Remove floods, landslides in the roads'; s.12(2)(c)(21)-(22); Constitution of Nepal 2072 Sch. 8 item 11 read with LGOA 2074 s.11(1) and s.11(2)(\u091f)", "source": "chirps"}}, {"type": "Feature", "geometry": {"type": "Point", "coordinates": [81.61318, 28.80943]}, "properties": {"id": "60813", "title": "Landslide at Tolipani, Dullu Municipality-6", "state": "below", "r24": 0.0, "r72": 0.0, "authority": "Rural/Urban Municipality (Ward Committee)", "office": "Ward Committee under the Ward Chair; municipal executive (Mayor/Chair) above it", "legal_basis": "LGOA 2074 s.12(2)(c)(23) 'Remove floods, landslides in the roads'; s.12(2)(c)(21)-(22); Constitution of Nepal 2072 Sch. 8 item 11 read with LGOA 2074 s.11(1) and s.11(2)(\u091f)", "source": "chirps"}}, {"type": "Feature", "geometry": {"type": "Point", "coordinates": [81.71155, 29.59192]}, "properties": {"id": "60814", "title": "Landslide at kawadi, Himali Rural Municipality-5", "state": "below", "r24": 0.0, "r72": 0.0, "authority": "Rural/Urban Municipality (Ward Committee)", "office": "Ward Committee under the Ward Chair; municipal executive (Mayor/Chair) above it", "legal_basis": "LGOA 2074 s.12(2)(c)(23) 'Remove floods, landslides in the roads'; s.12(2)(c)(21)-(22); Constitution of Nepal 2072 Sch. 8 item 11 read with LGOA 2074 s.11(1) and s.11(2)(\u091f)", "source": "chirps"}}, {"type": "Feature", "geometry": {"type": "Point", "coordinates": [81.48375, 29.02636]}, "properties": {"id": "60815", "title": "Landslide at Dhalebaj, Aathabis Municipality-8", "state": "below", "r24": 0.0, "r72": 31.1, "authority": "Rural/Urban Municipality (Ward Committee)", "office": "Ward Committee under the Ward Chair; municipal executive (Mayor/Chair) above it", "legal_basis": "LGOA 2074 s.12(2)(c)(23) 'Remove floods, landslides in the roads'; s.12(2)(c)(21)-(22); Constitution of Nepal 2072 Sch. 8 item 11 read with LGOA 2074 s.11(1) and s.11(2)(\u091f)", "source": "chirps"}}, {"type": "Feature", "geometry": {"type": "Point", "coordinates": [82.07432, 28.12351]}, "properties": {"id": "60818", "title": "Landslide at Malaikhola, Babai Rural Municipality-7", "state": "below", "r24": 0.0, "r72": 70.3, "authority": "Rural/Urban Municipality (Ward Committee)", "office": "Ward Committee under the Ward Chair; municipal executive (Mayor/Chair) above it", "legal_basis": "LGOA 2074 s.12(2)(c)(23) 'Remove floods, landslides in the roads'; s.12(2)(c)(21)-(22); Constitution of Nepal 2072 Sch. 8 item 11 read with LGOA 2074 s.11(1) and s.11(2)(\u091f)", "source": "chirps"}}, {"type": "Feature", "geometry": {"type": "Point", "coordinates": [86.50955, 27.31882]}, "properties": {"id": "64748", "title": "Landslide at Rambazar, Siddhicharan Municipality-11", "state": "exceeded", "r24": 102.8, "r72": 179.9, "authority": "Rural/Urban Municipality (Ward Committee)", "office": "Ward Committee under the Ward Chair; municipal executive (Mayor/Chair) above it", "legal_basis": "LGOA 2074 s.12(2)(c)(23) 'Remove floods, landslides in the roads'; s.12(2)(c)(21)-(22); Constitution of Nepal 2072 Sch. 8 item 11 read with LGOA 2074 s.11(1) and s.11(2)(\u091f)", "source": "chirps"}}, {"type": "Feature", "geometry": {"type": "Point", "coordinates": [87.34043, 27.41286]}, "properties": {"id": "64818", "title": "Landslide at Majuwa Dovan, Sabhapokhari Rural Municipality-6", "state": "exceeded", "r24": 183.5, "r72": 183.5, "authority": "Rural/Urban Municipality (Ward Committee)", "office": "Ward Committee under the Ward Chair; municipal executive (Mayor/Chair) above it", "legal_basis": "LGOA 2074 s.12(2)(c)(23) 'Remove floods, landslides in the roads'; s.12(2)(c)(21)-(22); Constitution of Nepal 2072 Sch. 8 item 11 read with LGOA 2074 s.11(1) and s.11(2)(\u091f)", "source": "chirps"}}, {"type": "Feature", "geometry": {"type": "Point", "coordinates": [87.98621, 27.24863]}, "properties": {"id": "64875", "title": "Landslide at Phedi, Yangwarak Rural Municipality-1", "state": "exceeded", "r24": 41.2, "r72": 164.7, "authority": "Rural/Urban Municipality (Ward Committee)", "office": "Ward Committee under the Ward Chair; municipal executive (Mayor/Chair) above it", "legal_basis": "LGOA 2074 s.12(2)(c)(23) 'Remove floods, landslides in the roads'; s.12(2)(c)(21)-(22); Constitution of Nepal 2072 Sch. 8 item 11 read with LGOA 2074 s.11(1) and s.11(2)(\u091f)", "source": "chirps"}}, {"type": "Feature", "geometry": {"type": "Point", "coordinates": [87.75005, 27.1766]}, "properties": {"id": "64883", "title": "Landslide at Yekcheppa, Hilihang Rural Municipality-7", "state": "exceeded", "r24": 80.1, "r72": 160.2, "authority": "Rural/Urban Municipality (Ward Committee)", "office": "Ward Committee under the Ward Chair; municipal executive (Mayor/Chair) above it", "legal_basis": "LGOA 2074 s.12(2)(c)(23) 'Remove floods, landslides in the roads'; s.12(2)(c)(21)-(22); Constitution of Nepal 2072 Sch. 8 item 11 read with LGOA 2074 s.11(1) and s.11(2)(\u091f)", "source": "chirps"}}, {"type": "Feature", "geometry": {"type": "Point", "coordinates": [87.69147, 27.17851]}, "properties": {"id": "64885", "title": "Landslide at Chuhan Danda , Aathrai Rural Municipality-6", "state": "exceeded", "r24": 108.8, "r72": 145.1, "authority": "Rural/Urban Municipality (Ward Committee)", "office": "Ward Committee under the Ward Chair; municipal executive (Mayor/Chair) above it", "legal_basis": "LGOA 2074 s.12(2)(c)(23) 'Remove floods, landslides in the roads'; s.12(2)(c)(21)-(22); Constitution of Nepal 2072 Sch. 8 item 11 read with LGOA 2074 s.11(1) and s.11(2)(\u091f)", "source": "chirps"}}, {"type": "Feature", "geometry": {"type": "Point", "coordinates": [80.62775, 29.67356]}, "properties": {"id": "64964", "title": "Landslide at Giribagad - Naulakhola , Dilasaini Rural Municipality-3", "state": "below", "r24": 0.0, "r72": 31.3, "authority": "Rural/Urban Municipality (Ward Committee)", "office": "Ward Committee under the Ward Chair; municipal executive (Mayor/Chair) above it", "legal_basis": "LGOA 2074 s.12(2)(c)(23) 'Remove floods, landslides in the roads'; s.12(2)(c)(21)-(22); Constitution of Nepal 2072 Sch. 8 item 11 read with LGOA 2074 s.11(1) and s.11(2)(\u091f)", "source": "chirps"}}, {"type": "Feature", "geometry": {"type": "Point", "coordinates": [81.65391, 29.0144]}, "properties": {"id": "64972", "title": "Landslide at Bajangineta, Bhairabi Rural Municipality-7", "state": "below", "r24": 0.0, "r72": 18.9, "authority": "Rural/Urban Municipality (Ward Committee)", "office": "Ward Committee under the Ward Chair; municipal executive (Mayor/Chair) above it", "legal_basis": "LGOA 2074 s.12(2)(c)(23) 'Remove floods, landslides in the roads'; s.12(2)(c)(21)-(22); Constitution of Nepal 2072 Sch. 8 item 11 read with LGOA 2074 s.11(1) and s.11(2)(\u091f)", "source": "chirps"}}, {"type": "Feature", "geometry": {"type": "Point", "coordinates": [88.15162, 26.85692]}, "properties": {"id": "64976", "title": "Landslide at Sungtun / Orange Valley , Suryodaya Municipality-5", "state": "exceeded", "r24": 79.0, "r72": 184.3, "authority": "Rural/Urban Municipality (Ward Committee)", "office": "Ward Committee under the Ward Chair; municipal executive (Mayor/Chair) above it", "legal_basis": "LGOA 2074 s.12(2)(c)(23) 'Remove floods, landslides in the roads'; s.12(2)(c)(21)-(22); Constitution of Nepal 2072 Sch. 8 item 11 read with LGOA 2074 s.11(1) and s.11(2)(\u091f)", "source": "chirps"}}, {"type": "Feature", "geometry": {"type": "Point", "coordinates": [83.74598, 28.26284]}, "properties": {"id": "64980", "title": "Landslide at Mahabhir , Modi Rural Municipality-6", "state": "exceeded", "r24": 61.9, "r72": 371.2, "authority": "Rural/Urban Municipality (Ward Committee)", "office": "Ward Committee under the Ward Chair; municipal executive (Mayor/Chair) above it", "legal_basis": "LGOA 2074 s.12(2)(c)(23) 'Remove floods, landslides in the roads'; s.12(2)(c)(21)-(22); Constitution of Nepal 2072 Sch. 8 item 11 read with LGOA 2074 s.11(1) and s.11(2)(\u091f)", "source": "chirps"}}, {"type": "Feature", "geometry": {"type": "Point", "coordinates": [86.64151, 27.35365]}, "properties": {"id": "65042", "title": "Landslide at Bihibare Bazar , Nechasalyan Rural Municipality-3", "state": "exceeded", "r24": 101.4, "r72": 177.5, "authority": "Rural/Urban Municipality (Ward Committee)", "office": "Ward Committee under the Ward Chair; municipal executive (Mayor/Chair) above it", "legal_basis": "LGOA 2074 s.12(2)(c)(23) 'Remove floods, landslides in the roads'; s.12(2)(c)(21)-(22); Constitution of Nepal 2072 Sch. 8 item 11 read with LGOA 2074 s.11(1) and s.11(2)(\u091f)", "source": "chirps"}}, {"type": "Feature", "geometry": {"type": "Point", "coordinates": [85.91769, 27.6971]}, "properties": {"id": "65059", "title": "Landslide at Nigale , Lisangkhu Pakhar Rural Municipality-5", "state": "exceeded", "r24": 99.7, "r72": 199.5, "authority": "Rural/Urban Municipality (Ward Committee)", "office": "Ward Committee under the Ward Chair; municipal executive (Mayor/Chair) above it", "legal_basis": "LGOA 2074 s.12(2)(c)(23) 'Remove floods, landslides in the roads'; s.12(2)(c)(21)-(22); Constitution of Nepal 2072 Sch. 8 item 11 read with LGOA 2074 s.11(1) and s.11(2)(\u091f)", "source": "chirps"}}, {"type": "Feature", "geometry": {"type": "Point", "coordinates": [82.05891, 28.66162]}, "properties": {"id": "65063", "title": "Landslide at Damar Khola , Chhedagad Municipality-13", "state": "below", "r24": 0.0, "r72": 0.0, "authority": "Rural/Urban Municipality (Ward Committee)", "office": "Ward Committee under the Ward Chair; municipal executive (Mayor/Chair) above it", "legal_basis": "LGOA 2074 s.12(2)(c)(23) 'Remove floods, landslides in the roads'; s.12(2)(c)(21)-(22); Constitution of Nepal 2072 Sch. 8 item 11 read with LGOA 2074 s.11(1) and s.11(2)(\u091f)", "source": "chirps"}}, {"type": "Feature", "geometry": {"type": "Point", "coordinates": [86.60202, 27.35238]}, "properties": {"id": "65084", "title": "Landslide at Nechasalyan Rural Municipality-5", "state": "exceeded", "r24": 101.4, "r72": 177.5, "authority": "Rural/Urban Municipality (Ward Committee)", "office": "Ward Committee under the Ward Chair; municipal executive (Mayor/Chair) above it", "legal_basis": "LGOA 2074 s.12(2)(c)(23) 'Remove floods, landslides in the roads'; s.12(2)(c)(21)-(22); Constitution of Nepal 2072 Sch. 8 item 11 read with LGOA 2074 s.11(1) and s.11(2)(\u091f)", "source": "chirps"}}, {"type": "Feature", "geometry": {"type": "Point", "coordinates": [81.60688, 28.76916]}, "properties": {"id": "65091", "title": "Landslide at Rati Khola , Gurans Rural Municipality-2", "state": "below", "r24": 0.0, "r72": 0.0, "authority": "Rural/Urban Municipality (Ward Committee)", "office": "Ward Committee under the Ward Chair; municipal executive (Mayor/Chair) above it", "legal_basis": "LGOA 2074 s.12(2)(c)(23) 'Remove floods, landslides in the roads'; s.12(2)(c)(21)-(22); Constitution of Nepal 2072 Sch. 8 item 11 read with LGOA 2074 s.11(1) and s.11(2)(\u091f)", "source": "chirps"}}, {"type": "Feature", "geometry": {"type": "Point", "coordinates": [83.62223, 28.31503]}, "properties": {"id": "65105", "title": "Landslide at Kerabari , Jaljala Rural Municipality-7", "state": "exceeded", "r24": 0.0, "r72": 179.7, "authority": "Rural/Urban Municipality (Ward Committee)", "office": "Ward Committee under the Ward Chair; municipal executive (Mayor/Chair) above it", "legal_basis": "LGOA 2074 s.12(2)(c)(23) 'Remove floods, landslides in the roads'; s.12(2)(c)(21)-(22); Constitution of Nepal 2072 Sch. 8 item 11 read with LGOA 2074 s.11(1) and s.11(2)(\u091f)", "source": "chirps"}}, {"type": "Feature", "geometry": {"type": "Point", "coordinates": [85.31004, 27.6787]}, "properties": {"id": "65117", "title": "Landslide at Bhalukhola / Pangdur Dolma, Lalitpur Metropolitan City-3", "state": "exceeded", "r24": 78.7, "r72": 157.3, "authority": "Rural/Urban Municipality (Ward Committee)", "office": "Ward Committee under the Ward Chair; municipal executive (Mayor/Chair) above it", "legal_basis": "LGOA 2074 s.12(2)(c)(23) 'Remove floods, landslides in the roads'; s.12(2)(c)(21)-(22); Constitution of Nepal 2072 Sch. 8 item 11 read with LGOA 2074 s.11(1) and s.11(2)(\u091f)", "source": "chirps"}}, {"type": "Feature", "geometry": {"type": "Point", "coordinates": [81.64931, 29.2309]}, "properties": {"id": "65150", "title": "Landslide at Raskot Municipality-7", "state": "below", "r24": 0.0, "r72": 0.0, "authority": "Rural/Urban Municipality (Ward Committee)", "office": "Ward Committee under the Ward Chair; municipal executive (Mayor/Chair) above it", "legal_basis": "LGOA 2074 s.12(2)(c)(23) 'Remove floods, landslides in the roads'; s.12(2)(c)(21)-(22); Constitution of Nepal 2072 Sch. 8 item 11 read with LGOA 2074 s.11(1) and s.11(2)(\u091f)", "source": "chirps"}}, {"type": "Feature", "geometry": {"type": "Point", "coordinates": [83.97525, 27.83944]}, "properties": {"id": "65164", "title": "Landslide at Syaulibazar, Rampur Municipality-1", "state": "exceeded", "r24": 42.4, "r72": 190.6, "authority": "Rural/Urban Municipality (Ward Committee)", "office": "Ward Committee under the Ward Chair; municipal executive (Mayor/Chair) above it", "legal_basis": "LGOA 2074 s.12(2)(c)(23) 'Remove floods, landslides in the roads'; s.12(2)(c)(21)-(22); Constitution of Nepal 2072 Sch. 8 item 11 read with LGOA 2074 s.11(1) and s.11(2)(\u091f)", "source": "chirps"}}, {"type": "Feature", "geometry": {"type": "Point", "coordinates": [85.88028, 27.91907]}, "properties": {"id": "65178", "title": "Landslide at Dharapani, Bhotekoshi Rural Municipality-1", "state": "exceeded", "r24": 141.8, "r72": 283.6, "authority": "Rural/Urban Municipality (Ward Committee)", "office": "Ward Committee under the Ward Chair; municipal executive (Mayor/Chair) above it", "legal_basis": "LGOA 2074 s.12(2)(c)(23) 'Remove floods, landslides in the roads'; s.12(2)(c)(21)-(22); Constitution of Nepal 2072 Sch. 8 item 11 read with LGOA 2074 s.11(1) and s.11(2)(\u091f)", "source": "chirps"}}, {"type": "Feature", "geometry": {"type": "Point", "coordinates": [81.6805, 29.99711]}, "properties": {"id": "65203", "title": "Landslide at Khagal Gaau, Namkha Rural Municipality-3", "state": "below", "r24": 0.0, "r72": 0.0, "authority": "Rural/Urban Municipality (Ward Committee)", "office": "Ward Committee under the Ward Chair; municipal executive (Mayor/Chair) above it", "legal_basis": "LGOA 2074 s.12(2)(c)(23) 'Remove floods, landslides in the roads'; s.12(2)(c)(21)-(22); Constitution of Nepal 2072 Sch. 8 item 11 read with LGOA 2074 s.11(1) and s.11(2)(\u091f)", "source": "chirps"}}, {"type": "Feature", "geometry": {"type": "Point", "coordinates": [83.30782, 27.87511]}, "properties": {"id": "65227", "title": "Landslide at Panena , Panini Rural Municipality-1", "state": "approaching", "r24": 36.4, "r72": 133.5, "authority": "Rural/Urban Municipality (Ward Committee)", "office": "Ward Committee under the Ward Chair; municipal executive (Mayor/Chair) above it", "legal_basis": "LGOA 2074 s.12(2)(c)(23) 'Remove floods, landslides in the roads'; s.12(2)(c)(21)-(22); Constitution of Nepal 2072 Sch. 8 item 11 read with LGOA 2074 s.11(1) and s.11(2)(\u091f)", "source": "chirps"}}, {"type": "Feature", "geometry": {"type": "Point", "coordinates": [86.99068, 26.92973]}, "properties": {"id": "65237", "title": "Landslide at Pangcha, Aamchowk Rural Municipality-10", "state": "approaching", "r24": 57.4, "r72": 134.0, "authority": "Rural/Urban Municipality (Ward Committee)", "office": "Ward Committee under the Ward Chair; municipal executive (Mayor/Chair) above it", "legal_basis": "LGOA 2074 s.12(2)(c)(23) 'Remove floods, landslides in the roads'; s.12(2)(c)(21)-(22); Constitution of Nepal 2072 Sch. 8 item 11 read with LGOA 2074 s.11(1) and s.11(2)(\u091f)", "source": "chirps"}}, {"type": "Feature", "geometry": {"type": "Point", "coordinates": [84.89826, 27.7738]}, "properties": {"id": "65240", "title": "Landslide at Ghatbesi , Gajuri Rural Municipality-5", "state": "exceeded", "r24": 81.3, "r72": 203.3, "authority": "Rural/Urban Municipality (Ward Committee)", "office": "Ward Committee under the Ward Chair; municipal executive (Mayor/Chair) above it", "legal_basis": "LGOA 2074 s.12(2)(c)(23) 'Remove floods, landslides in the roads'; s.12(2)(c)(21)-(22); Constitution of Nepal 2072 Sch. 8 item 11 read with LGOA 2074 s.11(1) and s.11(2)(\u091f)", "source": "chirps"}}, {"type": "Feature", "geometry": {"type": "Point", "coordinates": [87.81063, 27.12012]}, "properties": {"id": "65278", "title": "Landslide at Nanglapa, Phidim Municipality-7", "state": "exceeded", "r24": 39.5, "r72": 158.1, "authority": "Rural/Urban Municipality (Ward Committee)", "office": "Ward Committee under the Ward Chair; municipal executive (Mayor/Chair) above it", "legal_basis": "LGOA 2074 s.12(2)(c)(23) 'Remove floods, landslides in the roads'; s.12(2)(c)(21)-(22); Constitution of Nepal 2072 Sch. 8 item 11 read with LGOA 2074 s.11(1) and s.11(2)(\u091f)", "source": "chirps"}}, {"type": "Feature", "geometry": {"type": "Point", "coordinates": [82.12805, 29.56021]}, "properties": {"id": "65282", "title": "Landslide at Phuli Bamdhara, Chhayanath Rara Municipality-3", "state": "below", "r24": 0.0, "r72": 0.0, "authority": "Rural/Urban Municipality (Ward Committee)", "office": "Ward Committee under the Ward Chair; municipal executive (Mayor/Chair) above it", "legal_basis": "LGOA 2074 s.12(2)(c)(23) 'Remove floods, landslides in the roads'; s.12(2)(c)(21)-(22); Constitution of Nepal 2072 Sch. 8 item 11 read with LGOA 2074 s.11(1) and s.11(2)(\u091f)", "source": "chirps"}}, {"type": "Feature", "geometry": {"type": "Point", "coordinates": [84.36657, 27.74311]}, "properties": {"id": "65430", "title": "Landslide at Seto Pahare, Gaidakot Municipality-3", "state": "exceeded", "r24": 54.2, "r72": 180.5, "authority": "Rural/Urban Municipality (Ward Committee)", "office": "Ward Committee under the Ward Chair; municipal executive (Mayor/Chair) above it", "legal_basis": "LGOA 2074 s.12(2)(c)(23) 'Remove floods, landslides in the roads'; s.12(2)(c)(21)-(22); Constitution of Nepal 2072 Sch. 8 item 11 read with LGOA 2074 s.11(1) and s.11(2)(\u091f)", "source": "chirps"}}, {"type": "Feature", "geometry": {"type": "Point", "coordinates": [80.81647, 29.34349]}, "properties": {"id": "65435", "title": "Landslide at Talara - Bali Tole , Aadarsha Rural Municipality-5", "state": "below", "r24": 0.0, "r72": 25.0, "authority": "Rural/Urban Municipality (Ward Committee)", "office": "Ward Committee under the Ward Chair; municipal executive (Mayor/Chair) above it", "legal_basis": "LGOA 2074 s.12(2)(c)(23) 'Remove floods, landslides in the roads'; s.12(2)(c)(21)-(22); Constitution of Nepal 2072 Sch. 8 item 11 read with LGOA 2074 s.11(1) and s.11(2)(\u091f)", "source": "chirps"}}, {"type": "Feature", "geometry": {"type": "Point", "coordinates": [82.50943, 27.8621]}, "properties": {"id": "65737", "title": "Landslide at Lamahi Municipality-6", "state": "exceeded", "r24": 0.0, "r72": 142.1, "authority": "Rural/Urban Municipality (Ward Committee)", "office": "Ward Committee under the Ward Chair; municipal executive (Mayor/Chair) above it", "legal_basis": "LGOA 2074 s.12(2)(c)(23) 'Remove floods, landslides in the roads'; s.12(2)(c)(21)-(22); Constitution of Nepal 2072 Sch. 8 item 11 read with LGOA 2074 s.11(1) and s.11(2)(\u091f)", "source": "chirps"}}, {"type": "Feature", "geometry": {"type": "Point", "coordinates": [85.05053, 27.52387]}, "properties": {"id": "65745", "title": "Landslide at Jyaltar, Bhimphedi Rural Municipality-2", "state": "exceeded", "r24": 84.2, "r72": 210.4, "authority": "Rural/Urban Municipality (Ward Committee)", "office": "Ward Committee under the Ward Chair; municipal executive (Mayor/Chair) above it", "legal_basis": "LGOA 2074 s.12(2)(c)(23) 'Remove floods, landslides in the roads'; s.12(2)(c)(21)-(22); Constitution of Nepal 2072 Sch. 8 item 11 read with LGOA 2074 s.11(1) and s.11(2)(\u091f)", "source": "chirps"}}, {"type": "Feature", "geometry": {"type": "Point", "coordinates": [85.38853, 27.70581]}, "properties": {"id": "65757", "title": "Landslide at Dhungedhara, Kageshwori Manahora Municipality-7", "state": "exceeded", "r24": 79.6, "r72": 179.0, "authority": "Rural/Urban Municipality (Ward Committee)", "office": "Ward Committee under the Ward Chair; municipal executive (Mayor/Chair) above it", "legal_basis": "LGOA 2074 s.12(2)(c)(23) 'Remove floods, landslides in the roads'; s.12(2)(c)(21)-(22); Constitution of Nepal 2072 Sch. 8 item 11 read with LGOA 2074 s.11(1) and s.11(2)(\u091f)", "source": "chirps"}}, {"type": "Feature", "geometry": {"type": "Point", "coordinates": [85.40972, 27.69942]}, "properties": {"id": "65764", "title": "Landslide at Samthali, Changunarayan Municipality-1", "state": "exceeded", "r24": 69.1, "r72": 184.4, "authority": "Rural/Urban Municipality (Ward Committee)", "office": "Ward Committee under the Ward Chair; municipal executive (Mayor/Chair) above it", "legal_basis": "LGOA 2074 s.12(2)(c)(23) 'Remove floods, landslides in the roads'; s.12(2)(c)(21)-(22); Constitution of Nepal 2072 Sch. 8 item 11 read with LGOA 2074 s.11(1) and s.11(2)(\u091f)", "source": "chirps"}}, {"type": "Feature", "geometry": {"type": "Point", "coordinates": [85.32096, 27.69286]}, "properties": {"id": "65768", "title": "Landslide at Tripureshwor, Kathmandu Metropolitan City-11", "state": "exceeded", "r24": 78.7, "r72": 157.3, "authority": "Rural/Urban Municipality (Ward Committee)", "office": "Ward Committee under the Ward Chair; municipal executive (Mayor/Chair) above it", "legal_basis": "LGOA 2074 s.12(2)(c)(23) 'Remove floods, landslides in the roads'; s.12(2)(c)(21)-(22); Constitution of Nepal 2072 Sch. 8 item 11 read with LGOA 2074 s.11(1) and s.11(2)(\u091f)", "source": "chirps"}}, {"type": "Feature", "geometry": {"type": "Point", "coordinates": [83.04148, 28.37457]}, "properties": {"id": "65779", "title": "Landslide at Jayathumka, Nisikhola Rural Municipality-4", "state": "exceeded", "r24": 0.0, "r72": 163.2, "authority": "Rural/Urban Municipality (Ward Committee)", "office": "Ward Committee under the Ward Chair; municipal executive (Mayor/Chair) above it", "legal_basis": "LGOA 2074 s.12(2)(c)(23) 'Remove floods, landslides in the roads'; s.12(2)(c)(21)-(22); Constitution of Nepal 2072 Sch. 8 item 11 read with LGOA 2074 s.11(1) and s.11(2)(\u091f)", "source": "chirps"}}, {"type": "Feature", "geometry": {"type": "Point", "coordinates": [85.4398, 27.42496]}, "properties": {"id": "65781", "title": "Landslide at Khanikhola Rural Municipality-7", "state": "exceeded", "r24": 80.4, "r72": 160.8, "authority": "Rural/Urban Municipality (Ward Committee)", "office": "Ward Committee under the Ward Chair; municipal executive (Mayor/Chair) above it", "legal_basis": "LGOA 2074 s.12(2)(c)(23) 'Remove floods, landslides in the roads'; s.12(2)(c)(21)-(22); Constitution of Nepal 2072 Sch. 8 item 11 read with LGOA 2074 s.11(1) and s.11(2)(\u091f)", "source": "chirps"}}, {"type": "Feature", "geometry": {"type": "Point", "coordinates": [84.38933, 27.40611]}, "properties": {"id": "65788", "title": "Landslide at Kharkatta, Madi Municipality-8", "state": "exceeded", "r24": 54.6, "r72": 181.9, "authority": "Rural/Urban Municipality (Ward Committee)", "office": "Ward Committee under the Ward Chair; municipal executive (Mayor/Chair) above it", "legal_basis": "LGOA 2074 s.12(2)(c)(23) 'Remove floods, landslides in the roads'; s.12(2)(c)(21)-(22); Constitution of Nepal 2072 Sch. 8 item 11 read with LGOA 2074 s.11(1) and s.11(2)(\u091f)", "source": "chirps"}}, {"type": "Feature", "geometry": {"type": "Point", "coordinates": [84.21301, 28.06155]}, "properties": {"id": "65801", "title": "Landslide at Bhalayadanda, Vyas Municipality-6", "state": "exceeded", "r24": 37.7, "r72": 207.6, "authority": "Rural/Urban Municipality (Ward Committee)", "office": "Ward Committee under the Ward Chair; municipal executive (Mayor/Chair) above it", "legal_basis": "LGOA 2074 s.12(2)(c)(23) 'Remove floods, landslides in the roads'; s.12(2)(c)(21)-(22); Constitution of Nepal 2072 Sch. 8 item 11 read with LGOA 2074 s.11(1) and s.11(2)(\u091f)", "source": "chirps"}}, {"type": "Feature", "geometry": {"type": "Point", "coordinates": [85.41695, 27.47311]}, "properties": {"id": "65839", "title": "Landslide at Lamasoti, Mahankal Rural Municipality-5", "state": "exceeded", "r24": 82.3, "r72": 144.0, "authority": "Rural/Urban Municipality (Ward Committee)", "office": "Ward Committee under the Ward Chair; municipal executive (Mayor/Chair) above it", "legal_basis": "LGOA 2074 s.12(2)(c)(23) 'Remove floods, landslides in the roads'; s.12(2)(c)(21)-(22); Constitution of Nepal 2072 Sch. 8 item 11 read with LGOA 2074 s.11(1) and s.11(2)(\u091f)", "source": "chirps"}}, {"type": "Feature", "geometry": {"type": "Point", "coordinates": [86.62747, 27.38316]}, "properties": {"id": "65849", "title": "Landslide at Gurung Danda , Nechasalyan Rural Municipality-2", "state": "exceeded", "r24": 101.4, "r72": 177.5, "authority": "Rural/Urban Municipality (Ward Committee)", "office": "Ward Committee under the Ward Chair; municipal executive (Mayor/Chair) above it", "legal_basis": "LGOA 2074 s.12(2)(c)(23) 'Remove floods, landslides in the roads'; s.12(2)(c)(21)-(22); Constitution of Nepal 2072 Sch. 8 item 11 read with LGOA 2074 s.11(1) and s.11(2)(\u091f)", "source": "chirps"}}, {"type": "Feature", "geometry": {"type": "Point", "coordinates": [87.08769, 27.27845]}, "properties": {"id": "65863", "title": "Landslide at Bihibare, Shadananda Municipality-14", "state": "approaching", "r24": 95.0, "r72": 142.5, "authority": "Rural/Urban Municipality (Ward Committee)", "office": "Ward Committee under the Ward Chair; municipal executive (Mayor/Chair) above it", "legal_basis": "LGOA 2074 s.12(2)(c)(23) 'Remove floods, landslides in the roads'; s.12(2)(c)(21)-(22); Constitution of Nepal 2072 Sch. 8 item 11 read with LGOA 2074 s.11(1) and s.11(2)(\u091f)", "source": "chirps"}}, {"type": "Feature", "geometry": {"type": "Point", "coordinates": [86.46974, 27.7078]}, "properties": {"id": "65926", "title": "Landslide at Lyachhebar, Umakunda Rural Municipality-1", "state": "exceeded", "r24": 166.4, "r72": 249.6, "authority": "Rural/Urban Municipality (Ward Committee)", "office": "Ward Committee under the Ward Chair; municipal executive (Mayor/Chair) above it", "legal_basis": "LGOA 2074 s.12(2)(c)(23) 'Remove floods, landslides in the roads'; s.12(2)(c)(21)-(22); Constitution of Nepal 2072 Sch. 8 item 11 read with LGOA 2074 s.11(1) and s.11(2)(\u091f)", "source": "chirps"}}, {"type": "Feature", "geometry": {"type": "Point", "coordinates": [86.78851, 27.11041]}, "properties": {"id": "66046", "title": "Landslide at Baphlu, Diprung Chuichumma Rural Municipality-2", "state": "below", "r24": 55.1, "r72": 124.0, "authority": "Rural/Urban Municipality (Ward Committee)", "office": "Ward Committee under the Ward Chair; municipal executive (Mayor/Chair) above it", "legal_basis": "LGOA 2074 s.12(2)(c)(23) 'Remove floods, landslides in the roads'; s.12(2)(c)(21)-(22); Constitution of Nepal 2072 Sch. 8 item 11 read with LGOA 2074 s.11(1) and s.11(2)(\u091f)", "source": "chirps"}}, {"type": "Feature", "geometry": {"type": "Point", "coordinates": [83.56245, 27.99162]}, "properties": {"id": "72148", "title": "Landslide at Harmichaur, Kaligandaki Rural Municipality-1", "state": "exceeded", "r24": 32.9, "r72": 164.4, "authority": "Rural/Urban Municipality (Ward Committee)", "office": "Ward Committee under the Ward Chair; municipal executive (Mayor/Chair) above it", "legal_basis": "LGOA 2074 s.12(2)(c)(23) 'Remove floods, landslides in the roads'; s.12(2)(c)(21)-(22); Constitution of Nepal 2072 Sch. 8 item 11 read with LGOA 2074 s.11(1) and s.11(2)(\u091f)", "source": "chirps"}}, {"type": "Feature", "geometry": {"type": "Point", "coordinates": [87.43323, 26.93377]}, "properties": {"id": "72199", "title": "Landslide at Odeare, Chaubise Rural Municipality-5", "state": "approaching", "r24": 57.9, "r72": 135.1, "authority": "Rural/Urban Municipality (Ward Committee)", "office": "Ward Committee under the Ward Chair; municipal executive (Mayor/Chair) above it", "legal_basis": "LGOA 2074 s.12(2)(c)(23) 'Remove floods, landslides in the roads'; s.12(2)(c)(21)-(22); Constitution of Nepal 2072 Sch. 8 item 11 read with LGOA 2074 s.11(1) and s.11(2)(\u091f)", "source": "chirps"}}, {"type": "Feature", "geometry": {"type": "Point", "coordinates": [84.41793, 28.22202]}, "properties": {"id": "72379", "title": "Landslide at Dordi Rural Municipality-9", "state": "exceeded", "r24": 28.6, "r72": 228.5, "authority": "Rural/Urban Municipality (Ward Committee)", "office": "Ward Committee under the Ward Chair; municipal executive (Mayor/Chair) above it", "legal_basis": "LGOA 2074 s.12(2)(c)(23) 'Remove floods, landslides in the roads'; s.12(2)(c)(21)-(22); Constitution of Nepal 2072 Sch. 8 item 11 read with LGOA 2074 s.11(1) and s.11(2)(\u091f)", "source": "chirps"}}, {"type": "Feature", "geometry": {"type": "Point", "coordinates": [83.38824, 28.12675]}, "properties": {"id": "72505", "title": "Landslide at Balewang, Chandrakot Rural Municipality-2", "state": "approaching", "r24": 15.1, "r72": 136.0, "authority": "Rural/Urban Municipality (Ward Committee)", "office": "Ward Committee under the Ward Chair; municipal executive (Mayor/Chair) above it", "legal_basis": "LGOA 2074 s.12(2)(c)(23) 'Remove floods, landslides in the roads'; s.12(2)(c)(21)-(22); Constitution of Nepal 2072 Sch. 8 item 11 read with LGOA 2074 s.11(1) and s.11(2)(\u091f)", "source": "chirps"}}, {"type": "Feature", "geometry": {"type": "Point", "coordinates": [83.41767, 28.16619]}, "properties": {"id": "72506", "title": "Landslide at Sukhaura, Bareng Rural Municipality-5", "state": "approaching", "r24": 14.9, "r72": 134.0, "authority": "Rural/Urban Municipality (Ward Committee)", "office": "Ward Committee under the Ward Chair; municipal executive (Mayor/Chair) above it", "legal_basis": "LGOA 2074 s.12(2)(c)(23) 'Remove floods, landslides in the roads'; s.12(2)(c)(21)-(22); Constitution of Nepal 2072 Sch. 8 item 11 read with LGOA 2074 s.11(1) and s.11(2)(\u091f)", "source": "chirps"}}, {"type": "Feature", "geometry": {"type": "Point", "coordinates": [81.62776, 29.6365]}, "properties": {"id": "72510", "title": "Landslide at Kotigau, Himali Rural Municipality-2", "state": "below", "r24": 0.0, "r72": 0.0, "authority": "Rural/Urban Municipality (Ward Committee)", "office": "Ward Committee under the Ward Chair; municipal executive (Mayor/Chair) above it", "legal_basis": "LGOA 2074 s.12(2)(c)(23) 'Remove floods, landslides in the roads'; s.12(2)(c)(21)-(22); Constitution of Nepal 2072 Sch. 8 item 11 read with LGOA 2074 s.11(1) and s.11(2)(\u091f)", "source": "chirps"}}, {"type": "Feature", "geometry": {"type": "Point", "coordinates": [83.27688, 28.25526]}, "properties": {"id": "72511", "title": "Landslide at Naitul, Badigad Rural Municipality-4", "state": "approaching", "r24": 0.0, "r72": 141.4, "authority": "Rural/Urban Municipality (Ward Committee)", "office": "Ward Committee under the Ward Chair; municipal executive (Mayor/Chair) above it", "legal_basis": "LGOA 2074 s.12(2)(c)(23) 'Remove floods, landslides in the roads'; s.12(2)(c)(21)-(22); Constitution of Nepal 2072 Sch. 8 item 11 read with LGOA 2074 s.11(1) and s.11(2)(\u091f)", "source": "chirps"}}, {"type": "Feature", "geometry": {"type": "Point", "coordinates": [80.16446, 29.0778]}, "properties": {"id": "72514", "title": "Landslide at Hattidhunga, Bhimdatta Municipality-9", "state": "below", "r24": 0.0, "r72": 22.5, "authority": "Rural/Urban Municipality (Ward Committee)", "office": "Ward Committee under the Ward Chair; municipal executive (Mayor/Chair) above it", "legal_basis": "LGOA 2074 s.12(2)(c)(23) 'Remove floods, landslides in the roads'; s.12(2)(c)(21)-(22); Constitution of Nepal 2072 Sch. 8 item 11 read with LGOA 2074 s.11(1) and s.11(2)(\u091f)", "source": "chirps"}}, {"type": "Feature", "geometry": {"type": "Point", "coordinates": [86.57367, 27.50056]}, "properties": {"id": "72525", "title": "Landslide at Sallari, Solududhakunda Municipality-5", "state": "exceeded", "r24": 130.2, "r72": 227.8, "authority": "Rural/Urban Municipality (Ward Committee)", "office": "Ward Committee under the Ward Chair; municipal executive (Mayor/Chair) above it", "legal_basis": "LGOA 2074 s.12(2)(c)(23) 'Remove floods, landslides in the roads'; s.12(2)(c)(21)-(22); Constitution of Nepal 2072 Sch. 8 item 11 read with LGOA 2074 s.11(1) and s.11(2)(\u091f)", "source": "chirps"}}, {"type": "Feature", "geometry": {"type": "Point", "coordinates": [86.83177, 27.56766]}, "properties": {"id": "72526", "title": "Landslide at Bhuwa, Mahakulung Rural Municipality-2", "state": "exceeded", "r24": 209.1, "r72": 261.4, "authority": "Rural/Urban Municipality (Ward Committee)", "office": "Ward Committee under the Ward Chair; municipal executive (Mayor/Chair) above it", "legal_basis": "LGOA 2074 s.12(2)(c)(23) 'Remove floods, landslides in the roads'; s.12(2)(c)(21)-(22); Constitution of Nepal 2072 Sch. 8 item 11 read with LGOA 2074 s.11(1) and s.11(2)(\u091f)", "source": "chirps"}}, {"type": "Feature", "geometry": {"type": "Point", "coordinates": [86.7379, 27.1809]}, "properties": {"id": "72551", "title": "Landslide at Diktel Rupakot Majhuwagadhi Municipality-15", "state": "exceeded", "r24": 105.0, "r72": 167.9, "authority": "Rural/Urban Municipality (Ward Committee)", "office": "Ward Committee under the Ward Chair; municipal executive (Mayor/Chair) above it", "legal_basis": "LGOA 2074 s.12(2)(c)(23) 'Remove floods, landslides in the roads'; s.12(2)(c)(21)-(22); Constitution of Nepal 2072 Sch. 8 item 11 read with LGOA 2074 s.11(1) and s.11(2)(\u091f)", "source": "chirps"}}, {"type": "Feature", "geometry": {"type": "Point", "coordinates": [86.38445, 27.37643]}, "properties": {"id": "72562", "title": "Landslide at Pesalgaira , Molung Rural Municipality-6", "state": "exceeded", "r24": 90.2, "r72": 157.8, "authority": "Rural/Urban Municipality (Ward Committee)", "office": "Ward Committee under the Ward Chair; municipal executive (Mayor/Chair) above it", "legal_basis": "LGOA 2074 s.12(2)(c)(23) 'Remove floods, landslides in the roads'; s.12(2)(c)(21)-(22); Constitution of Nepal 2072 Sch. 8 item 11 read with LGOA 2074 s.11(1) and s.11(2)(\u091f)", "source": "chirps"}}, {"type": "Feature", "geometry": {"type": "Point", "coordinates": [86.54315, 27.16414]}, "properties": {"id": "72689", "title": "Landslide at Chamsitar, Halesi Tuwachung Municipality-3", "state": "approaching", "r24": 77.4, "r72": 139.3, "authority": "Rural/Urban Municipality (Ward Committee)", "office": "Ward Committee under the Ward Chair; municipal executive (Mayor/Chair) above it", "legal_basis": "LGOA 2074 s.12(2)(c)(23) 'Remove floods, landslides in the roads'; s.12(2)(c)(21)-(22); Constitution of Nepal 2072 Sch. 8 item 11 read with LGOA 2074 s.11(1) and s.11(2)(\u091f)", "source": "chirps"}}, {"type": "Feature", "geometry": {"type": "Point", "coordinates": [83.46312, 27.92334]}, "properties": {"id": "72691", "title": "Landslide at Kamalpokhari, Tansen Municipality-14", "state": "approaching", "r24": 26.9, "r72": 147.8, "authority": "Rural/Urban Municipality (Ward Committee)", "office": "Ward Committee under the Ward Chair; municipal executive (Mayor/Chair) above it", "legal_basis": "LGOA 2074 s.12(2)(c)(23) 'Remove floods, landslides in the roads'; s.12(2)(c)(21)-(22); Constitution of Nepal 2072 Sch. 8 item 11 read with LGOA 2074 s.11(1) and s.11(2)(\u091f)", "source": "chirps"}}, {"type": "Feature", "geometry": {"type": "Point", "coordinates": [81.24641, 29.31929]}, "properties": {"id": "72720", "title": "Landslide at Budhabagar , Sanphebagar Municipality-13", "state": "below", "r24": 0.0, "r72": 30.6, "authority": "Rural/Urban Municipality (Ward Committee)", "office": "Ward Committee under the Ward Chair; municipal executive (Mayor/Chair) above it", "legal_basis": "LGOA 2074 s.12(2)(c)(23) 'Remove floods, landslides in the roads'; s.12(2)(c)(21)-(22); Constitution of Nepal 2072 Sch. 8 item 11 read with LGOA 2074 s.11(1) and s.11(2)(\u091f)", "source": "chirps"}}, {"type": "Feature", "geometry": {"type": "Point", "coordinates": [82.45528, 28.0318]}, "properties": {"id": "72721", "title": "Landslide at Sarra , Ghorahi Submetropolitan City-16", "state": "exceeded", "r24": 0.0, "r72": 146.1, "authority": "Rural/Urban Municipality (Ward Committee)", "office": "Ward Committee under the Ward Chair; municipal executive (Mayor/Chair) above it", "legal_basis": "LGOA 2074 s.12(2)(c)(23) 'Remove floods, landslides in the roads'; s.12(2)(c)(21)-(22); Constitution of Nepal 2072 Sch. 8 item 11 read with LGOA 2074 s.11(1) and s.11(2)(\u091f)", "source": "chirps"}}, {"type": "Feature", "geometry": {"type": "Point", "coordinates": [83.75868, 28.00441]}, "properties": {"id": "72811", "title": "Landslide at Gaajani , Waling Municipality-11", "state": "exceeded", "r24": 44.8, "r72": 201.7, "authority": "Rural/Urban Municipality (Ward Committee)", "office": "Ward Committee under the Ward Chair; municipal executive (Mayor/Chair) above it", "legal_basis": "LGOA 2074 s.12(2)(c)(23) 'Remove floods, landslides in the roads'; s.12(2)(c)(21)-(22); Constitution of Nepal 2072 Sch. 8 item 11 read with LGOA 2074 s.11(1) and s.11(2)(\u091f)", "source": "chirps"}}, {"type": "Feature", "geometry": {"type": "Point", "coordinates": [85.18138, 28.05231]}, "properties": {"id": "72856", "title": "Landslide at Deurali , Uttargaya Rural Municipality-2", "state": "exceeded", "r24": 73.6, "r72": 196.2, "authority": "Rural/Urban Municipality (Ward Committee)", "office": "Ward Committee under the Ward Chair; municipal executive (Mayor/Chair) above it", "legal_basis": "LGOA 2074 s.12(2)(c)(23) 'Remove floods, landslides in the roads'; s.12(2)(c)(21)-(22); Constitution of Nepal 2072 Sch. 8 item 11 read with LGOA 2074 s.11(1) and s.11(2)(\u091f)", "source": "chirps"}}, {"type": "Feature", "geometry": {"type": "Point", "coordinates": [83.75926, 28.08337]}, "properties": {"id": "72873", "title": "Landslide at Simalchour, Arjunchaupari Rural Municipality-1", "state": "exceeded", "r24": 44.8, "r72": 201.8, "authority": "Rural/Urban Municipality (Ward Committee)", "office": "Ward Committee under the Ward Chair; municipal executive (Mayor/Chair) above it", "legal_basis": "LGOA 2074 s.12(2)(c)(23) 'Remove floods, landslides in the roads'; s.12(2)(c)(21)-(22); Constitution of Nepal 2072 Sch. 8 item 11 read with LGOA 2074 s.11(1) and s.11(2)(\u091f)", "source": "chirps"}}, {"type": "Feature", "geometry": {"type": "Point", "coordinates": [86.53545, 27.34004]}, "properties": {"id": "72874", "title": "Landslide at Chuplu, Siddhicharan Municipality-5", "state": "exceeded", "r24": 102.8, "r72": 179.9, "authority": "Rural/Urban Municipality (Ward Committee)", "office": "Ward Committee under the Ward Chair; municipal executive (Mayor/Chair) above it", "legal_basis": "LGOA 2074 s.12(2)(c)(23) 'Remove floods, landslides in the roads'; s.12(2)(c)(21)-(22); Constitution of Nepal 2072 Sch. 8 item 11 read with LGOA 2074 s.11(1) and s.11(2)(\u091f)", "source": "chirps"}}, {"type": "Feature", "geometry": {"type": "Point", "coordinates": [83.55788, 27.85087]}, "properties": {"id": "72877", "title": "Landslide at Kokaranga, Tansen Municipality-6", "state": "approaching", "r24": 31.5, "r72": 157.4, "authority": "Rural/Urban Municipality (Ward Committee)", "office": "Ward Committee under the Ward Chair; municipal executive (Mayor/Chair) above it", "legal_basis": "LGOA 2074 s.12(2)(c)(23) 'Remove floods, landslides in the roads'; s.12(2)(c)(21)-(22); Constitution of Nepal 2072 Sch. 8 item 11 read with LGOA 2074 s.11(1) and s.11(2)(\u091f)", "source": "chirps"}}, {"type": "Feature", "geometry": {"type": "Point", "coordinates": [80.93484, 29.31985]}, "properties": {"id": "72878", "title": "Landslide at Chasi, Aadarsha Rural Municipality-1", "state": "below", "r24": 0.0, "r72": 15.2, "authority": "Rural/Urban Municipality (Ward Committee)", "office": "Ward Committee under the Ward Chair; municipal executive (Mayor/Chair) above it", "legal_basis": "LGOA 2074 s.12(2)(c)(23) 'Remove floods, landslides in the roads'; s.12(2)(c)(21)-(22); Constitution of Nepal 2072 Sch. 8 item 11 read with LGOA 2074 s.11(1) and s.11(2)(\u091f)", "source": "chirps"}}, {"type": "Feature", "geometry": {"type": "Point", "coordinates": [87.68455, 27.35985]}, "properties": {"id": "72880", "title": "Landslide at Bebare, Phungling Municipality-6", "state": "exceeded", "r24": 153.9, "r72": 153.9, "authority": "Rural/Urban Municipality (Ward Committee)", "office": "Ward Committee under the Ward Chair; municipal executive (Mayor/Chair) above it", "legal_basis": "LGOA 2074 s.12(2)(c)(23) 'Remove floods, landslides in the roads'; s.12(2)(c)(21)-(22); Constitution of Nepal 2072 Sch. 8 item 11 read with LGOA 2074 s.11(1) and s.11(2)(\u091f)", "source": "chirps"}}, {"type": "Feature", "geometry": {"type": "Point", "coordinates": [83.92946, 27.9736]}, "properties": {"id": "72894", "title": "Landslide at Bakhrikhor, Harinas Rural Municipality-5", "state": "exceeded", "r24": 42.1, "r72": 210.5, "authority": "Rural/Urban Municipality (Ward Committee)", "office": "Ward Committee under the Ward Chair; municipal executive (Mayor/Chair) above it", "legal_basis": "LGOA 2074 s.12(2)(c)(23) 'Remove floods, landslides in the roads'; s.12(2)(c)(21)-(22); Constitution of Nepal 2072 Sch. 8 item 11 read with LGOA 2074 s.11(1) and s.11(2)(\u091f)", "source": "chirps"}}, {"type": "Feature", "geometry": {"type": "Point", "coordinates": [82.16579, 28.64186]}, "properties": {"id": "72902", "title": "Landslide at Kastara , Bheri Municipality-12", "state": "below", "r24": 0.0, "r72": 76.6, "authority": "Rural/Urban Municipality (Ward Committee)", "office": "Ward Committee under the Ward Chair; municipal executive (Mayor/Chair) above it", "legal_basis": "LGOA 2074 s.12(2)(c)(23) 'Remove floods, landslides in the roads'; s.12(2)(c)(21)-(22); Constitution of Nepal 2072 Sch. 8 item 11 read with LGOA 2074 s.11(1) and s.11(2)(\u091f)", "source": "chirps"}}, {"type": "Feature", "geometry": {"type": "Point", "coordinates": [84.37147, 28.08821]}, "properties": {"id": "73043", "title": "Landslide at Talloghale Chhap , Bhanu Municipality-12", "state": "exceeded", "r24": 42.8, "r72": 235.4, "authority": "Rural/Urban Municipality (Ward Committee)", "office": "Ward Committee under the Ward Chair; municipal executive (Mayor/Chair) above it", "legal_basis": "LGOA 2074 s.12(2)(c)(23) 'Remove floods, landslides in the roads'; s.12(2)(c)(21)-(22); Constitution of Nepal 2072 Sch. 8 item 11 read with LGOA 2074 s.11(1) and s.11(2)(\u091f)", "source": "chirps"}}, {"type": "Feature", "geometry": {"type": "Point", "coordinates": [84.13357, 28.24341]}, "properties": {"id": "73075", "title": "Landslide at Tallotaple, Madi Rural Municipality-11", "state": "exceeded", "r24": 29.6, "r72": 266.1, "authority": "Rural/Urban Municipality (Ward Committee)", "office": "Ward Committee under the Ward Chair; municipal executive (Mayor/Chair) above it", "legal_basis": "LGOA 2074 s.12(2)(c)(23) 'Remove floods, landslides in the roads'; s.12(2)(c)(21)-(22); Constitution of Nepal 2072 Sch. 8 item 11 read with LGOA 2074 s.11(1) and s.11(2)(\u091f)", "source": "chirps"}}, {"type": "Feature", "geometry": {"type": "Point", "coordinates": [83.35841, 28.47237]}, "properties": {"id": "73079", "title": "Landslide at Dhaulagiri Rural Municipality-7", "state": "exceeded", "r24": 0.0, "r72": 157.2, "authority": "Rural/Urban Municipality (Ward Committee)", "office": "Ward Committee under the Ward Chair; municipal executive (Mayor/Chair) above it", "legal_basis": "LGOA 2074 s.12(2)(c)(23) 'Remove floods, landslides in the roads'; s.12(2)(c)(21)-(22); Constitution of Nepal 2072 Sch. 8 item 11 read with LGOA 2074 s.11(1) and s.11(2)(\u091f)", "source": "chirps"}}, {"type": "Feature", "geometry": {"type": "Point", "coordinates": [84.00752, 27.82572]}, "properties": {"id": "73127", "title": "Landslide at Kwang Deurali , Nisdi Rural Municipality-1", "state": "exceeded", "r24": 41.4, "r72": 186.2, "authority": "Rural/Urban Municipality (Ward Committee)", "office": "Ward Committee under the Ward Chair; municipal executive (Mayor/Chair) above it", "legal_basis": "LGOA 2074 s.12(2)(c)(23) 'Remove floods, landslides in the roads'; s.12(2)(c)(21)-(22); Constitution of Nepal 2072 Sch. 8 item 11 read with LGOA 2074 s.11(1) and s.11(2)(\u091f)", "source": "chirps"}}, {"type": "Feature", "geometry": {"type": "Point", "coordinates": [83.61126, 28.46471]}, "properties": {"id": "73136", "title": "Landslide at Maroka Tole Kamerepani , Annapurna Rural Municipality-1", "state": "approaching", "r24": 21.0, "r72": 126.3, "authority": "Rural/Urban Municipality (Ward Committee)", "office": "Ward Committee under the Ward Chair; municipal executive (Mayor/Chair) above it", "legal_basis": "LGOA 2074 s.12(2)(c)(23) 'Remove floods, landslides in the roads'; s.12(2)(c)(21)-(22); Constitution of Nepal 2072 Sch. 8 item 11 read with LGOA 2074 s.11(1) and s.11(2)(\u091f)", "source": "chirps"}}, {"type": "Feature", "geometry": {"type": "Point", "coordinates": [83.27857, 27.56839]}, "properties": {"id": "73140", "title": "Landslide at Gaidahawa Rural Municipality-4", "state": "exceeded", "r24": 43.8, "r72": 175.1, "authority": "Rural/Urban Municipality (Ward Committee)", "office": "Ward Committee under the Ward Chair; municipal executive (Mayor/Chair) above it", "legal_basis": "LGOA 2074 s.12(2)(c)(23) 'Remove floods, landslides in the roads'; s.12(2)(c)(21)-(22); Constitution of Nepal 2072 Sch. 8 item 11 read with LGOA 2074 s.11(1) and s.11(2)(\u091f)", "source": "chirps"}}, {"type": "Feature", "geometry": {"type": "Point", "coordinates": [84.97207, 27.86446]}, "properties": {"id": "73141", "title": "Landslide at Syaldanda, Neelakantha Municipality-5", "state": "exceeded", "r24": 68.1, "r72": 181.6, "authority": "Rural/Urban Municipality (Ward Committee)", "office": "Ward Committee under the Ward Chair; municipal executive (Mayor/Chair) above it", "legal_basis": "LGOA 2074 s.12(2)(c)(23) 'Remove floods, landslides in the roads'; s.12(2)(c)(21)-(22); Constitution of Nepal 2072 Sch. 8 item 11 read with LGOA 2074 s.11(1) and s.11(2)(\u091f)", "source": "chirps"}}, {"type": "Feature", "geometry": {"type": "Point", "coordinates": [85.37655, 27.84518]}, "properties": {"id": "73177", "title": "Landslide at Shivapuri Rural Municipality-5", "state": "exceeded", "r24": 78.4, "r72": 209.2, "authority": "Rural/Urban Municipality (Ward Committee)", "office": "Ward Committee under the Ward Chair; municipal executive (Mayor/Chair) above it", "legal_basis": "LGOA 2074 s.12(2)(c)(23) 'Remove floods, landslides in the roads'; s.12(2)(c)(21)-(22); Constitution of Nepal 2072 Sch. 8 item 11 read with LGOA 2074 s.11(1) and s.11(2)(\u091f)", "source": "chirps"}}, {"type": "Feature", "geometry": {"type": "Point", "coordinates": [86.96293, 27.41486]}, "properties": {"id": "73241", "title": "Landslide at Bakhumma , Salpasilichho Rural Municipality-5", "state": "exceeded", "r24": 124.6, "r72": 218.0, "authority": "Rural/Urban Municipality (Ward Committee)", "office": "Ward Committee under the Ward Chair; municipal executive (Mayor/Chair) above it", "legal_basis": "LGOA 2074 s.12(2)(c)(23) 'Remove floods, landslides in the roads'; s.12(2)(c)(21)-(22); Constitution of Nepal 2072 Sch. 8 item 11 read with LGOA 2074 s.11(1) and s.11(2)(\u091f)", "source": "chirps"}}, {"type": "Feature", "geometry": {"type": "Point", "coordinates": [82.37198, 28.64561]}, "properties": {"id": "73398", "title": "Landslide at Rupendra Khada , Sani Bheri Rural Municipality-9", "state": "below", "r24": 0.0, "r72": 56.7, "authority": "Rural/Urban Municipality (Ward Committee)", "office": "Ward Committee under the Ward Chair; municipal executive (Mayor/Chair) above it", "legal_basis": "LGOA 2074 s.12(2)(c)(23) 'Remove floods, landslides in the roads'; s.12(2)(c)(21)-(22); Constitution of Nepal 2072 Sch. 8 item 11 read with LGOA 2074 s.11(1) and s.11(2)(\u091f)", "source": "chirps"}}, {"type": "Feature", "geometry": {"type": "Point", "coordinates": [85.35564, 27.68338]}, "properties": {"id": "73531", "title": "Landslide at Kathmandu Metropolitan City-32", "state": "exceeded", "r24": 76.7, "r72": 172.7, "authority": "Rural/Urban Municipality (Ward Committee)", "office": "Ward Committee under the Ward Chair; municipal executive (Mayor/Chair) above it", "legal_basis": "LGOA 2074 s.12(2)(c)(23) 'Remove floods, landslides in the roads'; s.12(2)(c)(21)-(22); Constitution of Nepal 2072 Sch. 8 item 11 read with LGOA 2074 s.11(1) and s.11(2)(\u091f)", "source": "chirps"}}, {"type": "Feature", "geometry": {"type": "Point", "coordinates": [85.59097, 27.81294]}, "properties": {"id": "73560", "title": "Landslide at Baguwa , Melamchi Municipality-10", "state": "exceeded", "r24": 99.6, "r72": 224.1, "authority": "Rural/Urban Municipality (Ward Committee)", "office": "Ward Committee under the Ward Chair; municipal executive (Mayor/Chair) above it", "legal_basis": "LGOA 2074 s.12(2)(c)(23) 'Remove floods, landslides in the roads'; s.12(2)(c)(21)-(22); Constitution of Nepal 2072 Sch. 8 item 11 read with LGOA 2074 s.11(1) and s.11(2)(\u091f)", "source": "chirps"}}, {"type": "Feature", "geometry": {"type": "Point", "coordinates": [81.69158, 28.64795]}, "properties": {"id": "73590", "title": "Landslide at Kanchi Bazar , Birendranagar Municipality-15", "state": "below", "r24": 23.2, "r72": 23.2, "authority": "Rural/Urban Municipality (Ward Committee)", "office": "Ward Committee under the Ward Chair; municipal executive (Mayor/Chair) above it", "legal_basis": "LGOA 2074 s.12(2)(c)(23) 'Remove floods, landslides in the roads'; s.12(2)(c)(21)-(22); Constitution of Nepal 2072 Sch. 8 item 11 read with LGOA 2074 s.11(1) and s.11(2)(\u091f)", "source": "chirps"}}, {"type": "Feature", "geometry": {"type": "Point", "coordinates": [86.72413, 27.21259]}, "properties": {"id": "73608", "title": "Landslide at Diktel Rupakot Majhuwagadhi Municipality-14", "state": "exceeded", "r24": 126.8, "r72": 190.2, "authority": "Rural/Urban Municipality (Ward Committee)", "office": "Ward Committee under the Ward Chair; municipal executive (Mayor/Chair) above it", "legal_basis": "LGOA 2074 s.12(2)(c)(23) 'Remove floods, landslides in the roads'; s.12(2)(c)(21)-(22); Constitution of Nepal 2072 Sch. 8 item 11 read with LGOA 2074 s.11(1) and s.11(2)(\u091f)", "source": "chirps"}}, {"type": "Feature", "geometry": {"type": "Point", "coordinates": [85.3338, 27.70769]}, "properties": {"id": "73773", "title": "Landslide at Gyaneshwor , Kathmandu Metropolitan City-30", "state": "exceeded", "r24": 83.6, "r72": 188.0, "authority": "Rural/Urban Municipality (Ward Committee)", "office": "Ward Committee under the Ward Chair; municipal executive (Mayor/Chair) above it", "legal_basis": "LGOA 2074 s.12(2)(c)(23) 'Remove floods, landslides in the roads'; s.12(2)(c)(21)-(22); Constitution of Nepal 2072 Sch. 8 item 11 read with LGOA 2074 s.11(1) and s.11(2)(\u091f)", "source": "chirps"}}, {"type": "Feature", "geometry": {"type": "Point", "coordinates": [80.8341, 29.58195]}, "properties": {"id": "73933", "title": "Landslide at Tumeda , Bungal Municipality-10", "state": "below", "r24": 0.0, "r72": 49.1, "authority": "Rural/Urban Municipality (Ward Committee)", "office": "Ward Committee under the Ward Chair; municipal executive (Mayor/Chair) above it", "legal_basis": "LGOA 2074 s.12(2)(c)(23) 'Remove floods, landslides in the roads'; s.12(2)(c)(21)-(22); Constitution of Nepal 2072 Sch. 8 item 11 read with LGOA 2074 s.11(1) and s.11(2)(\u091f)", "source": "chirps"}}, {"type": "Feature", "geometry": {"type": "Point", "coordinates": [85.79306, 27.76969]}, "properties": {"id": "73968", "title": "Landslide at Balefi Rural Municipality-4", "state": "exceeded", "r24": 125.7, "r72": 282.7, "authority": "Rural/Urban Municipality (Ward Committee)", "office": "Ward Committee under the Ward Chair; municipal executive (Mayor/Chair) above it", "legal_basis": "LGOA 2074 s.12(2)(c)(23) 'Remove floods, landslides in the roads'; s.12(2)(c)(21)-(22); Constitution of Nepal 2072 Sch. 8 item 11 read with LGOA 2074 s.11(1) and s.11(2)(\u091f)", "source": "chirps"}}, {"type": "Feature", "geometry": {"type": "Point", "coordinates": [85.32327, 27.68364]}, "properties": {"id": "74601", "title": "Landslide at Takhel , Lalitpur Metropolitan City-10", "state": "exceeded", "r24": 78.7, "r72": 157.3, "authority": "Rural/Urban Municipality (Ward Committee)", "office": "Ward Committee under the Ward Chair; municipal executive (Mayor/Chair) above it", "legal_basis": "LGOA 2074 s.12(2)(c)(23) 'Remove floods, landslides in the roads'; s.12(2)(c)(21)-(22); Constitution of Nepal 2072 Sch. 8 item 11 read with LGOA 2074 s.11(1) and s.11(2)(\u091f)", "source": "chirps"}}, {"type": "Feature", "geometry": {"type": "Point", "coordinates": [87.03122, 27.16275]}, "properties": {"id": "74625", "title": "Landslide at Bhojpur Municipality-6", "state": "below", "r24": 48.6, "r72": 113.4, "authority": "Rural/Urban Municipality (Ward Committee)", "office": "Ward Committee under the Ward Chair; municipal executive (Mayor/Chair) above it", "legal_basis": "LGOA 2074 s.12(2)(c)(23) 'Remove floods, landslides in the roads'; s.12(2)(c)(21)-(22); Constitution of Nepal 2072 Sch. 8 item 11 read with LGOA 2074 s.11(1) and s.11(2)(\u091f)", "source": "chirps"}}, {"type": "Feature", "geometry": {"type": "Point", "coordinates": [86.27221, 27.34425]}, "properties": {"id": "74638", "title": "Landslide at Raniban , Champadevi Rural Municipality-10", "state": "exceeded", "r24": 101.7, "r72": 162.8, "authority": "Rural/Urban Municipality (Ward Committee)", "office": "Ward Committee under the Ward Chair; municipal executive (Mayor/Chair) above it", "legal_basis": "LGOA 2074 s.12(2)(c)(23) 'Remove floods, landslides in the roads'; s.12(2)(c)(21)-(22); Constitution of Nepal 2072 Sch. 8 item 11 read with LGOA 2074 s.11(1) and s.11(2)(\u091f)", "source": "chirps"}}, {"type": "Feature", "geometry": {"type": "Point", "coordinates": [85.30295, 27.6211]}, "properties": {"id": "74645", "title": "Landslide at Bumati Buspark , Lalitpur Metropolitan City-22", "state": "approaching", "r24": 64.5, "r72": 129.0, "authority": "Rural/Urban Municipality (Ward Committee)", "office": "Ward Committee under the Ward Chair; municipal executive (Mayor/Chair) above it", "legal_basis": "LGOA 2074 s.12(2)(c)(23) 'Remove floods, landslides in the roads'; s.12(2)(c)(21)-(22); Constitution of Nepal 2072 Sch. 8 item 11 read with LGOA 2074 s.11(1) and s.11(2)(\u091f)", "source": "chirps"}}, {"type": "Feature", "geometry": {"type": "Point", "coordinates": [86.8135, 27.28599]}, "properties": {"id": "74675", "title": "Landslide at Hurlang , Diktel Rupakot Majhuwagadhi Municipality-11", "state": "approaching", "r24": 77.7, "r72": 155.4, "authority": "Rural/Urban Municipality (Ward Committee)", "office": "Ward Committee under the Ward Chair; municipal executive (Mayor/Chair) above it", "legal_basis": "LGOA 2074 s.12(2)(c)(23) 'Remove floods, landslides in the roads'; s.12(2)(c)(21)-(22); Constitution of Nepal 2072 Sch. 8 item 11 read with LGOA 2074 s.11(1) and s.11(2)(\u091f)", "source": "chirps"}}, {"type": "Feature", "geometry": {"type": "Point", "coordinates": [85.50979, 27.63481]}, "properties": {"id": "74693", "title": "Landslide at Banepa Municipality-10", "state": "approaching", "r24": 60.2, "r72": 140.5, "authority": "Rural/Urban Municipality (Ward Committee)", "office": "Ward Committee under the Ward Chair; municipal executive (Mayor/Chair) above it", "legal_basis": "LGOA 2074 s.12(2)(c)(23) 'Remove floods, landslides in the roads'; s.12(2)(c)(21)-(22); Constitution of Nepal 2072 Sch. 8 item 11 read with LGOA 2074 s.11(1) and s.11(2)(\u091f)", "source": "chirps"}}, {"type": "Feature", "geometry": {"type": "Point", "coordinates": [85.43875, 27.59987]}, "properties": {"id": "74722", "title": "Landslide at Singe , Panauti Municipality-1", "state": "approaching", "r24": 78.2, "r72": 136.9, "authority": "Rural/Urban Municipality (Ward Committee)", "office": "Ward Committee under the Ward Chair; municipal executive (Mayor/Chair) above it", "legal_basis": "LGOA 2074 s.12(2)(c)(23) 'Remove floods, landslides in the roads'; s.12(2)(c)(21)-(22); Constitution of Nepal 2072 Sch. 8 item 11 read with LGOA 2074 s.11(1) and s.11(2)(\u091f)", "source": "chirps"}}, {"type": "Feature", "geometry": {"type": "Point", "coordinates": [85.5578, 27.59323]}, "properties": {"id": "74724", "title": "Landslide at Dhulikhel Municipality-10", "state": "approaching", "r24": 72.4, "r72": 126.8, "authority": "Rural/Urban Municipality (Ward Committee)", "office": "Ward Committee under the Ward Chair; municipal executive (Mayor/Chair) above it", "legal_basis": "LGOA 2074 s.12(2)(c)(23) 'Remove floods, landslides in the roads'; s.12(2)(c)(21)-(22); Constitution of Nepal 2072 Sch. 8 item 11 read with LGOA 2074 s.11(1) and s.11(2)(\u091f)", "source": "chirps"}}, {"type": "Feature", "geometry": {"type": "Point", "coordinates": [85.35064, 27.56715]}, "properties": {"id": "74736", "title": "Landslide at Lele, Godawari_Lalitpur Municipality-5", "state": "approaching", "r24": 74.5, "r72": 130.4, "authority": "Rural/Urban Municipality (Ward Committee)", "office": "Ward Committee under the Ward Chair; municipal executive (Mayor/Chair) above it", "legal_basis": "LGOA 2074 s.12(2)(c)(23) 'Remove floods, landslides in the roads'; s.12(2)(c)(21)-(22); Constitution of Nepal 2072 Sch. 8 item 11 read with LGOA 2074 s.11(1) and s.11(2)(\u091f)", "source": "chirps"}}, {"type": "Feature", "geometry": {"type": "Point", "coordinates": [86.43834, 27.23591]}, "properties": {"id": "74779", "title": "Landslide at Manebhanjyang Rural Municipality-9", "state": "approaching", "r24": 78.5, "r72": 137.4, "authority": "Rural/Urban Municipality (Ward Committee)", "office": "Ward Committee under the Ward Chair; municipal executive (Mayor/Chair) above it", "legal_basis": "LGOA 2074 s.12(2)(c)(23) 'Remove floods, landslides in the roads'; s.12(2)(c)(21)-(22); Constitution of Nepal 2072 Sch. 8 item 11 read with LGOA 2074 s.11(1) and s.11(2)(\u091f)", "source": "chirps"}}, {"type": "Feature", "geometry": {"type": "Point", "coordinates": [86.44126, 27.10083]}, "properties": {"id": "74802", "title": "Landslide at Katari Municipality-10", "state": "below", "r24": 50.8, "r72": 81.2, "authority": "Rural/Urban Municipality (Ward Committee)", "office": "Ward Committee under the Ward Chair; municipal executive (Mayor/Chair) above it", "legal_basis": "LGOA 2074 s.12(2)(c)(23) 'Remove floods, landslides in the roads'; s.12(2)(c)(21)-(22); Constitution of Nepal 2072 Sch. 8 item 11 read with LGOA 2074 s.11(1) and s.11(2)(\u091f)", "source": "chirps"}}, {"type": "Feature", "geometry": {"type": "Point", "coordinates": [85.54501, 27.54646]}, "properties": {"id": "74854", "title": "Landslide at Thumki /Ladkepauwa , Panauti Municipality-11", "state": "exceeded", "r24": 83.7, "r72": 146.4, "authority": "Rural/Urban Municipality (Ward Committee)", "office": "Ward Committee under the Ward Chair; municipal executive (Mayor/Chair) above it", "legal_basis": "LGOA 2074 s.12(2)(c)(23) 'Remove floods, landslides in the roads'; s.12(2)(c)(21)-(22); Constitution of Nepal 2072 Sch. 8 item 11 read with LGOA 2074 s.11(1) and s.11(2)(\u091f)", "source": "chirps"}}, {"type": "Feature", "geometry": {"type": "Point", "coordinates": [85.72061, 27.44672]}, "properties": {"id": "74859", "title": "Landslide at Balting , Roshi Rural Municipality-10", "state": "approaching", "r24": 90.7, "r72": 126.9, "authority": "Rural/Urban Municipality (Ward Committee)", "office": "Ward Committee under the Ward Chair; municipal executive (Mayor/Chair) above it", "legal_basis": "LGOA 2074 s.12(2)(c)(23) 'Remove floods, landslides in the roads'; s.12(2)(c)(21)-(22); Constitution of Nepal 2072 Sch. 8 item 11 read with LGOA 2074 s.11(1) and s.11(2)(\u091f)", "source": "chirps"}}, {"type": "Feature", "geometry": {"type": "Point", "coordinates": [85.67712, 27.67813]}, "properties": {"id": "74862", "title": "Landslide at Mandandeupur , Mandandeupur Municipality-12", "state": "exceeded", "r24": 59.4, "r72": 158.5, "authority": "Rural/Urban Municipality (Ward Committee)", "office": "Ward Committee under the Ward Chair; municipal executive (Mayor/Chair) above it", "legal_basis": "LGOA 2074 s.12(2)(c)(23) 'Remove floods, landslides in the roads'; s.12(2)(c)(21)-(22); Constitution of Nepal 2072 Sch. 8 item 11 read with LGOA 2074 s.11(1) and s.11(2)(\u091f)", "source": "chirps"}}, {"type": "Feature", "geometry": {"type": "Point", "coordinates": [85.71476, 27.57008]}, "properties": {"id": "74942", "title": "Landslide at Temal Rural Municipality-1", "state": "approaching", "r24": 59.4, "r72": 133.6, "authority": "Rural/Urban Municipality (Ward Committee)", "office": "Ward Committee under the Ward Chair; municipal executive (Mayor/Chair) above it", "legal_basis": "LGOA 2074 s.12(2)(c)(23) 'Remove floods, landslides in the roads'; s.12(2)(c)(21)-(22); Constitution of Nepal 2072 Sch. 8 item 11 read with LGOA 2074 s.11(1) and s.11(2)(\u091f)", "source": "chirps"}}, {"type": "Feature", "geometry": {"type": "Point", "coordinates": [85.33523, 27.69152]}, "properties": {"id": "74959", "title": "Landslide at T.U.  & ward 8 Gaushala , Kathmandu Metropolitan City-10", "state": "exceeded", "r24": 78.7, "r72": 157.3, "authority": "Rural/Urban Municipality (Ward Committee)", "office": "Ward Committee under the Ward Chair; municipal executive (Mayor/Chair) above it", "legal_basis": "LGOA 2074 s.12(2)(c)(23) 'Remove floods, landslides in the roads'; s.12(2)(c)(21)-(22); Constitution of Nepal 2072 Sch. 8 item 11 read with LGOA 2074 s.11(1) and s.11(2)(\u091f)", "source": "chirps"}}, {"type": "Feature", "geometry": {"type": "Point", "coordinates": [87.80628, 26.86678]}, "properties": {"id": "75030", "title": "Landslide at Shreekhumba , Deumai Municipality-9", "state": "approaching", "r24": 26.3, "r72": 131.3, "authority": "Rural/Urban Municipality (Ward Committee)", "office": "Ward Committee under the Ward Chair; municipal executive (Mayor/Chair) above it", "legal_basis": "LGOA 2074 s.12(2)(c)(23) 'Remove floods, landslides in the roads'; s.12(2)(c)(21)-(22); Constitution of Nepal 2072 Sch. 8 item 11 read with LGOA 2074 s.11(1) and s.11(2)(\u091f)", "source": "chirps"}}, {"type": "Feature", "geometry": {"type": "Point", "coordinates": [81.83578, 28.81395]}, "properties": {"id": "80479", "title": "Landslide at Sidar, Bhagawatimai Rural Municipality-2", "state": "below", "r24": 0.0, "r72": 0.0, "authority": "Rural/Urban Municipality (Ward Committee)", "office": "Ward Committee under the Ward Chair; municipal executive (Mayor/Chair) above it", "legal_basis": "LGOA 2074 s.12(2)(c)(23) 'Remove floods, landslides in the roads'; s.12(2)(c)(21)-(22); Constitution of Nepal 2072 Sch. 8 item 11 read with LGOA 2074 s.11(1) and s.11(2)(\u091f)", "source": "chirps"}}, {"type": "Feature", "geometry": {"type": "Point", "coordinates": [86.46176, 27.27767]}, "properties": {"id": "80541", "title": "Landslide at Siddhicharan Municipality-10", "state": "exceeded", "r24": 84.3, "r72": 151.8, "authority": "Rural/Urban Municipality (Ward Committee)", "office": "Ward Committee under the Ward Chair; municipal executive (Mayor/Chair) above it", "legal_basis": "LGOA 2074 s.12(2)(c)(23) 'Remove floods, landslides in the roads'; s.12(2)(c)(21)-(22); Constitution of Nepal 2072 Sch. 8 item 11 read with LGOA 2074 s.11(1) and s.11(2)(\u091f)", "source": "chirps"}}, {"type": "Feature", "geometry": {"type": "Point", "coordinates": [85.50315, 27.71393]}, "properties": {"id": "80557", "title": "Landslide at Phadi, Changunarayan Municipality-6", "state": "exceeded", "r24": 80.1, "r72": 180.3, "authority": "Rural/Urban Municipality (Ward Committee)", "office": "Ward Committee under the Ward Chair; municipal executive (Mayor/Chair) above it", "legal_basis": "LGOA 2074 s.12(2)(c)(23) 'Remove floods, landslides in the roads'; s.12(2)(c)(21)-(22); Constitution of Nepal 2072 Sch. 8 item 11 read with LGOA 2074 s.11(1) and s.11(2)(\u091f)", "source": "chirps"}}, {"type": "Feature", "geometry": {"type": "Point", "coordinates": [84.0879, 28.39689]}, "properties": {"id": "80594", "title": "Landslide at Khilang, Madi Rural Municipality-1", "state": "exceeded", "r24": 38.5, "r72": 269.3, "authority": "Rural/Urban Municipality (Ward Committee)", "office": "Ward Committee under the Ward Chair; municipal executive (Mayor/Chair) above it", "legal_basis": "LGOA 2074 s.12(2)(c)(23) 'Remove floods, landslides in the roads'; s.12(2)(c)(21)-(22); Constitution of Nepal 2072 Sch. 8 item 11 read with LGOA 2074 s.11(1) and s.11(2)(\u091f)", "source": "chirps"}}, {"type": "Feature", "geometry": {"type": "Point", "coordinates": [83.38053, 28.06685]}, "properties": {"id": "80595", "title": "Landslide at Sisne, Chandrakot Rural Municipality-7", "state": "approaching", "r24": 15.2, "r72": 136.9, "authority": "Rural/Urban Municipality (Ward Committee)", "office": "Ward Committee under the Ward Chair; municipal executive (Mayor/Chair) above it", "legal_basis": "LGOA 2074 s.12(2)(c)(23) 'Remove floods, landslides in the roads'; s.12(2)(c)(21)-(22); Constitution of Nepal 2072 Sch. 8 item 11 read with LGOA 2074 s.11(1) and s.11(2)(\u091f)", "source": "chirps"}}, {"type": "Feature", "geometry": {"type": "Point", "coordinates": [86.86266, 27.46339]}, "properties": {"id": "80723", "title": "Landslide at Mahakulung Rural Municipality-5", "state": "exceeded", "r24": 110.9, "r72": 194.0, "authority": "Rural/Urban Municipality (Ward Committee)", "office": "Ward Committee under the Ward Chair; municipal executive (Mayor/Chair) above it", "legal_basis": "LGOA 2074 s.12(2)(c)(23) 'Remove floods, landslides in the roads'; s.12(2)(c)(21)-(22); Constitution of Nepal 2072 Sch. 8 item 11 read with LGOA 2074 s.11(1) and s.11(2)(\u091f)", "source": "chirps"}}, {"type": "Feature", "geometry": {"type": "Point", "coordinates": [80.61839, 29.56853]}, "properties": {"id": "80807", "title": "Landslide at Gora Gaau , Purchaudi Municipality-10", "state": "below", "r24": 0.0, "r72": 24.2, "authority": "Rural/Urban Municipality (Ward Committee)", "office": "Ward Committee under the Ward Chair; municipal executive (Mayor/Chair) above it", "legal_basis": "LGOA 2074 s.12(2)(c)(23) 'Remove floods, landslides in the roads'; s.12(2)(c)(21)-(22); Constitution of Nepal 2072 Sch. 8 item 11 read with LGOA 2074 s.11(1) and s.11(2)(\u091f)", "source": "chirps"}}, {"type": "Feature", "geometry": {"type": "Point", "coordinates": [80.17406, 28.95163]}, "properties": {"id": "80809", "title": "Landslide at Bhimdatta Municipality-15", "state": "below", "r24": 0.0, "r72": 14.4, "authority": "Rural/Urban Municipality (Ward Committee)", "office": "Ward Committee under the Ward Chair; municipal executive (Mayor/Chair) above it", "legal_basis": "LGOA 2074 s.12(2)(c)(23) 'Remove floods, landslides in the roads'; s.12(2)(c)(21)-(22); Constitution of Nepal 2072 Sch. 8 item 11 read with LGOA 2074 s.11(1) and s.11(2)(\u091f)", "source": "chirps"}}, {"type": "Feature", "geometry": {"type": "Point", "coordinates": [85.19168, 27.98777]}, "properties": {"id": "80873", "title": "Landslide at Bogatitar, Uttargaya Rural Municipality-5", "state": "exceeded", "r24": 65.8, "r72": 175.5, "authority": "Rural/Urban Municipality (Ward Committee)", "office": "Ward Committee under the Ward Chair; municipal executive (Mayor/Chair) above it", "legal_basis": "LGOA 2074 s.12(2)(c)(23) 'Remove floods, landslides in the roads'; s.12(2)(c)(21)-(22); Constitution of Nepal 2072 Sch. 8 item 11 read with LGOA 2074 s.11(1) and s.11(2)(\u091f)", "source": "chirps"}}, {"type": "Feature", "geometry": {"type": "Point", "coordinates": [81.71423, 28.74449]}, "properties": {"id": "80874", "title": "Landslide at Dandaparajul, Dungeshwor Rural Municipality-5", "state": "below", "r24": 0.0, "r72": 0.0, "authority": "Rural/Urban Municipality (Ward Committee)", "office": "Ward Committee under the Ward Chair; municipal executive (Mayor/Chair) above it", "legal_basis": "LGOA 2074 s.12(2)(c)(23) 'Remove floods, landslides in the roads'; s.12(2)(c)(21)-(22); Constitution of Nepal 2072 Sch. 8 item 11 read with LGOA 2074 s.11(1) and s.11(2)(\u091f)", "source": "chirps"}}, {"type": "Feature", "geometry": {"type": "Point", "coordinates": [82.1085, 28.87116]}, "properties": {"id": "80877", "title": "Landslide at Kuse Rural Municipality-3", "state": "below", "r24": 0.0, "r72": 0.0, "authority": "Rural/Urban Municipality (Ward Committee)", "office": "Ward Committee under the Ward Chair; municipal executive (Mayor/Chair) above it", "legal_basis": "LGOA 2074 s.12(2)(c)(23) 'Remove floods, landslides in the roads'; s.12(2)(c)(21)-(22); Constitution of Nepal 2072 Sch. 8 item 11 read with LGOA 2074 s.11(1) and s.11(2)(\u091f)", "source": "chirps"}}, {"type": "Feature", "geometry": {"type": "Point", "coordinates": [85.86842, 27.70352]}, "properties": {"id": "80895", "title": "Landslide at Timure, Lisangkhu Pakhar Rural Municipality-7", "state": "exceeded", "r24": 111.3, "r72": 250.4, "authority": "Rural/Urban Municipality (Ward Committee)", "office": "Ward Committee under the Ward Chair; municipal executive (Mayor/Chair) above it", "legal_basis": "LGOA 2074 s.12(2)(c)(23) 'Remove floods, landslides in the roads'; s.12(2)(c)(21)-(22); Constitution of Nepal 2072 Sch. 8 item 11 read with LGOA 2074 s.11(1) and s.11(2)(\u091f)", "source": "chirps"}}, {"type": "Feature", "geometry": {"type": "Point", "coordinates": [81.94354, 29.4722]}, "properties": {"id": "80897", "title": "Landslide at Tarapani , Khatyad Rural Municipality-5", "state": "below", "r24": 0.0, "r72": 0.0, "authority": "Rural/Urban Municipality (Ward Committee)", "office": "Ward Committee under the Ward Chair; municipal executive (Mayor/Chair) above it", "legal_basis": "LGOA 2074 s.12(2)(c)(23) 'Remove floods, landslides in the roads'; s.12(2)(c)(21)-(22); Constitution of Nepal 2072 Sch. 8 item 11 read with LGOA 2074 s.11(1) and s.11(2)(\u091f)", "source": "chirps"}}, {"type": "Feature", "geometry": {"type": "Point", "coordinates": [85.69773, 27.82426]}, "properties": {"id": "80901", "title": "Landslide at Syaule , Chautara SangachokGadhi Municipality-1", "state": "exceeded", "r24": 120.3, "r72": 240.7, "authority": "Rural/Urban Municipality (Ward Committee)", "office": "Ward Committee under the Ward Chair; municipal executive (Mayor/Chair) above it", "legal_basis": "LGOA 2074 s.12(2)(c)(23) 'Remove floods, landslides in the roads'; s.12(2)(c)(21)-(22); Constitution of Nepal 2072 Sch. 8 item 11 read with LGOA 2074 s.11(1) and s.11(2)(\u091f)", "source": "chirps"}}, {"type": "Feature", "geometry": {"type": "Point", "coordinates": [85.13618, 27.8719]}, "properties": {"id": "80903", "title": "Landslide at Devighat , Bidur Municipality-5", "state": "exceeded", "r24": 57.0, "r72": 152.1, "authority": "Rural/Urban Municipality (Ward Committee)", "office": "Ward Committee under the Ward Chair; municipal executive (Mayor/Chair) above it", "legal_basis": "LGOA 2074 s.12(2)(c)(23) 'Remove floods, landslides in the roads'; s.12(2)(c)(21)-(22); Constitution of Nepal 2072 Sch. 8 item 11 read with LGOA 2074 s.11(1) and s.11(2)(\u091f)", "source": "chirps"}}, {"type": "Feature", "geometry": {"type": "Point", "coordinates": [81.2686, 29.09082]}, "properties": {"id": "80963", "title": "Landslide at Mangalsen Municipality-6", "state": "below", "r24": 0.0, "r72": 36.5, "authority": "Rural/Urban Municipality (Ward Committee)", "office": "Ward Committee under the Ward Chair; municipal executive (Mayor/Chair) above it", "legal_basis": "LGOA 2074 s.12(2)(c)(23) 'Remove floods, landslides in the roads'; s.12(2)(c)(21)-(22); Constitution of Nepal 2072 Sch. 8 item 11 read with LGOA 2074 s.11(1) and s.11(2)(\u091f)", "source": "chirps"}}, {"type": "Feature", "geometry": {"type": "Point", "coordinates": [82.55938, 28.6985]}, "properties": {"id": "81000", "title": "Landslide at Tharkate , Banfikot Rural Municipality-2", "state": "approaching", "r24": 0.0, "r72": 130.5, "authority": "Rural/Urban Municipality (Ward Committee)", "office": "Ward Committee under the Ward Chair; municipal executive (Mayor/Chair) above it", "legal_basis": "LGOA 2074 s.12(2)(c)(23) 'Remove floods, landslides in the roads'; s.12(2)(c)(21)-(22); Constitution of Nepal 2072 Sch. 8 item 11 read with LGOA 2074 s.11(1) and s.11(2)(\u091f)", "source": "chirps"}}, {"type": "Feature", "geometry": {"type": "Point", "coordinates": [86.5594, 27.34765]}, "properties": {"id": "81007", "title": "Landslide at Solarghar , Chisankhugadhi Rural Municipality-7", "state": "exceeded", "r24": 98.7, "r72": 172.8, "authority": "Rural/Urban Municipality (Ward Committee)", "office": "Ward Committee under the Ward Chair; municipal executive (Mayor/Chair) above it", "legal_basis": "LGOA 2074 s.12(2)(c)(23) 'Remove floods, landslides in the roads'; s.12(2)(c)(21)-(22); Constitution of Nepal 2072 Sch. 8 item 11 read with LGOA 2074 s.11(1) and s.11(2)(\u091f)", "source": "chirps"}}, {"type": "Feature", "geometry": {"type": "Point", "coordinates": [87.72963, 26.92374]}, "properties": {"id": "81242", "title": "Landslide at Fakphokthum Rural Municipality-5", "state": "approaching", "r24": 68.7, "r72": 137.4, "authority": "Rural/Urban Municipality (Ward Committee)", "office": "Ward Committee under the Ward Chair; municipal executive (Mayor/Chair) above it", "legal_basis": "LGOA 2074 s.12(2)(c)(23) 'Remove floods, landslides in the roads'; s.12(2)(c)(21)-(22); Constitution of Nepal 2072 Sch. 8 item 11 read with LGOA 2074 s.11(1) and s.11(2)(\u091f)", "source": "chirps"}}, {"type": "Feature", "geometry": {"type": "Point", "coordinates": [85.84065, 27.77392]}, "properties": {"id": "81261", "title": "Landslide at Chimling Beshi , Balefi Rural Municipality-7", "state": "exceeded", "r24": 151.5, "r72": 340.9, "authority": "Rural/Urban Municipality (Ward Committee)", "office": "Ward Committee under the Ward Chair; municipal executive (Mayor/Chair) above it", "legal_basis": "LGOA 2074 s.12(2)(c)(23) 'Remove floods, landslides in the roads'; s.12(2)(c)(21)-(22); Constitution of Nepal 2072 Sch. 8 item 11 read with LGOA 2074 s.11(1) and s.11(2)(\u091f)", "source": "chirps"}}, {"type": "Feature", "geometry": {"type": "Point", "coordinates": [86.35505, 27.50254]}, "properties": {"id": "81478", "title": "Landslide at Buku , Khijidemba Rural Municipality-7", "state": "exceeded", "r24": 108.7, "r72": 190.1, "authority": "Rural/Urban Municipality (Ward Committee)", "office": "Ward Committee under the Ward Chair; municipal executive (Mayor/Chair) above it", "legal_basis": "LGOA 2074 s.12(2)(c)(23) 'Remove floods, landslides in the roads'; s.12(2)(c)(21)-(22); Constitution of Nepal 2072 Sch. 8 item 11 read with LGOA 2074 s.11(1) and s.11(2)(\u091f)", "source": "chirps"}}, {"type": "Feature", "geometry": {"type": "Point", "coordinates": [82.58551, 28.67995]}, "properties": {"id": "81552", "title": "Landslide at Banfikot Rural Municipality-1", "state": "approaching", "r24": 0.0, "r72": 130.5, "authority": "Rural/Urban Municipality (Ward Committee)", "office": "Ward Committee under the Ward Chair; municipal executive (Mayor/Chair) above it", "legal_basis": "LGOA 2074 s.12(2)(c)(23) 'Remove floods, landslides in the roads'; s.12(2)(c)(21)-(22); Constitution of Nepal 2072 Sch. 8 item 11 read with LGOA 2074 s.11(1) and s.11(2)(\u091f)", "source": "chirps"}}, {"type": "Feature", "geometry": {"type": "Point", "coordinates": [81.46574, 29.05697]}, "properties": {"id": "81616", "title": "Landslide at Aathabis Municipality-4", "state": "below", "r24": 0.0, "r72": 34.9, "authority": "Rural/Urban Municipality (Ward Committee)", "office": "Ward Committee under the Ward Chair; municipal executive (Mayor/Chair) above it", "legal_basis": "LGOA 2074 s.12(2)(c)(23) 'Remove floods, landslides in the roads'; s.12(2)(c)(21)-(22); Constitution of Nepal 2072 Sch. 8 item 11 read with LGOA 2074 s.11(1) and s.11(2)(\u091f)", "source": "chirps"}}, {"type": "Feature", "geometry": {"type": "Point", "coordinates": [85.71838, 27.36504]}, "properties": {"id": "81632", "title": "Landslide at Ghanglekh Rural Municipality-5", "state": "approaching", "r24": 79.9, "r72": 127.9, "authority": "Rural/Urban Municipality (Ward Committee)", "office": "Ward Committee under the Ward Chair; municipal executive (Mayor/Chair) above it", "legal_basis": "LGOA 2074 s.12(2)(c)(23) 'Remove floods, landslides in the roads'; s.12(2)(c)(21)-(22); Constitution of Nepal 2072 Sch. 8 item 11 read with LGOA 2074 s.11(1) and s.11(2)(\u091f)", "source": "chirps"}}, {"type": "Feature", "geometry": {"type": "Point", "coordinates": [82.80819, 28.21498]}, "properties": {"id": "81789", "title": "Landslide at Lungri Rural Municipality-3", "state": "approaching", "r24": 0.0, "r72": 140.6, "authority": "Rural/Urban Municipality (Ward Committee)", "office": "Ward Committee under the Ward Chair; municipal executive (Mayor/Chair) above it", "legal_basis": "LGOA 2074 s.12(2)(c)(23) 'Remove floods, landslides in the roads'; s.12(2)(c)(21)-(22); Constitution of Nepal 2072 Sch. 8 item 11 read with LGOA 2074 s.11(1) and s.11(2)(\u091f)", "source": "chirps"}}, {"type": "Feature", "geometry": {"type": "Point", "coordinates": [82.4441, 28.94779]}, "properties": {"id": "81986", "title": "Landslide at Tallo Hitan Gaau , Nalgaad Municipality-11", "state": "below", "r24": 0.0, "r72": 0.0, "authority": "Rural/Urban Municipality (Ward Committee)", "office": "Ward Committee under the Ward Chair; municipal executive (Mayor/Chair) above it", "legal_basis": "LGOA 2074 s.12(2)(c)(23) 'Remove floods, landslides in the roads'; s.12(2)(c)(21)-(22); Constitution of Nepal 2072 Sch. 8 item 11 read with LGOA 2074 s.11(1) and s.11(2)(\u091f)", "source": "chirps"}}, {"type": "Feature", "geometry": {"type": "Point", "coordinates": [85.31955, 27.79639]}, "properties": {"id": "82013", "title": "Landslide at Tarakeshwor Municipality-1", "state": "exceeded", "r24": 84.9, "r72": 191.0, "authority": "Rural/Urban Municipality (Ward Committee)", "office": "Ward Committee under the Ward Chair; municipal executive (Mayor/Chair) above it", "legal_basis": "LGOA 2074 s.12(2)(c)(23) 'Remove floods, landslides in the roads'; s.12(2)(c)(21)-(22); Constitution of Nepal 2072 Sch. 8 item 11 read with LGOA 2074 s.11(1) and s.11(2)(\u091f)", "source": "chirps"}}, {"type": "Feature", "geometry": {"type": "Point", "coordinates": [81.74148, 28.89726]}, "properties": {"id": "82037", "title": "Landslide at Narayan Municipality-4", "state": "below", "r24": 0.0, "r72": 0.0, "authority": "Rural/Urban Municipality (Ward Committee)", "office": "Ward Committee under the Ward Chair; municipal executive (Mayor/Chair) above it", "legal_basis": "LGOA 2074 s.12(2)(c)(23) 'Remove floods, landslides in the roads'; s.12(2)(c)(21)-(22); Constitution of Nepal 2072 Sch. 8 item 11 read with LGOA 2074 s.11(1) and s.11(2)(\u091f)", "source": "chirps"}}, {"type": "Feature", "geometry": {"type": "Point", "coordinates": [85.73444, 27.84901]}, "properties": {"id": "82234", "title": "Landslide at Jugal Rural Municipality-1", "state": "exceeded", "r24": 110.4, "r72": 248.4, "authority": "Rural/Urban Municipality (Ward Committee)", "office": "Ward Committee under the Ward Chair; municipal executive (Mayor/Chair) above it", "legal_basis": "LGOA 2074 s.12(2)(c)(23) 'Remove floods, landslides in the roads'; s.12(2)(c)(21)-(22); Constitution of Nepal 2072 Sch. 8 item 11 read with LGOA 2074 s.11(1) and s.11(2)(\u091f)", "source": "chirps"}}, {"type": "Feature", "geometry": {"type": "Point", "coordinates": [80.80611, 29.61051]}, "properties": {"id": "82242", "title": "Landslide at Bungal Municipality-9", "state": "below", "r24": 0.0, "r72": 44.3, "authority": "Rural/Urban Municipality (Ward Committee)", "office": "Ward Committee under the Ward Chair; municipal executive (Mayor/Chair) above it", "legal_basis": "LGOA 2074 s.12(2)(c)(23) 'Remove floods, landslides in the roads'; s.12(2)(c)(21)-(22); Constitution of Nepal 2072 Sch. 8 item 11 read with LGOA 2074 s.11(1) and s.11(2)(\u091f)", "source": "chirps"}}, {"type": "Feature", "geometry": {"type": "Point", "coordinates": [81.91988, 28.85619]}, "properties": {"id": "82257", "title": "Landslide at Junichande Rural Municipality-9", "state": "below", "r24": 0.0, "r72": 0.0, "authority": "Rural/Urban Municipality (Ward Committee)", "office": "Ward Committee under the Ward Chair; municipal executive (Mayor/Chair) above it", "legal_basis": "LGOA 2074 s.12(2)(c)(23) 'Remove floods, landslides in the roads'; s.12(2)(c)(21)-(22); Constitution of Nepal 2072 Sch. 8 item 11 read with LGOA 2074 s.11(1) and s.11(2)(\u091f)", "source": "chirps"}}, {"type": "Feature", "geometry": {"type": "Point", "coordinates": [80.50672, 29.66983]}, "properties": {"id": "82278", "title": "Landslide at Lekam Rural Municipality-6", "state": "below", "r24": 0.0, "r72": 29.8, "authority": "Rural/Urban Municipality (Ward Committee)", "office": "Ward Committee under the Ward Chair; municipal executive (Mayor/Chair) above it", "legal_basis": "LGOA 2074 s.12(2)(c)(23) 'Remove floods, landslides in the roads'; s.12(2)(c)(21)-(22); Constitution of Nepal 2072 Sch. 8 item 11 read with LGOA 2074 s.11(1) and s.11(2)(\u091f)", "source": "chirps"}}, {"type": "Feature", "geometry": {"type": "Point", "coordinates": [86.15598, 27.56322]}, "properties": {"id": "82282", "title": "Landslide at Tamakoshi Rural Municipality-7", "state": "exceeded", "r24": 70.2, "r72": 187.1, "authority": "Rural/Urban Municipality (Ward Committee)", "office": "Ward Committee under the Ward Chair; municipal executive (Mayor/Chair) above it", "legal_basis": "LGOA 2074 s.12(2)(c)(23) 'Remove floods, landslides in the roads'; s.12(2)(c)(21)-(22); Constitution of Nepal 2072 Sch. 8 item 11 read with LGOA 2074 s.11(1) and s.11(2)(\u091f)", "source": "chirps"}}, {"type": "Feature", "geometry": {"type": "Point", "coordinates": [82.41053, 28.58306]}, "properties": {"id": "82324", "title": "Landslide at Tribeni Rural Municipality-7", "state": "below", "r24": 0.0, "r72": 84.5, "authority": "Rural/Urban Municipality (Ward Committee)", "office": "Ward Committee under the Ward Chair; municipal executive (Mayor/Chair) above it", "legal_basis": "LGOA 2074 s.12(2)(c)(23) 'Remove floods, landslides in the roads'; s.12(2)(c)(21)-(22); Constitution of Nepal 2072 Sch. 8 item 11 read with LGOA 2074 s.11(1) and s.11(2)(\u091f)", "source": "chirps"}}, {"type": "Feature", "geometry": {"type": "Point", "coordinates": [83.33888, 28.12643]}, "properties": {"id": "82332", "title": "Landslide at Musikot Municipality-5", "state": "approaching", "r24": 16.5, "r72": 148.8, "authority": "Rural/Urban Municipality (Ward Committee)", "office": "Ward Committee under the Ward Chair; municipal executive (Mayor/Chair) above it", "legal_basis": "LGOA 2074 s.12(2)(c)(23) 'Remove floods, landslides in the roads'; s.12(2)(c)(21)-(22); Constitution of Nepal 2072 Sch. 8 item 11 read with LGOA 2074 s.11(1) and s.11(2)(\u091f)", "source": "chirps"}}, {"type": "Feature", "geometry": {"type": "Point", "coordinates": [82.3226, 28.66138]}, "properties": {"id": "82337", "title": "Landslide at Sahare, Sani Bheri Rural Municipality-7", "state": "below", "r24": 0.0, "r72": 34.5, "authority": "Rural/Urban Municipality (Ward Committee)", "office": "Ward Committee under the Ward Chair; municipal executive (Mayor/Chair) above it", "legal_basis": "LGOA 2074 s.12(2)(c)(23) 'Remove floods, landslides in the roads'; s.12(2)(c)(21)-(22); Constitution of Nepal 2072 Sch. 8 item 11 read with LGOA 2074 s.11(1) and s.11(2)(\u091f)", "source": "chirps"}}, {"type": "Feature", "geometry": {"type": "Point", "coordinates": [83.55691, 28.2486]}, "properties": {"id": "82565", "title": "Landslide at Sigana , Baglung Municipality-8", "state": "approaching", "r24": 0.0, "r72": 129.6, "authority": "Rural/Urban Municipality (Ward Committee)", "office": "Ward Committee under the Ward Chair; municipal executive (Mayor/Chair) above it", "legal_basis": "LGOA 2074 s.12(2)(c)(23) 'Remove floods, landslides in the roads'; s.12(2)(c)(21)-(22); Constitution of Nepal 2072 Sch. 8 item 11 read with LGOA 2074 s.11(1) and s.11(2)(\u091f)", "source": "chirps"}}, {"type": "Feature", "geometry": {"type": "Point", "coordinates": [83.9431, 28.10082]}, "properties": {"id": "82568", "title": "Landslide at Thuladihi , Putalibazar Municipality-7", "state": "exceeded", "r24": 30.3, "r72": 272.9, "authority": "Rural/Urban Municipality (Ward Committee)", "office": "Ward Committee under the Ward Chair; municipal executive (Mayor/Chair) above it", "legal_basis": "LGOA 2074 s.12(2)(c)(23) 'Remove floods, landslides in the roads'; s.12(2)(c)(21)-(22); Constitution of Nepal 2072 Sch. 8 item 11 read with LGOA 2074 s.11(1) and s.11(2)(\u091f)", "source": "chirps"}}, {"type": "Feature", "geometry": {"type": "Point", "coordinates": [83.30905, 27.78093]}, "properties": {"id": "82586", "title": "Landslide at Rainadevi Chhahara Rural Municipality-7", "state": "approaching", "r24": 30.5, "r72": 152.6, "authority": "Rural/Urban Municipality (Ward Committee)", "office": "Ward Committee under the Ward Chair; municipal executive (Mayor/Chair) above it", "legal_basis": "LGOA 2074 s.12(2)(c)(23) 'Remove floods, landslides in the roads'; s.12(2)(c)(21)-(22); Constitution of Nepal 2072 Sch. 8 item 11 read with LGOA 2074 s.11(1) and s.11(2)(\u091f)", "source": "chirps"}}, {"type": "Feature", "geometry": {"type": "Point", "coordinates": [87.14007, 27.22937]}, "properties": {"id": "82591", "title": "Landslide at Soryang , Arun Rural Municipality-2", "state": "exceeded", "r24": 123.9, "r72": 165.2, "authority": "Rural/Urban Municipality (Ward Committee)", "office": "Ward Committee under the Ward Chair; municipal executive (Mayor/Chair) above it", "legal_basis": "LGOA 2074 s.12(2)(c)(23) 'Remove floods, landslides in the roads'; s.12(2)(c)(21)-(22); Constitution of Nepal 2072 Sch. 8 item 11 read with LGOA 2074 s.11(1) and s.11(2)(\u091f)", "source": "chirps"}}, {"type": "Feature", "geometry": {"type": "Point", "coordinates": [82.42632, 28.66873]}, "properties": {"id": "82624", "title": "Landslide at Banfikot Rural Municipality-10", "state": "below", "r24": 0.0, "r72": 56.9, "authority": "Rural/Urban Municipality (Ward Committee)", "office": "Ward Committee under the Ward Chair; municipal executive (Mayor/Chair) above it", "legal_basis": "LGOA 2074 s.12(2)(c)(23) 'Remove floods, landslides in the roads'; s.12(2)(c)(21)-(22); Constitution of Nepal 2072 Sch. 8 item 11 read with LGOA 2074 s.11(1) and s.11(2)(\u091f)", "source": "chirps"}}, {"type": "Feature", "geometry": {"type": "Point", "coordinates": [85.88219, 27.72335]}, "properties": {"id": "82996", "title": "Landslide at Lamidanda, Lisangkhu Pakhar Rural Municipality-6", "state": "exceeded", "r24": 111.3, "r72": 250.4, "authority": "Rural/Urban Municipality (Ward Committee)", "office": "Ward Committee under the Ward Chair; municipal executive (Mayor/Chair) above it", "legal_basis": "LGOA 2074 s.12(2)(c)(23) 'Remove floods, landslides in the roads'; s.12(2)(c)(21)-(22); Constitution of Nepal 2072 Sch. 8 item 11 read with LGOA 2074 s.11(1) and s.11(2)(\u091f)", "source": "chirps"}}, {"type": "Feature", "geometry": {"type": "Point", "coordinates": [87.79841, 26.92025]}, "properties": {"id": "83020", "title": "Landslide at Deumai Municipality-5", "state": "approaching", "r24": 70.8, "r72": 141.7, "authority": "Rural/Urban Municipality (Ward Committee)", "office": "Ward Committee under the Ward Chair; municipal executive (Mayor/Chair) above it", "legal_basis": "LGOA 2074 s.12(2)(c)(23) 'Remove floods, landslides in the roads'; s.12(2)(c)(21)-(22); Constitution of Nepal 2072 Sch. 8 item 11 read with LGOA 2074 s.11(1) and s.11(2)(\u091f)", "source": "chirps"}}, {"type": "Feature", "geometry": {"type": "Point", "coordinates": [87.92656, 26.94898]}, "properties": {"id": "83024", "title": "Landslide at Illam Municipality-5", "state": "exceeded", "r24": 53.1, "r72": 159.2, "authority": "Rural/Urban Municipality (Ward Committee)", "office": "Ward Committee under the Ward Chair; municipal executive (Mayor/Chair) above it", "legal_basis": "LGOA 2074 s.12(2)(c)(23) 'Remove floods, landslides in the roads'; s.12(2)(c)(21)-(22); Constitution of Nepal 2072 Sch. 8 item 11 read with LGOA 2074 s.11(1) and s.11(2)(\u091f)", "source": "chirps"}}, {"type": "Feature", "geometry": {"type": "Point", "coordinates": [85.40153, 27.2942]}, "properties": {"id": "83046", "title": "Landslide at Bagmati Rural Municipality-4", "state": "exceeded", "r24": 108.8, "r72": 244.9, "authority": "Rural/Urban Municipality (Ward Committee)", "office": "Ward Committee under the Ward Chair; municipal executive (Mayor/Chair) above it", "legal_basis": "LGOA 2074 s.12(2)(c)(23) 'Remove floods, landslides in the roads'; s.12(2)(c)(21)-(22); Constitution of Nepal 2072 Sch. 8 item 11 read with LGOA 2074 s.11(1) and s.11(2)(\u091f)", "source": "chirps"}}, {"type": "Feature", "geometry": {"type": "Point", "coordinates": [87.90249, 27.04333]}, "properties": {"id": "83054", "title": "Landslide at Sandakpur Rural Municipality-1", "state": "exceeded", "r24": 40.7, "r72": 162.8, "authority": "Rural/Urban Municipality (Ward Committee)", "office": "Ward Committee under the Ward Chair; municipal executive (Mayor/Chair) above it", "legal_basis": "LGOA 2074 s.12(2)(c)(23) 'Remove floods, landslides in the roads'; s.12(2)(c)(21)-(22); Constitution of Nepal 2072 Sch. 8 item 11 read with LGOA 2074 s.11(1) and s.11(2)(\u091f)", "source": "chirps"}}, {"type": "Feature", "geometry": {"type": "Point", "coordinates": [85.45976, 27.64255]}, "properties": {"id": "83060", "title": "Landslide at Suryabinayak Municipality-9", "state": "exceeded", "r24": 99.6, "r72": 174.3, "authority": "Rural/Urban Municipality (Ward Committee)", "office": "Ward Committee under the Ward Chair; municipal executive (Mayor/Chair) above it", "legal_basis": "LGOA 2074 s.12(2)(c)(23) 'Remove floods, landslides in the roads'; s.12(2)(c)(21)-(22); Constitution of Nepal 2072 Sch. 8 item 11 read with LGOA 2074 s.11(1) and s.11(2)(\u091f)", "source": "chirps"}}, {"type": "Feature", "geometry": {"type": "Point", "coordinates": [87.36168, 27.30089]}, "properties": {"id": "83064", "title": "Landslide at Chainpur Municipality-3", "state": "exceeded", "r24": 150.6, "r72": 150.6, "authority": "Rural/Urban Municipality (Ward Committee)", "office": "Ward Committee under the Ward Chair; municipal executive (Mayor/Chair) above it", "legal_basis": "LGOA 2074 s.12(2)(c)(23) 'Remove floods, landslides in the roads'; s.12(2)(c)(21)-(22); Constitution of Nepal 2072 Sch. 8 item 11 read with LGOA 2074 s.11(1) and s.11(2)(\u091f)", "source": "chirps"}}, {"type": "Feature", "geometry": {"type": "Point", "coordinates": [87.32919, 27.11432]}, "properties": {"id": "83083", "title": "Landslide at Mahalaxmi Municipality-7", "state": "approaching", "r24": 47.4, "r72": 142.3, "authority": "Rural/Urban Municipality (Ward Committee)", "office": "Ward Committee under the Ward Chair; municipal executive (Mayor/Chair) above it", "legal_basis": "LGOA 2074 s.12(2)(c)(23) 'Remove floods, landslides in the roads'; s.12(2)(c)(21)-(22); Constitution of Nepal 2072 Sch. 8 item 11 read with LGOA 2074 s.11(1) and s.11(2)(\u091f)", "source": "chirps"}}, {"type": "Feature", "geometry": {"type": "Point", "coordinates": [87.02511, 27.12585]}, "properties": {"id": "83084", "title": "Landslide at Ramprasad Rai Rural Municipality-3", "state": "below", "r24": 38.4, "r72": 105.7, "authority": "Rural/Urban Municipality (Ward Committee)", "office": "Ward Committee under the Ward Chair; municipal executive (Mayor/Chair) above it", "legal_basis": "LGOA 2074 s.12(2)(c)(23) 'Remove floods, landslides in the roads'; s.12(2)(c)(21)-(22); Constitution of Nepal 2072 Sch. 8 item 11 read with LGOA 2074 s.11(1) and s.11(2)(\u091f)", "source": "chirps"}}, {"type": "Feature", "geometry": {"type": "Point", "coordinates": [85.57867, 27.60388]}, "properties": {"id": "83086", "title": "Landslide at Dhulikhel Municipality-9", "state": "approaching", "r24": 43.9, "r72": 117.0, "authority": "Rural/Urban Municipality (Ward Committee)", "office": "Ward Committee under the Ward Chair; municipal executive (Mayor/Chair) above it", "legal_basis": "LGOA 2074 s.12(2)(c)(23) 'Remove floods, landslides in the roads'; s.12(2)(c)(21)-(22); Constitution of Nepal 2072 Sch. 8 item 11 read with LGOA 2074 s.11(1) and s.11(2)(\u091f)", "source": "chirps"}}, {"type": "Feature", "geometry": {"type": "Point", "coordinates": [87.23114, 26.8924]}, "properties": {"id": "83092", "title": "Landslide at Sangurigadhi Rural Municipality-9", "state": "below", "r24": 62.3, "r72": 124.6, "authority": "Rural/Urban Municipality (Ward Committee)", "office": "Ward Committee under the Ward Chair; municipal executive (Mayor/Chair) above it", "legal_basis": "LGOA 2074 s.12(2)(c)(23) 'Remove floods, landslides in the roads'; s.12(2)(c)(21)-(22); Constitution of Nepal 2072 Sch. 8 item 11 read with LGOA 2074 s.11(1) and s.11(2)(\u091f)", "source": "chirps"}}, {"type": "Feature", "geometry": {"type": "Point", "coordinates": [86.46296, 27.21031]}, "properties": {"id": "83109", "title": "Landslide at Manebhanjyang Rural Municipality-5", "state": "approaching", "r24": 73.3, "r72": 146.6, "authority": "Rural/Urban Municipality (Ward Committee)", "office": "Ward Committee under the Ward Chair; municipal executive (Mayor/Chair) above it", "legal_basis": "LGOA 2074 s.12(2)(c)(23) 'Remove floods, landslides in the roads'; s.12(2)(c)(21)-(22); Constitution of Nepal 2072 Sch. 8 item 11 read with LGOA 2074 s.11(1) and s.11(2)(\u091f)", "source": "chirps"}}, {"type": "Feature", "geometry": {"type": "Point", "coordinates": [87.96788, 26.87821]}, "properties": {"id": "83111", "title": "Landslide at Illam Municipality-10", "state": "approaching", "r24": 26.1, "r72": 156.4, "authority": "Rural/Urban Municipality (Ward Committee)", "office": "Ward Committee under the Ward Chair; municipal executive (Mayor/Chair) above it", "legal_basis": "LGOA 2074 s.12(2)(c)(23) 'Remove floods, landslides in the roads'; s.12(2)(c)(21)-(22); Constitution of Nepal 2072 Sch. 8 item 11 read with LGOA 2074 s.11(1) and s.11(2)(\u091f)", "source": "chirps"}}, {"type": "Feature", "geometry": {"type": "Point", "coordinates": [86.60268, 26.7505]}, "properties": {"id": "83127", "title": "Landslide at damaiti, Triyuga Municipality-5", "state": "approaching", "r24": 101.7, "r72": 142.4, "authority": "Rural/Urban Municipality (Ward Committee)", "office": "Ward Committee under the Ward Chair; municipal executive (Mayor/Chair) above it", "legal_basis": "LGOA 2074 s.12(2)(c)(23) 'Remove floods, landslides in the roads'; s.12(2)(c)(21)-(22); Constitution of Nepal 2072 Sch. 8 item 11 read with LGOA 2074 s.11(1) and s.11(2)(\u091f)", "source": "chirps"}}, {"type": "Feature", "geometry": {"type": "Point", "coordinates": [87.25839, 26.41782]}, "properties": {"id": "83129", "title": "Landslide at Biratnagar Metropolitan City-16", "state": "approaching", "r24": 67.9, "r72": 135.8, "authority": "Rural/Urban Municipality (Ward Committee)", "office": "Ward Committee under the Ward Chair; municipal executive (Mayor/Chair) above it", "legal_basis": "LGOA 2074 s.12(2)(c)(23) 'Remove floods, landslides in the roads'; s.12(2)(c)(21)-(22); Constitution of Nepal 2072 Sch. 8 item 11 read with LGOA 2074 s.11(1) and s.11(2)(\u091f)", "source": "chirps"}}, {"type": "Feature", "geometry": {"type": "Point", "coordinates": [87.62991, 26.92698]}, "properties": {"id": "83136", "title": "Landslide at Solumba, Miklajung Rural Municipality-3", "state": "approaching", "r24": 47.6, "r72": 142.8, "authority": "Rural/Urban Municipality (Ward Committee)", "office": "Ward Committee under the Ward Chair; municipal executive (Mayor/Chair) above it", "legal_basis": "LGOA 2074 s.12(2)(c)(23) 'Remove floods, landslides in the roads'; s.12(2)(c)(21)-(22); Constitution of Nepal 2072 Sch. 8 item 11 read with LGOA 2074 s.11(1) and s.11(2)(\u091f)", "source": "chirps"}}, {"type": "Feature", "geometry": {"type": "Point", "coordinates": [87.72432, 27.07624]}, "properties": {"id": "83137", "title": "Landslide at Alubari, Falgunanda Rural Municipality-1", "state": "exceeded", "r24": 38.8, "r72": 155.1, "authority": "Rural/Urban Municipality (Ward Committee)", "office": "Ward Committee under the Ward Chair; municipal executive (Mayor/Chair) above it", "legal_basis": "LGOA 2074 s.12(2)(c)(23) 'Remove floods, landslides in the roads'; s.12(2)(c)(21)-(22); Constitution of Nepal 2072 Sch. 8 item 11 read with LGOA 2074 s.11(1) and s.11(2)(\u091f)", "source": "chirps"}}, {"type": "Feature", "geometry": {"type": "Point", "coordinates": [87.62951, 26.98]}, "properties": {"id": "83145", "title": "Landslide at Tumbewa Rural Municipality-4", "state": "exceeded", "r24": 60.9, "r72": 162.3, "authority": "Rural/Urban Municipality (Ward Committee)", "office": "Ward Committee under the Ward Chair; municipal executive (Mayor/Chair) above it", "legal_basis": "LGOA 2074 s.12(2)(c)(23) 'Remove floods, landslides in the roads'; s.12(2)(c)(21)-(22); Constitution of Nepal 2072 Sch. 8 item 11 read with LGOA 2074 s.11(1) and s.11(2)(\u091f)", "source": "chirps"}}, {"type": "Feature", "geometry": {"type": "Point", "coordinates": [87.12781, 27.11406]}, "properties": {"id": "83648", "title": "Landslide at Manedanda, Pauwadungma Rural Municipality-4", "state": "below", "r24": 60.8, "r72": 121.5, "authority": "Rural/Urban Municipality (Ward Committee)", "office": "Ward Committee under the Ward Chair; municipal executive (Mayor/Chair) above it", "legal_basis": "LGOA 2074 s.12(2)(c)(23) 'Remove floods, landslides in the roads'; s.12(2)(c)(21)-(22); Constitution of Nepal 2072 Sch. 8 item 11 read with LGOA 2074 s.11(1) and s.11(2)(\u091f)", "source": "chirps"}}, {"type": "Feature", "geometry": {"type": "Point", "coordinates": [88.00881, 27.03052]}, "properties": {"id": "83650", "title": "Landslide at Sandakpur Rural Municipality-5", "state": "exceeded", "r24": 37.4, "r72": 149.8, "authority": "Rural/Urban Municipality (Ward Committee)", "office": "Ward Committee under the Ward Chair; municipal executive (Mayor/Chair) above it", "legal_basis": "LGOA 2074 s.12(2)(c)(23) 'Remove floods, landslides in the roads'; s.12(2)(c)(21)-(22); Constitution of Nepal 2072 Sch. 8 item 11 read with LGOA 2074 s.11(1) and s.11(2)(\u091f)", "source": "chirps"}}, {"type": "Feature", "geometry": {"type": "Point", "coordinates": [87.90454, 26.72272]}, "properties": {"id": "83652", "title": "Landslide at Mai Municipality-2", "state": "exceeded", "r24": 27.5, "r72": 165.2, "authority": "Rural/Urban Municipality (Ward Committee)", "office": "Ward Committee under the Ward Chair; municipal executive (Mayor/Chair) above it", "legal_basis": "LGOA 2074 s.12(2)(c)(23) 'Remove floods, landslides in the roads'; s.12(2)(c)(21)-(22); Constitution of Nepal 2072 Sch. 8 item 11 read with LGOA 2074 s.11(1) and s.11(2)(\u091f)", "source": "chirps"}}, {"type": "Feature", "geometry": {"type": "Point", "coordinates": [86.75401, 27.33855]}, "properties": {"id": "85180", "title": "Landslide at Ainselukhark Rural Municipality-7", "state": "exceeded", "r24": 91.0, "r72": 182.1, "authority": "Rural/Urban Municipality (Ward Committee)", "office": "Ward Committee under the Ward Chair; municipal executive (Mayor/Chair) above it", "legal_basis": "LGOA 2074 s.12(2)(c)(23) 'Remove floods, landslides in the roads'; s.12(2)(c)(21)-(22); Constitution of Nepal 2072 Sch. 8 item 11 read with LGOA 2074 s.11(1) and s.11(2)(\u091f)", "source": "chirps"}}, {"type": "Feature", "geometry": {"type": "Point", "coordinates": [87.67184, 27.09928]}, "properties": {"id": "85184", "title": "Landslide at Kummayak Rural Municipality-4", "state": "exceeded", "r24": 67.1, "r72": 178.9, "authority": "Rural/Urban Municipality (Ward Committee)", "office": "Ward Committee under the Ward Chair; municipal executive (Mayor/Chair) above it", "legal_basis": "LGOA 2074 s.12(2)(c)(23) 'Remove floods, landslides in the roads'; s.12(2)(c)(21)-(22); Constitution of Nepal 2072 Sch. 8 item 11 read with LGOA 2074 s.11(1) and s.11(2)(\u091f)", "source": "chirps"}}, {"type": "Feature", "geometry": {"type": "Point", "coordinates": [83.75392, 28.79861]}, "properties": {"id": "85187", "title": "Landslide at Gharapjhong Rural Municipality-4", "state": "below", "r24": 0.0, "r72": 53.9, "authority": "Rural/Urban Municipality (Ward Committee)", "office": "Ward Committee under the Ward Chair; municipal executive (Mayor/Chair) above it", "legal_basis": "LGOA 2074 s.12(2)(c)(23) 'Remove floods, landslides in the roads'; s.12(2)(c)(21)-(22); Constitution of Nepal 2072 Sch. 8 item 11 read with LGOA 2074 s.11(1) and s.11(2)(\u091f)", "source": "chirps"}}, {"type": "Feature", "geometry": {"type": "Point", "coordinates": [82.84971, 29.14881]}, "properties": {"id": "85192", "title": "Landslide at Shey Phoksundo Rural Municipality-99", "state": "below", "r24": 0.0, "r72": 55.4, "authority": "Rural/Urban Municipality (Ward Committee)", "office": "Ward Committee under the Ward Chair; municipal executive (Mayor/Chair) above it", "legal_basis": "LGOA 2074 s.12(2)(c)(23) 'Remove floods, landslides in the roads'; s.12(2)(c)(21)-(22); Constitution of Nepal 2072 Sch. 8 item 11 read with LGOA 2074 s.11(1) and s.11(2)(\u091f)", "source": "chirps"}}, {"type": "Feature", "geometry": {"type": "Point", "coordinates": [87.85846, 27.29372]}, "properties": {"id": "90646", "title": "Landslide at Kartike , Sidingba Rural Municipality-4", "state": "approaching", "r24": 68.1, "r72": 136.2, "authority": "Rural/Urban Municipality (Ward Committee)", "office": "Ward Committee under the Ward Chair; municipal executive (Mayor/Chair) above it", "legal_basis": "LGOA 2074 s.12(2)(c)(23) 'Remove floods, landslides in the roads'; s.12(2)(c)(21)-(22); Constitution of Nepal 2072 Sch. 8 item 11 read with LGOA 2074 s.11(1) and s.11(2)(\u091f)", "source": "chirps"}}, {"type": "Feature", "geometry": {"type": "Point", "coordinates": [84.49256, 27.90448]}, "properties": {"id": "90650", "title": "Landslide at Aanbookhaireni Rural Municipality-2", "state": "exceeded", "r24": 48.8, "r72": 162.8, "authority": "Rural/Urban Municipality (Ward Committee)", "office": "Ward Committee under the Ward Chair; municipal executive (Mayor/Chair) above it", "legal_basis": "LGOA 2074 s.12(2)(c)(23) 'Remove floods, landslides in the roads'; s.12(2)(c)(21)-(22); Constitution of Nepal 2072 Sch. 8 item 11 read with LGOA 2074 s.11(1) and s.11(2)(\u091f)", "source": "chirps"}}, {"type": "Feature", "geometry": {"type": "Point", "coordinates": [87.96494, 26.8367]}, "properties": {"id": "90684", "title": "Landslide at Suryodaya Municipality-14", "state": "approaching", "r24": 30.4, "r72": 152.2, "authority": "Rural/Urban Municipality (Ward Committee)", "office": "Ward Committee under the Ward Chair; municipal executive (Mayor/Chair) above it", "legal_basis": "LGOA 2074 s.12(2)(c)(23) 'Remove floods, landslides in the roads'; s.12(2)(c)(21)-(22); Constitution of Nepal 2072 Sch. 8 item 11 read with LGOA 2074 s.11(1) and s.11(2)(\u091f)", "source": "chirps"}}, {"type": "Feature", "geometry": {"type": "Point", "coordinates": [83.66724, 28.17239]}, "properties": {"id": "90979", "title": "Landslide at Bhawanpokhara , Phalewas Municipality-5", "state": "exceeded", "r24": 19.5, "r72": 175.2, "authority": "Rural/Urban Municipality (Ward Committee)", "office": "Ward Committee under the Ward Chair; municipal executive (Mayor/Chair) above it", "legal_basis": "LGOA 2074 s.12(2)(c)(23) 'Remove floods, landslides in the roads'; s.12(2)(c)(21)-(22); Constitution of Nepal 2072 Sch. 8 item 11 read with LGOA 2074 s.11(1) and s.11(2)(\u091f)", "source": "chirps"}}, {"type": "Feature", "geometry": {"type": "Point", "coordinates": [83.8136, 27.94051]}, "properties": {"id": "91005", "title": "Landslide at Lambhidanda , Waling Municipality-7", "state": "approaching", "r24": 29.9, "r72": 149.3, "authority": "Rural/Urban Municipality (Ward Committee)", "office": "Ward Committee under the Ward Chair; municipal executive (Mayor/Chair) above it", "legal_basis": "LGOA 2074 s.12(2)(c)(23) 'Remove floods, landslides in the roads'; s.12(2)(c)(21)-(22); Constitution of Nepal 2072 Sch. 8 item 11 read with LGOA 2074 s.11(1) and s.11(2)(\u091f)", "source": "chirps"}}, {"type": "Feature", "geometry": {"type": "Point", "coordinates": [87.34602, 27.27066]}, "properties": {"id": "91031", "title": "Landslide at Madi Municipality-6", "state": "exceeded", "r24": 144.1, "r72": 144.1, "authority": "Rural/Urban Municipality (Ward Committee)", "office": "Ward Committee under the Ward Chair; municipal executive (Mayor/Chair) above it", "legal_basis": "LGOA 2074 s.12(2)(c)(23) 'Remove floods, landslides in the roads'; s.12(2)(c)(21)-(22); Constitution of Nepal 2072 Sch. 8 item 11 read with LGOA 2074 s.11(1) and s.11(2)(\u091f)", "source": "chirps"}}, {"type": "Feature", "geometry": {"type": "Point", "coordinates": [83.40928, 27.96681]}, "properties": {"id": "91036", "title": "Landslide at Rurukshetra Rural Municipality-3", "state": "approaching", "r24": 28.2, "r72": 155.0, "authority": "Rural/Urban Municipality (Ward Committee)", "office": "Ward Committee under the Ward Chair; municipal executive (Mayor/Chair) above it", "legal_basis": "LGOA 2074 s.12(2)(c)(23) 'Remove floods, landslides in the roads'; s.12(2)(c)(21)-(22); Constitution of Nepal 2072 Sch. 8 item 11 read with LGOA 2074 s.11(1) and s.11(2)(\u091f)", "source": "chirps"}}, {"type": "Feature", "geometry": {"type": "Point", "coordinates": [87.40994, 27.11103]}, "properties": {"id": "91046", "title": "Landslide at Laligurans Municipality-4", "state": "approaching", "r24": 42.8, "r72": 149.7, "authority": "Rural/Urban Municipality (Ward Committee)", "office": "Ward Committee under the Ward Chair; municipal executive (Mayor/Chair) above it", "legal_basis": "LGOA 2074 s.12(2)(c)(23) 'Remove floods, landslides in the roads'; s.12(2)(c)(21)-(22); Constitution of Nepal 2072 Sch. 8 item 11 read with LGOA 2074 s.11(1) and s.11(2)(\u091f)", "source": "chirps"}}, {"type": "Feature", "geometry": {"type": "Point", "coordinates": [80.85863, 29.26129]}, "properties": {"id": "91307", "title": "Landslide at Surkhal , Shikhar Municipality-6", "state": "below", "r24": 0.0, "r72": 15.3, "authority": "Rural/Urban Municipality (Ward Committee)", "office": "Ward Committee under the Ward Chair; municipal executive (Mayor/Chair) above it", "legal_basis": "LGOA 2074 s.12(2)(c)(23) 'Remove floods, landslides in the roads'; s.12(2)(c)(21)-(22); Constitution of Nepal 2072 Sch. 8 item 11 read with LGOA 2074 s.11(1) and s.11(2)(\u091f)", "source": "chirps"}}, {"type": "Feature", "geometry": {"type": "Point", "coordinates": [84.09597, 28.26587]}, "properties": {"id": "91310", "title": "Landslide at Taprang , Madi Rural Municipality-3", "state": "exceeded", "r24": 0.0, "r72": 251.5, "authority": "Rural/Urban Municipality (Ward Committee)", "office": "Ward Committee under the Ward Chair; municipal executive (Mayor/Chair) above it", "legal_basis": "LGOA 2074 s.12(2)(c)(23) 'Remove floods, landslides in the roads'; s.12(2)(c)(21)-(22); Constitution of Nepal 2072 Sch. 8 item 11 read with LGOA 2074 s.11(1) and s.11(2)(\u091f)", "source": "chirps"}}, {"type": "Feature", "geometry": {"type": "Point", "coordinates": [81.82786, 28.68588]}, "properties": {"id": "91326", "title": "Landslide at Siyal , Chingad Rural Municipality-4", "state": "below", "r24": 0.0, "r72": 0.0, "authority": "Rural/Urban Municipality (Ward Committee)", "office": "Ward Committee under the Ward Chair; municipal executive (Mayor/Chair) above it", "legal_basis": "LGOA 2074 s.12(2)(c)(23) 'Remove floods, landslides in the roads'; s.12(2)(c)(21)-(22); Constitution of Nepal 2072 Sch. 8 item 11 read with LGOA 2074 s.11(1) and s.11(2)(\u091f)", "source": "chirps"}}, {"type": "Feature", "geometry": {"type": "Point", "coordinates": [81.25385, 29.15374]}, "properties": {"id": "91339", "title": "Landslide at Khatigaau , Mangalsen Municipality-4", "state": "below", "r24": 0.0, "r72": 39.5, "authority": "Rural/Urban Municipality (Ward Committee)", "office": "Ward Committee under the Ward Chair; municipal executive (Mayor/Chair) above it", "legal_basis": "LGOA 2074 s.12(2)(c)(23) 'Remove floods, landslides in the roads'; s.12(2)(c)(21)-(22); Constitution of Nepal 2072 Sch. 8 item 11 read with LGOA 2074 s.11(1) and s.11(2)(\u091f)", "source": "chirps"}}, {"type": "Feature", "geometry": {"type": "Point", "coordinates": [83.58888, 28.00872]}, "properties": {"id": "91373", "title": "Landslide at Paudi , Kaligandaki Rural Municipality-2", "state": "exceeded", "r24": 19.1, "r72": 191.4, "authority": "Rural/Urban Municipality (Ward Committee)", "office": "Ward Committee under the Ward Chair; municipal executive (Mayor/Chair) above it", "legal_basis": "LGOA 2074 s.12(2)(c)(23) 'Remove floods, landslides in the roads'; s.12(2)(c)(21)-(22); Constitution of Nepal 2072 Sch. 8 item 11 read with LGOA 2074 s.11(1) and s.11(2)(\u091f)", "source": "chirps"}}, {"type": "Feature", "geometry": {"type": "Point", "coordinates": [81.91832, 29.53287]}, "properties": {"id": "91401", "title": "Landslide at Khatyad Rural Municipality-3", "state": "below", "r24": 0.0, "r72": 0.0, "authority": "Rural/Urban Municipality (Ward Committee)", "office": "Ward Committee under the Ward Chair; municipal executive (Mayor/Chair) above it", "legal_basis": "LGOA 2074 s.12(2)(c)(23) 'Remove floods, landslides in the roads'; s.12(2)(c)(21)-(22); Constitution of Nepal 2072 Sch. 8 item 11 read with LGOA 2074 s.11(1) and s.11(2)(\u091f)", "source": "chirps"}}, {"type": "Feature", "geometry": {"type": "Point", "coordinates": [85.36202, 27.93269]}, "properties": {"id": "91409", "title": "Landslide at Jyamire , Tadi Rural Municipality-4", "state": "exceeded", "r24": 84.3, "r72": 210.7, "authority": "Rural/Urban Municipality (Ward Committee)", "office": "Ward Committee under the Ward Chair; municipal executive (Mayor/Chair) above it", "legal_basis": "LGOA 2074 s.12(2)(c)(23) 'Remove floods, landslides in the roads'; s.12(2)(c)(21)-(22); Constitution of Nepal 2072 Sch. 8 item 11 read with LGOA 2074 s.11(1) and s.11(2)(\u091f)", "source": "chirps"}}, {"type": "Feature", "geometry": {"type": "Point", "coordinates": [81.78915, 28.44292]}, "properties": {"id": "91505", "title": "Landslide at Bheriganga Municipality-9", "state": "below", "r24": 0.0, "r72": 0.0, "authority": "Rural/Urban Municipality (Ward Committee)", "office": "Ward Committee under the Ward Chair; municipal executive (Mayor/Chair) above it", "legal_basis": "LGOA 2074 s.12(2)(c)(23) 'Remove floods, landslides in the roads'; s.12(2)(c)(21)-(22); Constitution of Nepal 2072 Sch. 8 item 11 read with LGOA 2074 s.11(1) and s.11(2)(\u091f)", "source": "chirps"}}, {"type": "Feature", "geometry": {"type": "Point", "coordinates": [81.85244, 29.53943]}, "properties": {"id": "91537", "title": "Landslide at Khatyad Rural Municipality-11", "state": "below", "r24": 0.0, "r72": 0.0, "authority": "Rural/Urban Municipality (Ward Committee)", "office": "Ward Committee under the Ward Chair; municipal executive (Mayor/Chair) above it", "legal_basis": "LGOA 2074 s.12(2)(c)(23) 'Remove floods, landslides in the roads'; s.12(2)(c)(21)-(22); Constitution of Nepal 2072 Sch. 8 item 11 read with LGOA 2074 s.11(1) and s.11(2)(\u091f)", "source": "chirps"}}, {"type": "Feature", "geometry": {"type": "Point", "coordinates": [81.71033, 28.46953]}, "properties": {"id": "91583", "title": "Landslide at Padule , Bheriganga Municipality-12", "state": "below", "r24": 0.0, "r72": 32.8, "authority": "Rural/Urban Municipality (Ward Committee)", "office": "Ward Committee under the Ward Chair; municipal executive (Mayor/Chair) above it", "legal_basis": "LGOA 2074 s.12(2)(c)(23) 'Remove floods, landslides in the roads'; s.12(2)(c)(21)-(22); Constitution of Nepal 2072 Sch. 8 item 11 read with LGOA 2074 s.11(1) and s.11(2)(\u091f)", "source": "chirps"}}, {"type": "Feature", "geometry": {"type": "Point", "coordinates": [83.84272, 28.10658]}, "properties": {"id": "91595", "title": "Landslide at Sumrekhola , Putalibazar Municipality-14", "state": "exceeded", "r24": 19.4, "r72": 194.1, "authority": "Rural/Urban Municipality (Ward Committee)", "office": "Ward Committee under the Ward Chair; municipal executive (Mayor/Chair) above it", "legal_basis": "LGOA 2074 s.12(2)(c)(23) 'Remove floods, landslides in the roads'; s.12(2)(c)(21)-(22); Constitution of Nepal 2072 Sch. 8 item 11 read with LGOA 2074 s.11(1) and s.11(2)(\u091f)", "source": "chirps"}}, {"type": "Feature", "geometry": {"type": "Point", "coordinates": [83.84002, 28.0439]}, "properties": {"id": "91630", "title": "Landslide at Putalibazar Municipality-12", "state": "exceeded", "r24": 44.1, "r72": 220.5, "authority": "Rural/Urban Municipality (Ward Committee)", "office": "Ward Committee under the Ward Chair; municipal executive (Mayor/Chair) above it", "legal_basis": "LGOA 2074 s.12(2)(c)(23) 'Remove floods, landslides in the roads'; s.12(2)(c)(21)-(22); Constitution of Nepal 2072 Sch. 8 item 11 read with LGOA 2074 s.11(1) and s.11(2)(\u091f)", "source": "chirps"}}, {"type": "Feature", "geometry": {"type": "Point", "coordinates": [86.6741, 26.88902]}, "properties": {"id": "91663", "title": "Landslide at Triyuga Municipality-16", "state": "approaching", "r24": 87.4, "r72": 131.1, "authority": "Rural/Urban Municipality (Ward Committee)", "office": "Ward Committee under the Ward Chair; municipal executive (Mayor/Chair) above it", "legal_basis": "LGOA 2074 s.12(2)(c)(23) 'Remove floods, landslides in the roads'; s.12(2)(c)(21)-(22); Constitution of Nepal 2072 Sch. 8 item 11 read with LGOA 2074 s.11(1) and s.11(2)(\u091f)", "source": "chirps"}}, {"type": "Feature", "geometry": {"type": "Point", "coordinates": [82.35576, 28.83865]}, "properties": {"id": "91676", "title": "Landslide at Nalgaad Municipality-8", "state": "below", "r24": 0.0, "r72": 0.0, "authority": "Rural/Urban Municipality (Ward Committee)", "office": "Ward Committee under the Ward Chair; municipal executive (Mayor/Chair) above it", "legal_basis": "LGOA 2074 s.12(2)(c)(23) 'Remove floods, landslides in the roads'; s.12(2)(c)(21)-(22); Constitution of Nepal 2072 Sch. 8 item 11 read with LGOA 2074 s.11(1) and s.11(2)(\u091f)", "source": "chirps"}}, {"type": "Feature", "geometry": {"type": "Point", "coordinates": [83.77423, 28.18357]}, "properties": {"id": "91686", "title": "Landslide at Aandhikhola Rural Municipality-3", "state": "exceeded", "r24": 30.8, "r72": 246.8, "authority": "Rural/Urban Municipality (Ward Committee)", "office": "Ward Committee under the Ward Chair; municipal executive (Mayor/Chair) above it", "legal_basis": "LGOA 2074 s.12(2)(c)(23) 'Remove floods, landslides in the roads'; s.12(2)(c)(21)-(22); Constitution of Nepal 2072 Sch. 8 item 11 read with LGOA 2074 s.11(1) and s.11(2)(\u091f)", "source": "chirps"}}, {"type": "Feature", "geometry": {"type": "Point", "coordinates": [82.39244, 28.31285]}, "properties": {"id": "91821", "title": "Landslide at Sukidaha , Tribeni Rural Municipality-3", "state": "below", "r24": 0.0, "r72": 97.2, "authority": "Rural/Urban Municipality (Ward Committee)", "office": "Ward Committee under the Ward Chair; municipal executive (Mayor/Chair) above it", "legal_basis": "LGOA 2074 s.12(2)(c)(23) 'Remove floods, landslides in the roads'; s.12(2)(c)(21)-(22); Constitution of Nepal 2072 Sch. 8 item 11 read with LGOA 2074 s.11(1) and s.11(2)(\u091f)", "source": "chirps"}}, {"type": "Feature", "geometry": {"type": "Point", "coordinates": [85.31514, 27.76689]}, "properties": {"id": "91855", "title": "Landslide at Tarakeshwor Municipality-7", "state": "exceeded", "r24": 84.9, "r72": 191.0, "authority": "Rural/Urban Municipality (Ward Committee)", "office": "Ward Committee under the Ward Chair; municipal executive (Mayor/Chair) above it", "legal_basis": "LGOA 2074 s.12(2)(c)(23) 'Remove floods, landslides in the roads'; s.12(2)(c)(21)-(22); Constitution of Nepal 2072 Sch. 8 item 11 read with LGOA 2074 s.11(1) and s.11(2)(\u091f)", "source": "chirps"}}, {"type": "Feature", "geometry": {"type": "Point", "coordinates": [87.73837, 27.44535]}, "properties": {"id": "91874", "title": "Landslide at Phaktanglung Rural Municipality-3", "state": "exceeded", "r24": 148.7, "r72": 223.1, "authority": "Rural/Urban Municipality (Ward Committee)", "office": "Ward Committee under the Ward Chair; municipal executive (Mayor/Chair) above it", "legal_basis": "LGOA 2074 s.12(2)(c)(23) 'Remove floods, landslides in the roads'; s.12(2)(c)(21)-(22); Constitution of Nepal 2072 Sch. 8 item 11 read with LGOA 2074 s.11(1) and s.11(2)(\u091f)", "source": "chirps"}}, {"type": "Feature", "geometry": {"type": "Point", "coordinates": [86.82973, 27.24654]}, "properties": {"id": "91906", "title": "Landslide at Diktel Rupakot Majhuwagadhi Municipality-6", "state": "approaching", "r24": 103.2, "r72": 154.9, "authority": "Rural/Urban Municipality (Ward Committee)", "office": "Ward Committee under the Ward Chair; municipal executive (Mayor/Chair) above it", "legal_basis": "LGOA 2074 s.12(2)(c)(23) 'Remove floods, landslides in the roads'; s.12(2)(c)(21)-(22); Constitution of Nepal 2072 Sch. 8 item 11 read with LGOA 2074 s.11(1) and s.11(2)(\u091f)", "source": "chirps"}}, {"type": "Feature", "geometry": {"type": "Point", "coordinates": [86.42668, 27.37008]}, "properties": {"id": "91927", "title": "Landslide at Molung Rural Municipality-5", "state": "exceeded", "r24": 104.6, "r72": 156.9, "authority": "Rural/Urban Municipality (Ward Committee)", "office": "Ward Committee under the Ward Chair; municipal executive (Mayor/Chair) above it", "legal_basis": "LGOA 2074 s.12(2)(c)(23) 'Remove floods, landslides in the roads'; s.12(2)(c)(21)-(22); Constitution of Nepal 2072 Sch. 8 item 11 read with LGOA 2074 s.11(1) and s.11(2)(\u091f)", "source": "chirps"}}, {"type": "Feature", "geometry": {"type": "Point", "coordinates": [83.51321, 28.33263]}, "properties": {"id": "92212", "title": "Landslide at Bhakimli Chimkhet , Beni Municipality-3", "state": "approaching", "r24": 0.0, "r72": 125.6, "authority": "Rural/Urban Municipality (Ward Committee)", "office": "Ward Committee under the Ward Chair; municipal executive (Mayor/Chair) above it", "legal_basis": "LGOA 2074 s.12(2)(c)(23) 'Remove floods, landslides in the roads'; s.12(2)(c)(21)-(22); Constitution of Nepal 2072 Sch. 8 item 11 read with LGOA 2074 s.11(1) and s.11(2)(\u091f)", "source": "chirps"}}, {"type": "Feature", "geometry": {"type": "Point", "coordinates": [86.0849, 27.06268]}, "properties": {"id": "92314", "title": "Landslide at Bhorleni , Dudhouli Municipality-2", "state": "exceeded", "r24": 125.9, "r72": 151.1, "authority": "Rural/Urban Municipality (Ward Committee)", "office": "Ward Committee under the Ward Chair; municipal executive (Mayor/Chair) above it", "legal_basis": "LGOA 2074 s.12(2)(c)(23) 'Remove floods, landslides in the roads'; s.12(2)(c)(21)-(22); Constitution of Nepal 2072 Sch. 8 item 11 read with LGOA 2074 s.11(1) and s.11(2)(\u091f)", "source": "chirps"}}, {"type": "Feature", "geometry": {"type": "Point", "coordinates": [82.38687, 28.13875]}, "properties": {"id": "92391", "title": "Landslide at Sirchaur , Tulsipur Submetropolitan City-19", "state": "below", "r24": 0.0, "r72": 104.1, "authority": "Rural/Urban Municipality (Ward Committee)", "office": "Ward Committee under the Ward Chair; municipal executive (Mayor/Chair) above it", "legal_basis": "LGOA 2074 s.12(2)(c)(23) 'Remove floods, landslides in the roads'; s.12(2)(c)(21)-(22); Constitution of Nepal 2072 Sch. 8 item 11 read with LGOA 2074 s.11(1) and s.11(2)(\u091f)", "source": "chirps"}}, {"type": "Feature", "geometry": {"type": "Point", "coordinates": [84.18758, 28.11587]}, "properties": {"id": "92499", "title": "Landslide at Dhami Gaau , Rupa Rural Municipality-4", "state": "exceeded", "r24": 37.0, "r72": 221.9, "authority": "Rural/Urban Municipality (Ward Committee)", "office": "Ward Committee under the Ward Chair; municipal executive (Mayor/Chair) above it", "legal_basis": "LGOA 2074 s.12(2)(c)(23) 'Remove floods, landslides in the roads'; s.12(2)(c)(21)-(22); Constitution of Nepal 2072 Sch. 8 item 11 read with LGOA 2074 s.11(1) and s.11(2)(\u091f)", "source": "chirps"}}, {"type": "Feature", "geometry": {"type": "Point", "coordinates": [84.5999, 28.20816]}, "properties": {"id": "92535", "title": "Landslide at Tallo Thok , Dudhpokhari Rural Municipality-2", "state": "exceeded", "r24": 56.3, "r72": 225.4, "authority": "Rural/Urban Municipality (Ward Committee)", "office": "Ward Committee under the Ward Chair; municipal executive (Mayor/Chair) above it", "legal_basis": "LGOA 2074 s.12(2)(c)(23) 'Remove floods, landslides in the roads'; s.12(2)(c)(21)-(22); Constitution of Nepal 2072 Sch. 8 item 11 read with LGOA 2074 s.11(1) and s.11(2)(\u091f)", "source": "chirps"}}, {"type": "Feature", "geometry": {"type": "Point", "coordinates": [83.41014, 28.32479]}, "properties": {"id": "92606", "title": "Landslide at Tara Khola Rural Municipality-4", "state": "approaching", "r24": 0.0, "r72": 124.2, "authority": "Rural/Urban Municipality (Ward Committee)", "office": "Ward Committee under the Ward Chair; municipal executive (Mayor/Chair) above it", "legal_basis": "LGOA 2074 s.12(2)(c)(23) 'Remove floods, landslides in the roads'; s.12(2)(c)(21)-(22); Constitution of Nepal 2072 Sch. 8 item 11 read with LGOA 2074 s.11(1) and s.11(2)(\u091f)", "source": "chirps"}}, {"type": "Feature", "geometry": {"type": "Point", "coordinates": [85.3524, 27.62188]}, "properties": {"id": "92651", "title": "Landslide at Godawari Municipality-14", "state": "exceeded", "r24": 87.2, "r72": 152.6, "authority": "Rural/Urban Municipality (Ward Committee)", "office": "Ward Committee under the Ward Chair; municipal executive (Mayor/Chair) above it", "legal_basis": "LGOA 2074 s.12(2)(c)(23) 'Remove floods, landslides in the roads'; s.12(2)(c)(21)-(22); Constitution of Nepal 2072 Sch. 8 item 11 read with LGOA 2074 s.11(1) and s.11(2)(\u091f)", "source": "chirps"}}, {"type": "Feature", "geometry": {"type": "Point", "coordinates": [82.14867, 29.30369]}, "properties": {"id": "92675", "title": "Landslide at Mahat Gaau , Chandannath Municipality-8", "state": "below", "r24": 0.0, "r72": 0.0, "authority": "Rural/Urban Municipality (Ward Committee)", "office": "Ward Committee under the Ward Chair; municipal executive (Mayor/Chair) above it", "legal_basis": "LGOA 2074 s.12(2)(c)(23) 'Remove floods, landslides in the roads'; s.12(2)(c)(21)-(22); Constitution of Nepal 2072 Sch. 8 item 11 read with LGOA 2074 s.11(1) and s.11(2)(\u091f)", "source": "chirps"}}, {"type": "Feature", "geometry": {"type": "Point", "coordinates": [83.67644, 28.1114]}, "properties": {"id": "92731", "title": "Landslide at Kusundanda , Mahashila Rural Municipality-5", "state": "exceeded", "r24": 19.8, "r72": 197.6, "authority": "Rural/Urban Municipality (Ward Committee)", "office": "Ward Committee under the Ward Chair; municipal executive (Mayor/Chair) above it", "legal_basis": "LGOA 2074 s.12(2)(c)(23) 'Remove floods, landslides in the roads'; s.12(2)(c)(21)-(22); Constitution of Nepal 2072 Sch. 8 item 11 read with LGOA 2074 s.11(1) and s.11(2)(\u091f)", "source": "chirps"}}, {"type": "Feature", "geometry": {"type": "Point", "coordinates": [80.961, 30.10122]}, "properties": {"id": "92813", "title": "Landslide at Byas Rural Municipality-1", "state": "below", "r24": 0.0, "r72": 0.0, "authority": "Rural/Urban Municipality (Ward Committee)", "office": "Ward Committee under the Ward Chair; municipal executive (Mayor/Chair) above it", "legal_basis": "LGOA 2074 s.12(2)(c)(23) 'Remove floods, landslides in the roads'; s.12(2)(c)(21)-(22); Constitution of Nepal 2072 Sch. 8 item 11 read with LGOA 2074 s.11(1) and s.11(2)(\u091f)", "source": "chirps"}}, {"type": "Feature", "geometry": {"type": "Point", "coordinates": [81.50725, 28.75019]}, "properties": {"id": "92878", "title": "Landslide at Amrise , Barahtal Rural Municipality-7", "state": "below", "r24": 0.0, "r72": 0.0, "authority": "Rural/Urban Municipality (Ward Committee)", "office": "Ward Committee under the Ward Chair; municipal executive (Mayor/Chair) above it", "legal_basis": "LGOA 2074 s.12(2)(c)(23) 'Remove floods, landslides in the roads'; s.12(2)(c)(21)-(22); Constitution of Nepal 2072 Sch. 8 item 11 read with LGOA 2074 s.11(1) and s.11(2)(\u091f)", "source": "chirps"}}, {"type": "Feature", "geometry": {"type": "Point", "coordinates": [87.44795, 27.60915]}, "properties": {"id": "92880", "title": "Landslide at Neta Bhir , Makalu Rural Municipality-4", "state": "exceeded", "r24": 141.5, "r72": 141.5, "authority": "Rural/Urban Municipality (Ward Committee)", "office": "Ward Committee under the Ward Chair; municipal executive (Mayor/Chair) above it", "legal_basis": "LGOA 2074 s.12(2)(c)(23) 'Remove floods, landslides in the roads'; s.12(2)(c)(21)-(22); Constitution of Nepal 2072 Sch. 8 item 11 read with LGOA 2074 s.11(1) and s.11(2)(\u091f)", "source": "chirps"}}, {"type": "Feature", "geometry": {"type": "Point", "coordinates": [82.90162, 28.39284]}, "properties": {"id": "93061", "title": "Landslide at Phalabang , Sunchhahari Rural Municipality-2", "state": "exceeded", "r24": 0.0, "r72": 157.5, "authority": "Rural/Urban Municipality (Ward Committee)", "office": "Ward Committee under the Ward Chair; municipal executive (Mayor/Chair) above it", "legal_basis": "LGOA 2074 s.12(2)(c)(23) 'Remove floods, landslides in the roads'; s.12(2)(c)(21)-(22); Constitution of Nepal 2072 Sch. 8 item 11 read with LGOA 2074 s.11(1) and s.11(2)(\u091f)", "source": "chirps"}}, {"type": "Feature", "geometry": {"type": "Point", "coordinates": [84.26198, 28.25975]}, "properties": {"id": "93109", "title": "Landslide at Ghamrang , Kwholasothar Rural Municipality-8", "state": "exceeded", "r24": 45.6, "r72": 228.1, "authority": "Rural/Urban Municipality (Ward Committee)", "office": "Ward Committee under the Ward Chair; municipal executive (Mayor/Chair) above it", "legal_basis": "LGOA 2074 s.12(2)(c)(23) 'Remove floods, landslides in the roads'; s.12(2)(c)(21)-(22); Constitution of Nepal 2072 Sch. 8 item 11 read with LGOA 2074 s.11(1) and s.11(2)(\u091f)", "source": "chirps"}}, {"type": "Feature", "geometry": {"type": "Point", "coordinates": [82.42412, 28.90221]}, "properties": {"id": "93115", "title": "Landslide at Tasughat Khola , Nalgaad Municipality-10", "state": "below", "r24": 0.0, "r72": 0.0, "authority": "Rural/Urban Municipality (Ward Committee)", "office": "Ward Committee under the Ward Chair; municipal executive (Mayor/Chair) above it", "legal_basis": "LGOA 2074 s.12(2)(c)(23) 'Remove floods, landslides in the roads'; s.12(2)(c)(21)-(22); Constitution of Nepal 2072 Sch. 8 item 11 read with LGOA 2074 s.11(1) and s.11(2)(\u091f)", "source": "chirps"}}, {"type": "Feature", "geometry": {"type": "Point", "coordinates": [82.31454, 28.25098]}, "properties": {"id": "93254", "title": "Landslide at Aringale , Kapurkot Rural Municipality-4", "state": "below", "r24": 0.0, "r72": 75.9, "authority": "Rural/Urban Municipality (Ward Committee)", "office": "Ward Committee under the Ward Chair; municipal executive (Mayor/Chair) above it", "legal_basis": "LGOA 2074 s.12(2)(c)(23) 'Remove floods, landslides in the roads'; s.12(2)(c)(21)-(22); Constitution of Nepal 2072 Sch. 8 item 11 read with LGOA 2074 s.11(1) and s.11(2)(\u091f)", "source": "chirps"}}, {"type": "Feature", "geometry": {"type": "Point", "coordinates": [81.50179, 28.99121]}, "properties": {"id": "93258", "title": "Landslide at Aagra , Thantikandh Rural Municipality-5", "state": "below", "r24": 13.1, "r72": 26.1, "authority": "Rural/Urban Municipality (Ward Committee)", "office": "Ward Committee under the Ward Chair; municipal executive (Mayor/Chair) above it", "legal_basis": "LGOA 2074 s.12(2)(c)(23) 'Remove floods, landslides in the roads'; s.12(2)(c)(21)-(22); Constitution of Nepal 2072 Sch. 8 item 11 read with LGOA 2074 s.11(1) and s.11(2)(\u091f)", "source": "chirps"}}, {"type": "Feature", "geometry": {"type": "Point", "coordinates": [82.50902, 28.97719]}, "properties": {"id": "93339", "title": "Landslide at Phumdam , Nalgaad Municipality-13", "state": "below", "r24": 47.2, "r72": 47.2, "authority": "Rural/Urban Municipality (Ward Committee)", "office": "Ward Committee under the Ward Chair; municipal executive (Mayor/Chair) above it", "legal_basis": "LGOA 2074 s.12(2)(c)(23) 'Remove floods, landslides in the roads'; s.12(2)(c)(21)-(22); Constitution of Nepal 2072 Sch. 8 item 11 read with LGOA 2074 s.11(1) and s.11(2)(\u091f)", "source": "chirps"}}, {"type": "Feature", "geometry": {"type": "Point", "coordinates": [84.09306, 29.06118]}, "properties": {"id": "93377", "title": "Landslide at Surkhang , Lo Ghekar Damodarkunda Rural Municipality-4", "state": "below", "r24": 0.0, "r72": 72.9, "authority": "Rural/Urban Municipality (Ward Committee)", "office": "Ward Committee under the Ward Chair; municipal executive (Mayor/Chair) above it", "legal_basis": "LGOA 2074 s.12(2)(c)(23) 'Remove floods, landslides in the roads'; s.12(2)(c)(21)-(22); Constitution of Nepal 2072 Sch. 8 item 11 read with LGOA 2074 s.11(1) and s.11(2)(\u091f)", "source": "chirps"}}, {"type": "Feature", "geometry": {"type": "Point", "coordinates": [84.98945, 28.05346]}, "properties": {"id": "93519", "title": "Landslide at Khaniyabash Rural Municipality-4", "state": "exceeded", "r24": 21.6, "r72": 173.1, "authority": "Rural/Urban Municipality (Ward Committee)", "office": "Ward Committee under the Ward Chair; municipal executive (Mayor/Chair) above it", "legal_basis": "LGOA 2074 s.12(2)(c)(23) 'Remove floods, landslides in the roads'; s.12(2)(c)(21)-(22); Constitution of Nepal 2072 Sch. 8 item 11 read with LGOA 2074 s.11(1) and s.11(2)(\u091f)", "source": "chirps"}}, {"type": "Feature", "geometry": {"type": "Point", "coordinates": [87.87892, 27.54202]}, "properties": {"id": "93559", "title": "Landslide at Shiva Danda , Phaktanglung Rural Municipality-5", "state": "exceeded", "r24": 63.1, "r72": 189.3, "authority": "Rural/Urban Municipality (Ward Committee)", "office": "Ward Committee under the Ward Chair; municipal executive (Mayor/Chair) above it", "legal_basis": "LGOA 2074 s.12(2)(c)(23) 'Remove floods, landslides in the roads'; s.12(2)(c)(21)-(22); Constitution of Nepal 2072 Sch. 8 item 11 read with LGOA 2074 s.11(1) and s.11(2)(\u091f)", "source": "chirps"}}, {"type": "Feature", "geometry": {"type": "Point", "coordinates": [82.69919, 29.05304]}, "properties": {"id": "93901", "title": "Landslide at Tripurasundari Municipality-11", "state": "below", "r24": 67.7, "r72": 67.7, "authority": "Rural/Urban Municipality (Ward Committee)", "office": "Ward Committee under the Ward Chair; municipal executive (Mayor/Chair) above it", "legal_basis": "LGOA 2074 s.12(2)(c)(23) 'Remove floods, landslides in the roads'; s.12(2)(c)(21)-(22); Constitution of Nepal 2072 Sch. 8 item 11 read with LGOA 2074 s.11(1) and s.11(2)(\u091f)", "source": "chirps"}}, {"type": "Feature", "geometry": {"type": "Point", "coordinates": [80.39355, 29.55474]}, "properties": {"id": "93904", "title": "Landslide at Jhulaghat , Dasharathchanda Municipality-8", "state": "below", "r24": 0.0, "r72": 0.0, "authority": "Rural/Urban Municipality (Ward Committee)", "office": "Ward Committee under the Ward Chair; municipal executive (Mayor/Chair) above it", "legal_basis": "LGOA 2074 s.12(2)(c)(23) 'Remove floods, landslides in the roads'; s.12(2)(c)(21)-(22); Constitution of Nepal 2072 Sch. 8 item 11 read with LGOA 2074 s.11(1) and s.11(2)(\u091f)", "source": "chirps"}}, {"type": "Feature", "geometry": {"type": "Point", "coordinates": [82.60881, 29.12157]}, "properties": {"id": "93978", "title": "Landslide at Jagadulla Rural Municipality-3", "state": "below", "r24": 0.0, "r72": 60.8, "authority": "Rural/Urban Municipality (Ward Committee)", "office": "Ward Committee under the Ward Chair; municipal executive (Mayor/Chair) above it", "legal_basis": "LGOA 2074 s.12(2)(c)(23) 'Remove floods, landslides in the roads'; s.12(2)(c)(21)-(22); Constitution of Nepal 2072 Sch. 8 item 11 read with LGOA 2074 s.11(1) and s.11(2)(\u091f)", "source": "chirps"}}, {"type": "Feature", "geometry": {"type": "Point", "coordinates": [85.33419, 27.62776]}, "properties": {"id": "94121", "title": "Landslide at Lalitpur Metropolitan City-24", "state": "approaching", "r24": 64.5, "r72": 129.0, "authority": "Rural/Urban Municipality (Ward Committee)", "office": "Ward Committee under the Ward Chair; municipal executive (Mayor/Chair) above it", "legal_basis": "LGOA 2074 s.12(2)(c)(23) 'Remove floods, landslides in the roads'; s.12(2)(c)(21)-(22); Constitution of Nepal 2072 Sch. 8 item 11 read with LGOA 2074 s.11(1) and s.11(2)(\u091f)", "source": "chirps"}}, {"type": "Feature", "geometry": {"type": "Point", "coordinates": [83.64089, 28.22611]}, "properties": {"id": "94128", "title": "Landslide at Baglung Municipality-13", "state": "exceeded", "r24": 27.4, "r72": 164.5, "authority": "Rural/Urban Municipality (Ward Committee)", "office": "Ward Committee under the Ward Chair; municipal executive (Mayor/Chair) above it", "legal_basis": "LGOA 2074 s.12(2)(c)(23) 'Remove floods, landslides in the roads'; s.12(2)(c)(21)-(22); Constitution of Nepal 2072 Sch. 8 item 11 read with LGOA 2074 s.11(1) and s.11(2)(\u091f)", "source": "chirps"}}, {"type": "Feature", "geometry": {"type": "Point", "coordinates": [80.36517, 29.40401]}, "properties": {"id": "94147", "title": "Landslide at Shivanath Rural Municipality-5", "state": "below", "r24": 0.0, "r72": 22.8, "authority": "Rural/Urban Municipality (Ward Committee)", "office": "Ward Committee under the Ward Chair; municipal executive (Mayor/Chair) above it", "legal_basis": "LGOA 2074 s.12(2)(c)(23) 'Remove floods, landslides in the roads'; s.12(2)(c)(21)-(22); Constitution of Nepal 2072 Sch. 8 item 11 read with LGOA 2074 s.11(1) and s.11(2)(\u091f)", "source": "chirps"}}, {"type": "Feature", "geometry": {"type": "Point", "coordinates": [86.57618, 27.48224]}, "properties": {"id": "94352", "title": "Landslide at Solududhkunda Municipality-6", "state": "exceeded", "r24": 105.3, "r72": 210.7, "authority": "Rural/Urban Municipality (Ward Committee)", "office": "Ward Committee under the Ward Chair; municipal executive (Mayor/Chair) above it", "legal_basis": "LGOA 2074 s.12(2)(c)(23) 'Remove floods, landslides in the roads'; s.12(2)(c)(21)-(22); Constitution of Nepal 2072 Sch. 8 item 11 read with LGOA 2074 s.11(1) and s.11(2)(\u091f)", "source": "chirps"}}, {"type": "Feature", "geometry": {"type": "Point", "coordinates": [87.91446, 26.58323]}, "properties": {"id": "94381", "title": "Landslide at Barhadashi Rural Municipality-7", "state": "exceeded", "r24": 19.8, "r72": 178.5, "authority": "Rural/Urban Municipality (Ward Committee)", "office": "Ward Committee under the Ward Chair; municipal executive (Mayor/Chair) above it", "legal_basis": "LGOA 2074 s.12(2)(c)(23) 'Remove floods, landslides in the roads'; s.12(2)(c)(21)-(22); Constitution of Nepal 2072 Sch. 8 item 11 read with LGOA 2074 s.11(1) and s.11(2)(\u091f)", "source": "chirps"}}, {"type": "Feature", "geometry": {"type": "Point", "coordinates": [80.44348, 29.04379]}, "properties": {"id": "94443", "title": "Landslide at Patalkhola, Parashuram Municipality-11", "state": "below", "r24": 0.0, "r72": 23.9, "authority": "Rural/Urban Municipality (Ward Committee)", "office": "Ward Committee under the Ward Chair; municipal executive (Mayor/Chair) above it", "legal_basis": "LGOA 2074 s.12(2)(c)(23) 'Remove floods, landslides in the roads'; s.12(2)(c)(21)-(22); Constitution of Nepal 2072 Sch. 8 item 11 read with LGOA 2074 s.11(1) and s.11(2)(\u091f)", "source": "chirps"}}, {"type": "Feature", "geometry": {"type": "Point", "coordinates": [80.52221, 29.35228]}, "properties": {"id": "94666", "title": "Landslide at Ajaymeru Rural Municipality-3", "state": "below", "r24": 0.0, "r72": 24.4, "authority": "Rural/Urban Municipality (Ward Committee)", "office": "Ward Committee under the Ward Chair; municipal executive (Mayor/Chair) above it", "legal_basis": "LGOA 2074 s.12(2)(c)(23) 'Remove floods, landslides in the roads'; s.12(2)(c)(21)-(22); Constitution of Nepal 2072 Sch. 8 item 11 read with LGOA 2074 s.11(1) and s.11(2)(\u091f)", "source": "chirps"}}, {"type": "Feature", "geometry": {"type": "Point", "coordinates": [84.94874, 27.48786]}, "properties": {"id": "94747", "title": "Landslide at Hetauda Submetropolitan City-19", "state": "exceeded", "r24": 62.7, "r72": 188.2, "authority": "Rural/Urban Municipality (Ward Committee)", "office": "Ward Committee under the Ward Chair; municipal executive (Mayor/Chair) above it", "legal_basis": "LGOA 2074 s.12(2)(c)(23) 'Remove floods, landslides in the roads'; s.12(2)(c)(21)-(22); Constitution of Nepal 2072 Sch. 8 item 11 read with LGOA 2074 s.11(1) and s.11(2)(\u091f)", "source": "chirps"}}, {"type": "Feature", "geometry": {"type": "Point", "coordinates": [85.25104, 27.69447]}, "properties": {"id": "94748", "title": "Landslide at Chandragiri Municipality-12", "state": "exceeded", "r24": 65.9, "r72": 148.4, "authority": "Rural/Urban Municipality (Ward Committee)", "office": "Ward Committee under the Ward Chair; municipal executive (Mayor/Chair) above it", "legal_basis": "LGOA 2074 s.12(2)(c)(23) 'Remove floods, landslides in the roads'; s.12(2)(c)(21)-(22); Constitution of Nepal 2072 Sch. 8 item 11 read with LGOA 2074 s.11(1) and s.11(2)(\u091f)", "source": "chirps"}}, {"type": "Feature", "geometry": {"type": "Point", "coordinates": [85.01285, 27.32197]}, "properties": {"id": "94794", "title": "Landslide at Jitpur Simara Submetropolitan City-22", "state": "exceeded", "r24": 89.6, "r72": 201.7, "authority": "Rural/Urban Municipality (Ward Committee)", "office": "Ward Committee under the Ward Chair; municipal executive (Mayor/Chair) above it", "legal_basis": "LGOA 2074 s.12(2)(c)(23) 'Remove floods, landslides in the roads'; s.12(2)(c)(21)-(22); Constitution of Nepal 2072 Sch. 8 item 11 read with LGOA 2074 s.11(1) and s.11(2)(\u091f)", "source": "chirps"}}, {"type": "Feature", "geometry": {"type": "Point", "coordinates": [87.84922, 27.14028]}, "properties": {"id": "94802", "title": "Landslide at Phidim Municipality-12", "state": "exceeded", "r24": 39.5, "r72": 158.1, "authority": "Rural/Urban Municipality (Ward Committee)", "office": "Ward Committee under the Ward Chair; municipal executive (Mayor/Chair) above it", "legal_basis": "LGOA 2074 s.12(2)(c)(23) 'Remove floods, landslides in the roads'; s.12(2)(c)(21)-(22); Constitution of Nepal 2072 Sch. 8 item 11 read with LGOA 2074 s.11(1) and s.11(2)(\u091f)", "source": "chirps"}}, {"type": "Feature", "geometry": {"type": "Point", "coordinates": [85.32873, 27.67976]}, "properties": {"id": "94849", "title": "Landslide at Lalitpur Metropolitan City-11", "state": "exceeded", "r24": 78.7, "r72": 157.3, "authority": "Rural/Urban Municipality (Ward Committee)", "office": "Ward Committee under the Ward Chair; municipal executive (Mayor/Chair) above it", "legal_basis": "LGOA 2074 s.12(2)(c)(23) 'Remove floods, landslides in the roads'; s.12(2)(c)(21)-(22); Constitution of Nepal 2072 Sch. 8 item 11 read with LGOA 2074 s.11(1) and s.11(2)(\u091f)", "source": "chirps"}}, {"type": "Feature", "geometry": {"type": "Point", "coordinates": [85.28968, 27.67902]}, "properties": {"id": "94854", "title": "Landslide at Kirtipur Municipality-10", "state": "exceeded", "r24": 65.9, "r72": 148.4, "authority": "Rural/Urban Municipality (Ward Committee)", "office": "Ward Committee under the Ward Chair; municipal executive (Mayor/Chair) above it", "legal_basis": "LGOA 2074 s.12(2)(c)(23) 'Remove floods, landslides in the roads'; s.12(2)(c)(21)-(22); Constitution of Nepal 2072 Sch. 8 item 11 read with LGOA 2074 s.11(1) and s.11(2)(\u091f)", "source": "chirps"}}, {"type": "Feature", "geometry": {"type": "Point", "coordinates": [83.68556, 28.14452]}, "properties": {"id": "94897", "title": "Landslide at Okhreni , Phalewas Municipality-8", "state": "exceeded", "r24": 19.8, "r72": 197.6, "authority": "Rural/Urban Municipality (Ward Committee)", "office": "Ward Committee under the Ward Chair; municipal executive (Mayor/Chair) above it", "legal_basis": "LGOA 2074 s.12(2)(c)(23) 'Remove floods, landslides in the roads'; s.12(2)(c)(21)-(22); Constitution of Nepal 2072 Sch. 8 item 11 read with LGOA 2074 s.11(1) and s.11(2)(\u091f)", "source": "chirps"}}, {"type": "Feature", "geometry": {"type": "Point", "coordinates": [81.74954, 28.40214]}, "properties": {"id": "94957", "title": "Landslide at Bheriganga Municipality-5", "state": "below", "r24": 0.0, "r72": 0.0, "authority": "Rural/Urban Municipality (Ward Committee)", "office": "Ward Committee under the Ward Chair; municipal executive (Mayor/Chair) above it", "legal_basis": "LGOA 2074 s.12(2)(c)(23) 'Remove floods, landslides in the roads'; s.12(2)(c)(21)-(22); Constitution of Nepal 2072 Sch. 8 item 11 read with LGOA 2074 s.11(1) and s.11(2)(\u091f)", "source": "chirps"}}, {"type": "Feature", "geometry": {"type": "Point", "coordinates": [80.65745, 29.30167]}, "properties": {"id": "94966", "title": "Landslide at Amargadhi Municipality-11", "state": "below", "r24": 0.0, "r72": 22.7, "authority": "Rural/Urban Municipality (Ward Committee)", "office": "Ward Committee under the Ward Chair; municipal executive (Mayor/Chair) above it", "legal_basis": "LGOA 2074 s.12(2)(c)(23) 'Remove floods, landslides in the roads'; s.12(2)(c)(21)-(22); Constitution of Nepal 2072 Sch. 8 item 11 read with LGOA 2074 s.11(1) and s.11(2)(\u091f)", "source": "chirps"}}, {"type": "Feature", "geometry": {"type": "Point", "coordinates": [85.94431, 27.05642]}, "properties": {"id": "95043", "title": "Landslide at Mithila Municipality-11", "state": "exceeded", "r24": 109.8, "r72": 164.7, "authority": "Rural/Urban Municipality (Ward Committee)", "office": "Ward Committee under the Ward Chair; municipal executive (Mayor/Chair) above it", "legal_basis": "LGOA 2074 s.12(2)(c)(23) 'Remove floods, landslides in the roads'; s.12(2)(c)(21)-(22); Constitution of Nepal 2072 Sch. 8 item 11 read with LGOA 2074 s.11(1) and s.11(2)(\u091f)", "source": "chirps"}}, {"type": "Feature", "geometry": {"type": "Point", "coordinates": [84.45251, 28.11433]}, "properties": {"id": "95056", "title": "Landslide at Rainas Municipality-8", "state": "exceeded", "r24": 48.6, "r72": 218.6, "authority": "Rural/Urban Municipality (Ward Committee)", "office": "Ward Committee under the Ward Chair; municipal executive (Mayor/Chair) above it", "legal_basis": "LGOA 2074 s.12(2)(c)(23) 'Remove floods, landslides in the roads'; s.12(2)(c)(21)-(22); Constitution of Nepal 2072 Sch. 8 item 11 read with LGOA 2074 s.11(1) and s.11(2)(\u091f)", "source": "chirps"}}, {"type": "Feature", "geometry": {"type": "Point", "coordinates": [83.11864, 28.00406]}, "properties": {"id": "95071", "title": "Landslide at Dharampani, Sandhikharka Municipality-10", "state": "exceeded", "r24": 0.0, "r72": 147.5, "authority": "Rural/Urban Municipality (Ward Committee)", "office": "Ward Committee under the Ward Chair; municipal executive (Mayor/Chair) above it", "legal_basis": "LGOA 2074 s.12(2)(c)(23) 'Remove floods, landslides in the roads'; s.12(2)(c)(21)-(22); Constitution of Nepal 2072 Sch. 8 item 11 read with LGOA 2074 s.11(1) and s.11(2)(\u091f)", "source": "chirps"}}, {"type": "Feature", "geometry": {"type": "Point", "coordinates": [83.952, 27.69139]}, "properties": {"id": "95086", "title": "Landslide at Madhyabindu Municipality-11", "state": "exceeded", "r24": 32.9, "r72": 263.4, "authority": "Rural/Urban Municipality (Ward Committee)", "office": "Ward Committee under the Ward Chair; municipal executive (Mayor/Chair) above it", "legal_basis": "LGOA 2074 s.12(2)(c)(23) 'Remove floods, landslides in the roads'; s.12(2)(c)(21)-(22); Constitution of Nepal 2072 Sch. 8 item 11 read with LGOA 2074 s.11(1) and s.11(2)(\u091f)", "source": "chirps"}}, {"type": "Feature", "geometry": {"type": "Point", "coordinates": [85.00267, 27.43702]}, "properties": {"id": "95087", "title": "Landslide at Hetauda Submetropolitan City-11", "state": "exceeded", "r24": 86.9, "r72": 217.2, "authority": "Rural/Urban Municipality (Ward Committee)", "office": "Ward Committee under the Ward Chair; municipal executive (Mayor/Chair) above it", "legal_basis": "LGOA 2074 s.12(2)(c)(23) 'Remove floods, landslides in the roads'; s.12(2)(c)(21)-(22); Constitution of Nepal 2072 Sch. 8 item 11 read with LGOA 2074 s.11(1) and s.11(2)(\u091f)", "source": "chirps"}}, {"type": "Feature", "geometry": {"type": "Point", "coordinates": [84.27161, 28.01037]}, "properties": {"id": "95105", "title": "Landslide at Vyas Municipality-10", "state": "exceeded", "r24": 34.6, "r72": 190.3, "authority": "Rural/Urban Municipality (Ward Committee)", "office": "Ward Committee under the Ward Chair; municipal executive (Mayor/Chair) above it", "legal_basis": "LGOA 2074 s.12(2)(c)(23) 'Remove floods, landslides in the roads'; s.12(2)(c)(21)-(22); Constitution of Nepal 2072 Sch. 8 item 11 read with LGOA 2074 s.11(1) and s.11(2)(\u091f)", "source": "chirps"}}, {"type": "Feature", "geometry": {"type": "Point", "coordinates": [83.63891, 28.11439]}, "properties": {"id": "95165", "title": "Landslide at Phalewas Municipality-11", "state": "exceeded", "r24": 18.1, "r72": 181.2, "authority": "Rural/Urban Municipality (Ward Committee)", "office": "Ward Committee under the Ward Chair; municipal executive (Mayor/Chair) above it", "legal_basis": "LGOA 2074 s.12(2)(c)(23) 'Remove floods, landslides in the roads'; s.12(2)(c)(21)-(22); Constitution of Nepal 2072 Sch. 8 item 11 read with LGOA 2074 s.11(1) and s.11(2)(\u091f)", "source": "chirps"}}, {"type": "Feature", "geometry": {"type": "Point", "coordinates": [84.43437, 27.91916]}, "properties": {"id": "95185", "title": "Landslide at Aanbookhaireni Rural Municipality-1", "state": "approaching", "r24": 31.4, "r72": 157.1, "authority": "Rural/Urban Municipality (Ward Committee)", "office": "Ward Committee under the Ward Chair; municipal executive (Mayor/Chair) above it", "legal_basis": "LGOA 2074 s.12(2)(c)(23) 'Remove floods, landslides in the roads'; s.12(2)(c)(21)-(22); Constitution of Nepal 2072 Sch. 8 item 11 read with LGOA 2074 s.11(1) and s.11(2)(\u091f)", "source": "chirps"}}, {"type": "Feature", "geometry": {"type": "Point", "coordinates": [83.64214, 28.38159]}, "properties": {"id": "95217", "title": "Landslide at Annapurna Rural Municipality-8", "state": "exceeded", "r24": 0.0, "r72": 180.7, "authority": "Rural/Urban Municipality (Ward Committee)", "office": "Ward Committee under the Ward Chair; municipal executive (Mayor/Chair) above it", "legal_basis": "LGOA 2074 s.12(2)(c)(23) 'Remove floods, landslides in the roads'; s.12(2)(c)(21)-(22); Constitution of Nepal 2072 Sch. 8 item 11 read with LGOA 2074 s.11(1) and s.11(2)(\u091f)", "source": "chirps"}}, {"type": "Feature", "geometry": {"type": "Point", "coordinates": [84.76122, 28.49627]}, "properties": {"id": "95235", "title": "Landslide at Chum Nubri Rural Municipality-4", "state": "approaching", "r24": 50.2, "r72": 150.7, "authority": "Rural/Urban Municipality (Ward Committee)", "office": "Ward Committee under the Ward Chair; municipal executive (Mayor/Chair) above it", "legal_basis": "LGOA 2074 s.12(2)(c)(23) 'Remove floods, landslides in the roads'; s.12(2)(c)(21)-(22); Constitution of Nepal 2072 Sch. 8 item 11 read with LGOA 2074 s.11(1) and s.11(2)(\u091f)", "source": "chirps"}}, {"type": "Feature", "geometry": {"type": "Point", "coordinates": [81.74011, 28.62729]}, "properties": {"id": "95324", "title": "Landslide at Tymke , Birendranagar Municipality-16", "state": "below", "r24": 0.0, "r72": 0.0, "authority": "Rural/Urban Municipality (Ward Committee)", "office": "Ward Committee under the Ward Chair; municipal executive (Mayor/Chair) above it", "legal_basis": "LGOA 2074 s.12(2)(c)(23) 'Remove floods, landslides in the roads'; s.12(2)(c)(21)-(22); Constitution of Nepal 2072 Sch. 8 item 11 read with LGOA 2074 s.11(1) and s.11(2)(\u091f)", "source": "chirps"}}, {"type": "Feature", "geometry": {"type": "Point", "coordinates": [84.41459, 27.93393]}, "properties": {"id": "95366", "title": "Landslide at Bandipur Rural Municipality-4", "state": "approaching", "r24": 31.4, "r72": 157.1, "authority": "Rural/Urban Municipality (Ward Committee)", "office": "Ward Committee under the Ward Chair; municipal executive (Mayor/Chair) above it", "legal_basis": "LGOA 2074 s.12(2)(c)(23) 'Remove floods, landslides in the roads'; s.12(2)(c)(21)-(22); Constitution of Nepal 2072 Sch. 8 item 11 read with LGOA 2074 s.11(1) and s.11(2)(\u091f)", "source": "chirps"}}, {"type": "Feature", "geometry": {"type": "Point", "coordinates": [85.81298, 26.88482]}, "properties": {"id": "95389", "title": "Landslide at Kalapani , Aurahi Municipality-2", "state": "exceeded", "r24": 89.1, "r72": 163.3, "authority": "Rural/Urban Municipality (Ward Committee)", "office": "Ward Committee under the Ward Chair; municipal executive (Mayor/Chair) above it", "legal_basis": "LGOA 2074 s.12(2)(c)(23) 'Remove floods, landslides in the roads'; s.12(2)(c)(21)-(22); Constitution of Nepal 2072 Sch. 8 item 11 read with LGOA 2074 s.11(1) and s.11(2)(\u091f)", "source": "chirps"}}]}